0.0,0.0,0.0,0.008176088333129883
-1.004,-0.632,2.044,0.4148900508880615
-1.056,-0.64,2.044,0.8166131973266602
-0.996,-0.628,2.044,1.2183780670166016
-0.88,-0.672,2.044,1.6200950145721436
-0.928,-0.704,2.044,2.0218300819396973
-0.904,-0.672,2.044,2.423565149307251
-0.776,-0.512,2.044,2.8252711296081543
-0.808,-0.5,2.044,3.2269511222839355
-0.868,-0.728,2.044,3.6404521465301514
-1.024,-0.644,2.044,4.042334079742432
-1.02,-0.572,2.044,4.444085121154785
-1.012,-0.608,2.044,4.8476481437683105
-1.04,-0.388,2.044,5.249544143676758
-1.104,-0.564,2.044,5.651421070098877
-1.152,-0.628,2.044,6.053317070007324
-1.236,-0.58,2.044,6.4550909996032715
-1.024,-0.616,2.044,6.856811046600342
-1.008,-0.48,2.044,7.258522987365723
-1.156,-0.584,2.044,7.660044193267822
-1.172,-0.704,2.044,8.06172513961792
-1.22,-0.592,2.044,8.463232040405273
-1.06,-0.532,2.044,8.864683151245117
-1.26,-0.668,2.044,9.266245126724243
-1.272,-0.832,2.044,9.667935132980347
-1.2,-0.704,2.044,10.06970500946045
-1.208,-0.66,2.044,10.471379041671753
-1.192,-0.668,2.044,10.873334169387817
-1.156,-0.628,2.044,11.275231122970581
-1.168,-0.776,2.044,11.676939010620117
-1.144,-0.652,2.044,12.078806161880493
-1.212,-0.752,2.044,12.480691194534302
-1.164,-0.7,2.044,12.882439136505127
-1.16,-0.668,2.044,13.284065008163452
-1.188,-0.772,2.044,13.685671091079712
-0.984,-0.656,2.044,14.087512016296387
-1.132,-0.576,2.044,14.48920202255249
-1.024,-0.708,2.044,14.890844106674194
-1.076,-0.644,2.044,15.292529106140137
-1.08,-0.724,2.044,15.694383144378662
-1.068,-0.716,2.044,16.096322059631348
-0.92,-0.628,2.044,16.498165130615234
-1.176,-0.752,2.044,16.899681091308594
-0.94,-0.912,2.044,17.30146598815918
-0.768,-0.96,2.044,17.703015089035034
-0.832,-0.936,2.044,18.10451316833496
-0.82,-0.868,2.044,18.50618004798889
-0.828,-0.852,2.044,18.907705068588257
-0.84,-0.948,2.044,19.309149026870728
-0.856,-0.864,2.044,19.710747003555298
-0.772,-1.224,1.992,20.112587213516235
-0.756,-0.716,2.044,20.514393091201782
-1.116,-0.956,2.044,22.376466035842896
-1.088,-0.864,2.044,22.77820611000061
-0.692,-0.264,2.044,23.18005609512329
-0.836,-0.576,2.044,23.5817391872406
-1.428,-0.688,2.044,23.98336410522461
-1.204,-0.2,1.936,24.3849880695343
-0.932,-0.272,2.044,24.786837100982666
-1.068,-0.544,2.044,25.188505172729492
-0.984,-0.468,2.044,25.590113162994385
-1.08,-0.56,2.044,25.99199104309082
-1.032,-0.508,2.044,26.39375114440918
-1.072,-0.456,2.044,26.795400142669678
-1.004,-0.592,2.044,27.197007179260254
-0.872,-0.612,2.044,27.598851203918457
-0.912,-0.432,2.044,28.000566005706787
-1.092,-0.672,2.044,28.40207600593567
-1.084,-0.712,2.044,28.80325698852539
-0.984,-0.42,2.044,29.204936027526855
-1.04,-0.652,2.044,29.606544017791748
-0.968,-0.54,2.044,30.008023023605347
-1.092,-0.592,2.044,30.409613132476807
-0.98,-0.62,2.044,30.811463117599487
-1.064,-0.636,2.044,31.21318507194519
-1.052,-0.612,2.044,31.614804983139038
-1.052,-0.592,2.044,32.0166711807251
-1.06,-0.66,2.044,32.41835403442383
-1.036,-0.704,2.044,32.81997108459473
-1.032,-0.712,2.044,33.22156810760498
-1.028,-0.74,2.044,33.62345099449158
-0.988,-0.748,2.044,34.025137186050415
-0.96,-0.688,2.044,34.427056074142456
-0.912,-0.62,2.044,34.82878613471985
-1.008,-0.652,2.044,35.230632066726685
-0.992,-0.744,2.044,35.632320165634155
-1.028,-0.732,2.044,36.03394412994385
-0.928,-0.6,2.044,36.435559034347534
-0.868,-0.736,2.044,36.8374080657959
-1.016,-0.768,2.044,37.23910903930664
-0.94,-0.768,2.044,37.640812158584595
-0.976,-0.732,2.044,38.042665004730225
-1.02,-0.632,2.044,38.44435405731201
-1.032,-0.924,2.044,38.84597110748291
-1.132,-0.784,2.044,39.24757719039917
-1.06,-0.776,2.044,39.6494140625
-1.112,-0.7,2.044,40.05098915100098
-1.168,-0.752,2.044,40.452491998672485
-1.184,-0.608,2.044,40.85395812988281
-1.3,-0.764,2.044,41.25563907623291
-1.392,-0.624,2.044,41.65738320350647
-1.336,-0.688,2.044,42.05894112586975
-1.124,-0.56,2.044,42.46041417121887
-1.076,-0.464,2.044,42.862115144729614
-1.224,-0.584,2.044,43.26370620727539
-1.284,-0.66,2.044,43.66517114639282
-1.216,-0.528,2.044,44.066861152648926
-1.284,-0.7,2.044,44.468518018722534
-1.336,-0.816,2.044,44.87015509605408
-1.14,-0.672,2.044,45.27175307273865
-1.232,-0.752,2.044,45.67358899116516
-1.18,-0.796,2.044,46.075268030166626
-1.044,-0.768,2.044,46.47694802284241
-1.208,-0.668,2.044,46.87859606742859
-1.14,-0.588,2.044,47.28044414520264
-1.224,-0.644,2.044,47.6821391582489
-1.352,-0.792,2.044,48.08381509780884
-1.148,-0.568,2.044,48.48557901382446
-1.204,-0.44,2.044,48.88744401931763
-1.208,-0.46,2.044,49.289098024368286
-1.464,-0.512,2.044,49.69072413444519
-1.268,-0.356,2.044,50.09255909919739
-0.94,-0.444,2.044,50.49424409866333
-1.224,-0.552,2.044,50.89586114883423
-1.264,-0.752,2.044,51.29746603965759
-1.256,-0.764,2.044,51.69930410385132
-1.224,-0.748,2.044,52.10090517997742
-1.216,-0.768,2.044,52.50236511230469
-1.124,-0.548,2.044,52.903918981552124
-1.044,-0.652,2.044,53.3056321144104
-1.028,-0.54,2.044,53.70717716217041
-0.912,-0.664,2.044,54.10864806175232
-1.084,-0.668,2.044,54.51033806800842
-1.028,-0.604,2.044,54.91200017929077
-1.044,-0.72,2.044,55.31360220909119
-1.092,-0.712,2.044,55.715211153030396
-1.108,-0.676,2.044,56.117045164108276
-0.952,-0.7,2.044,56.51879811286926
-1.2,-0.572,2.044,56.92045211791992
-1.056,-0.824,2.044,57.32208204269409
-1.096,-0.808,2.044,57.723982095718384
-1.148,-0.92,2.044,58.12564706802368
-0.972,-1.016,2.044,58.5272650718689
-1.076,-0.836,2.044,58.92890501022339
-1.088,-0.88,2.044,59.33074498176575
-1.0,-0.672,2.044,60.106943130493164
-1.008,-0.748,2.044,60.50881099700928
-0.872,-0.672,2.044,60.91051006317139
-0.668,-0.676,2.044,61.312132120132446
-0.792,-0.736,2.044,61.71385312080383
-0.776,-0.648,2.044,62.115713119506836
-0.856,-0.8,2.044,62.51737403869629
-0.844,-0.66,2.044,62.9189829826355
-0.9,-0.772,2.044,63.3205840587616
-1.024,-0.688,2.044,63.722469091415405
-0.968,-0.66,2.044,64.12417912483215
-0.948,-0.624,2.044,64.525710105896
-1.008,-0.624,2.044,64.92733311653137
-1.024,-0.756,2.044,65.32904005050659
-1.048,-0.636,2.044,65.7305691242218
-0.976,-0.66,2.044,66.13202404975891
-1.064,-0.756,2.044,66.53369402885437
-1.02,-0.66,2.044,66.93522906303406
-0.94,-0.7,2.044,67.33685398101807
-0.972,-0.672,2.044,67.73842000961304
-1.14,-0.544,2.044,68.14010810852051
-1.108,-0.696,2.044,68.54160714149475
-1.036,-0.74,2.044,68.94305109977722
-1.164,-0.848,2.044,69.34449315071106
-1.048,-0.916,2.044,69.74624419212341
-1.092,-0.968,2.044,70.1479070186615
-1.14,-0.936,2.044,70.5495240688324
-1.172,-1.26,2.044,70.95121312141418
-1.04,-1.136,2.044,71.35307002067566
-1.032,-1.412,2.044,71.75476717948914
-1.02,-1.144,2.044,72.1563811302185
-1.06,-0.936,2.044,72.55821108818054
-0.972,-0.796,2.044,72.95991015434265
-1.012,-0.612,2.044,73.36152815818787
-1.016,-0.66,2.044,73.76317405700684
-1.06,-0.628,2.044,74.16500210762024
-1.088,-0.592,2.044,74.56666612625122
-0.988,-0.772,2.044,74.96827006340027
-1.028,-0.644,2.044,75.3698661327362
-0.956,-0.724,2.044,75.77151417732239
-0.948,-0.644,2.044,76.17310309410095
-0.888,-0.616,2.044,76.5747880935669
-0.872,-0.668,2.044,76.97629904747009
-0.828,-0.636,2.044,77.37800812721252
-0.928,-0.716,2.044,77.77953815460205
-0.864,-0.556,2.044,78.18099117279053
-0.984,-0.836,2.044,78.58264803886414
-1.0,-0.932,2.044,78.98417019844055
-1.012,-0.996,2.044,79.38562107086182
-1.02,-0.948,2.044,79.78720617294312
-0.608,-0.2,2.044,80.18905210494995
-1.052,-0.904,2.044,80.59071707725525
-1.184,-0.96,2.044,80.99232316017151
-1.012,-0.1,2.044,81.39402413368225
-0.972,-0.664,2.044,81.79588603973389
-0.924,-0.644,2.044,82.19756412506104
-0.9,-0.58,2.044,82.59916114807129
-0.908,-0.592,2.044,83.00076413154602
-0.892,-0.548,2.044,83.40260314941406
-0.932,-0.564,2.044,83.80428409576416
-0.88,-0.516,2.044,84.20589208602905
-0.996,-0.628,2.044,84.60773205757141
-1.048,-0.684,2.044,85.00942206382751
-1.04,-0.744,2.044,85.41103506088257
-0.84,-0.356,2.044,85.8126380443573
-0.988,-0.668,2.044,86.21447706222534
-0.956,-0.636,2.044,86.61617517471313
-0.872,-0.544,2.044,87.01791310310364
-0.916,-0.648,2.044,87.41953802108765
-0.92,-0.604,2.044,87.82124304771423
-0.912,-0.652,2.044,88.22279620170593
-0.88,-0.676,2.044,88.62424421310425
-0.888,-0.732,2.044,89.02569103240967
-0.92,-0.696,2.044,89.42735719680786
-0.852,-0.7,2.044,89.82902503013611
-0.864,-0.712,2.044,90.230633020401
-0.928,-0.704,2.044,90.63246607780457
-0.888,-0.828,2.044,91.03415608406067
-0.924,-0.636,2.044,91.4357750415802
-0.764,-0.728,2.044,91.83737802505493
-0.86,-0.7,2.044,92.23925614356995
-0.844,-0.776,2.044,92.64097714424133
-0.896,-0.632,2.044,93.04261898994446
-0.828,-0.676,2.044,93.44422316551208
-0.892,-0.76,2.044,93.84606599807739
-0.868,-0.64,2.044,94.24774599075317
-0.96,-0.748,2.044,94.64934515953064
-1.044,-0.764,2.044,95.05117607116699
-0.908,-0.776,2.044,95.45288300514221
-1.004,-0.724,2.044,95.85450720787048
-0.816,-0.784,2.044,96.25616908073425
-0.776,-0.484,2.044,96.65801119804382
-0.84,-0.728,2.044,97.05969309806824
-0.792,-0.768,2.044,97.46129417419434
-0.888,-0.804,2.044,97.86298608779907
-0.876,-0.82,2.044,98.26485800743103
-0.936,-0.844,2.044,98.66656017303467
-0.804,-0.796,2.044,99.06818699836731
-0.78,-0.812,2.044,99.46979999542236
-0.788,-0.796,2.044,99.87170004844666
-0.692,-0.968,2.044,100.27326607704163
-0.544,-0.828,2.044,100.67481899261475
-0.676,-0.928,2.044,101.07654404640198
-0.656,-1.06,2.044,101.47813820838928
-0.36,-0.824,2.044,101.87963700294495
-0.576,-0.84,2.044,102.28108620643616
-0.46,-0.732,2.044,102.68274116516113
-0.48,-0.776,2.044,103.08425712585449
-0.42,-0.744,2.044,103.48572516441345
-0.424,-0.832,2.044,103.88736701011658
-0.584,-0.744,2.044,104.28906321525574
-0.62,-0.584,2.044,104.69058012962341
-0.764,-0.584,2.044,105.09220910072327
-0.836,-0.664,2.044,105.49380898475647
-0.848,-0.668,2.044,105.89565110206604
-0.796,-0.608,2.044,106.29733300209045
-0.9,-0.632,2.044,106.69893407821655
-0.852,-0.72,2.044,107.10076713562012
-0.972,-0.704,2.044,107.50243902206421
-1.072,-0.62,2.044,107.90405106544495
-1.044,-0.548,2.044,108.30565118789673
-1.248,-0.808,2.044,108.70747900009155
-0.928,-0.6,2.044,109.10918402671814
-1.208,-0.108,2.044,109.51086521148682
-0.94,-0.436,2.044,109.91273903846741
-1.068,-0.644,2.044,110.31461715698242
-1.18,-0.724,2.044,110.71630215644836
-1.204,-0.46,2.044,111.11791014671326
-1.164,-0.524,2.044,111.51945209503174
-1.284,-0.568,2.044,111.92111611366272
-1.512,-0.596,2.044,112.32265901565552
-1.344,-0.632,2.044,112.72411704063416
-1.572,-0.468,2.044,113.12579011917114
-1.332,-0.472,2.044,113.52730202674866
-1.464,-0.252,2.044,113.92875409126282
-1.364,-0.604,2.044,114.33019709587097
-1.46,-0.564,2.044,114.73201608657837
-1.448,-0.424,2.044,115.13368916511536
-1.556,-0.532,2.044,115.53529000282288
-1.344,-0.528,2.044,115.93697905540466
-1.532,-0.392,2.044,116.33884716033936
-1.504,-0.324,2.044,116.74053502082825
-1.424,-0.16,2.044,117.14220309257507
-1.54,-0.044,2.044,117.54380202293396
-1.456,-0.38,2.044,117.94564700126648
-1.252,-0.2,2.044,118.34731912612915
-1.628,-0.348,2.044,118.74892711639404
-1.392,-0.448,2.044,119.15076804161072
-1.364,-0.3,2.044,119.55243611335754
-1.46,-0.444,2.044,119.95408320426941
-1.5,-0.764,2.044,120.35575914382935
-1.432,-0.608,2.044,120.75761008262634
-1.18,-0.352,2.044,121.15928220748901
-1.08,-0.376,2.044,121.56088209152222
-1.352,-0.628,2.044,121.96248316764832
-1.356,-0.372,2.044,122.36431813240051
-1.416,-0.392,2.044,122.76599311828613
-1.36,-0.804,2.044,123.16760802268982
-1.304,-0.62,2.044,123.56908702850342
-1.28,-0.848,2.044,123.9707601070404
-1.456,-0.66,2.044,124.37228012084961
-1.356,-0.84,2.044,124.77387714385986
-1.336,-0.484,2.044,125.17559099197388
-1.436,-0.672,2.044,125.57712602615356
-1.56,-0.644,2.044,125.97864413261414
-1.516,-0.384,2.044,126.38026905059814
-1.692,-0.4,2.044,126.78196310997009
-1.504,-0.384,2.044,127.1835241317749
-1.672,-0.464,2.044,127.58513617515564
-1.372,-0.488,2.044,127.9868471622467
-1.588,-0.508,2.044,128.38854503631592
-1.516,-0.552,2.044,128.7900631427765
-1.436,-0.78,2.044,129.1915500164032
-1.372,-0.748,2.044,129.59301900863647
-1.376,-0.736,2.044,129.99477910995483
-1.284,-0.72,2.044,130.39643621444702
-1.28,-0.776,2.044,130.79804015159607
-1.292,-0.556,2.044,131.19991898536682
-1.28,-0.604,2.044,131.60169911384583
-1.296,-0.564,2.044,132.00336599349976
-1.296,-0.572,2.044,132.40504813194275
-1.296,-0.596,2.044,132.8069031238556
-1.316,-0.608,2.044,133.20857310295105
-1.304,-0.588,2.044,133.6101679801941
-1.3,-0.596,2.044,134.01176619529724
-1.296,-0.592,2.044,134.41360211372375
-1.324,-0.612,2.044,134.81527519226074
-1.328,-0.576,2.044,135.21691012382507
-1.324,-0.588,2.044,135.6186101436615
-1.312,-0.588,2.044,136.02021718025208
-1.308,-0.596,2.044,136.42174816131592
-1.304,-0.596,2.044,136.82329320907593
-1.304,-0.608,2.044,137.22497606277466
-1.292,-0.588,2.044,137.62647414207458
-1.296,-0.608,2.044,138.02791714668274
-1.304,-0.6,2.044,138.42935705184937
-1.304,-0.6,2.044,138.83101320266724
-1.312,-0.596,2.044,139.23252201080322
-1.304,-0.6,2.044,139.63396501541138
-1.336,-0.576,2.044,140.03554105758667
-1.332,-0.58,2.044,140.43738412857056
-1.336,-0.58,2.044,140.83906507492065
-1.348,-0.568,2.044,141.2406702041626
-1.336,-0.584,2.044,141.64250421524048
-1.336,-0.568,2.044,142.04423713684082
-1.348,-0.568,2.044,142.4459421634674
-1.34,-0.568,2.044,142.8475821018219
-1.352,-0.576,2.044,143.24942207336426
-1.336,-0.572,2.044,143.6510841846466
-1.34,-0.56,2.044,144.0526831150055
-1.344,-0.576,2.044,144.4542841911316
-1.336,-0.584,2.044,144.85612106323242
-1.34,-0.576,2.044,145.25779700279236
-1.34,-0.564,2.044,145.65939807891846
-1.336,-0.556,2.044,146.06099319458008
-1.344,-0.576,2.044,146.46283221244812
                                                                                                                                                                                                                                                                                                                                                                                                                                                                                                                                                                                                                                                                                                                                                                                                                                                                                                                                                                                                                                                                                                                                                                                                                                                                                                                                                                                                                                                                                                                                                                                                                                                                                                                  0.0,0.0,0.0,0.006599903106689453
-1.564,-0.18,2.044,0.42023706436157227
-1.656,-0.076,2.044,0.8220319747924805
-1.792,-0.112,2.044,1.2237968444824219
-1.92,-0.144,2.044,1.6255319118499756
-1.572,0.04,2.044,2.0272819995880127
-1.7,-0.064,2.044,2.4290058612823486
-1.836,0.096,2.044,2.830718994140625
-1.536,0.356,2.044,3.232365846633911
-1.636,0.132,2.044,3.6343328952789307
-1.828,-0.016,2.044,4.036049842834473
-1.672,0.076,2.044,4.4377570152282715
-1.7,0.032,2.044,4.839437961578369
-1.608,-0.06,2.044,5.241200923919678
-1.532,-0.052,2.044,5.648782968521118
-1.712,0.0,2.044,6.076966047286987
-1.632,-0.028,2.044,6.481823921203613
-1.644,-0.044,2.044,6.883622884750366
-1.692,-0.132,2.044,7.28548789024353
-1.696,-0.144,2.044,7.687270879745483
-1.788,-0.148,2.044,8.089083909988403
-1.756,-0.084,2.044,8.490821838378906
-1.94,-0.28,2.044,8.892562866210938
-1.724,-0.128,2.044,9.294318914413452
-1.616,0.008,2.044,9.695907831192017
-1.728,-0.092,2.044,10.097396850585938
-1.62,0.04,2.044,10.499249935150146
-1.684,-0.164,2.044,10.900891065597534
-1.828,-0.136,2.044,11.302616834640503
-1.556,-0.12,2.044,11.704387903213501
-1.596,-0.136,2.044,12.106016874313354
-1.664,-0.16,2.044,12.507633924484253
-1.612,-0.116,2.044,12.909124851226807
-1.772,-0.16,2.044,13.310817003250122
-1.644,-0.028,2.044,13.71236801147461
-1.704,-0.088,2.044,14.113842964172363
-1.744,-0.072,2.044,14.515553951263428
-1.66,-0.124,2.044,14.917288064956665
-1.704,-0.16,2.044,15.318806886672974
-1.692,-0.168,2.044,15.72045087814331
-1.584,0.004,2.044,16.12207293510437
-1.804,-0.116,2.044,16.52395486831665
-1.632,-0.004,2.044,16.925627946853638
-1.744,-0.096,2.044,17.32725691795349
-1.496,0.02,2.044,17.729146003723145
-1.78,-0.152,2.044,18.130826950073242
-1.98,-0.22,2.044,18.53265404701233
-1.74,-0.148,2.044,18.93430995941162
-1.688,-0.128,2.044,19.336174964904785
-1.712,0.04,2.044,19.737932920455933
-1.664,0.004,2.044,20.139540910720825
-1.86,-0.116,2.044,20.541143894195557
-1.672,-0.024,2.044,20.943013906478882
-1.764,-0.168,2.044,21.34459900856018
-1.792,-0.16,2.044,21.746083974838257
-1.328,0.12,2.044,22.147706031799316
-2.048,-0.388,2.044,22.549407958984375
-1.852,-0.304,2.044,22.951138973236084
-1.424,-0.128,2.044,23.352810859680176
-1.84,-0.276,2.044,23.754530906677246
-1.56,-0.056,2.044,24.1561279296875
-1.872,-0.348,2.044,24.557615995407104
-1.496,-0.04,2.044,24.959053993225098
-1.436,0.048,2.044,25.36073899269104
-1.716,-0.124,2.044,25.76242184638977
-1.62,-0.1,2.044,26.164037942886353
-1.68,-0.112,2.044,26.56563901901245
-1.648,-0.164,2.044,26.96750497817993
-1.968,-0.256,2.044,27.369202852249146
-1.568,-0.084,2.044,27.77082395553589
-1.732,-0.1,2.044,28.172680854797363
-1.872,-0.216,2.044,28.57448387145996
-1.704,-0.152,2.044,28.97612500190735
-1.844,-0.26,2.044,29.37775683403015
-1.736,-0.252,2.044,29.779633045196533
-1.548,-0.216,2.044,30.181315898895264
-1.56,-0.528,2.044,30.582928895950317
-1.516,-0.1,2.044,30.984519958496094
-1.72,-0.232,2.044,31.386384963989258
-1.944,-0.2,2.044,31.788257837295532
-1.756,-0.076,2.044,32.189934968948364
-1.792,-0.112,2.044,32.5915789604187
-1.54,0.116,2.044,32.99346089363098
-1.74,0.064,2.044,33.395015001297
-1.596,0.232,2.044,33.796512842178345
-1.584,0.116,2.044,35.61175584793091
-2.048,-0.292,2.044,36.01370406150818
-1.752,-0.06,2.044,36.415380001068115
-1.68,-0.048,2.044,36.81707406044006
-1.584,0.06,2.044,37.21895694732666
-1.672,-0.032,2.044,37.62067103385925
-1.72,-0.112,2.044,38.02228593826294
-1.56,0.096,2.044,38.42391490936279
-1.54,0.076,2.044,38.82579183578491
-1.728,-0.044,2.044,39.22751593589783
-1.812,-0.284,2.044,39.6292519569397
-1.888,-0.184,2.044,40.03087782859802
-1.56,-0.088,2.044,40.43275690078735
-2.048,-0.26,2.044,40.83445191383362
-1.588,0.076,2.044,41.23608994483948
-1.608,-0.008,2.044,41.637725830078125
-1.976,-0.2,2.044,42.0396089553833
-1.816,0.068,2.044,42.44128394126892
-1.508,0.284,2.044,42.84291100502014
-1.54,0.216,2.044,43.244783878326416
-1.636,0.108,2.044,43.646496057510376
-1.652,-0.032,2.044,44.04812288284302
-1.62,-0.052,2.044,44.44972205162048
-1.684,-0.12,2.044,44.85163187980652
-1.624,-0.14,2.044,45.253270864486694
-1.624,-0.136,2.044,45.65478301048279
-1.56,-0.068,2.044,46.05624985694885
-1.9,-0.288,2.044,46.457895040512085
-1.576,-0.156,2.044,46.85950994491577
-1.64,-0.168,2.044,47.26099896430969
-1.736,-0.212,2.044,47.66245102882385
-1.68,-0.252,2.044,48.064143896102905
-1.656,-0.14,2.044,48.4657039642334
-1.948,-0.492,2.044,48.867177963256836
-1.648,-0.296,2.044,49.26887083053589
-1.616,-0.348,2.044,49.670554876327515
-1.688,-0.364,2.044,50.07209801673889
-1.556,-0.036,2.044,51.63561487197876
-1.592,-0.028,2.044,52.03734993934631
-1.612,-0.136,2.044,52.439276933670044
-1.696,0.068,2.044,52.84099793434143
-1.772,-0.316,2.044,53.24260497093201
-1.552,-0.016,2.044,53.64421200752258
-1.68,-0.092,2.044,54.04607892036438
-1.784,-0.084,2.044,54.44773983955383
-1.592,-0.044,2.044,54.849360942840576
-1.688,0.132,2.044,55.25122904777527
-1.66,-0.084,2.044,55.653197050094604
-1.544,-0.052,2.044,56.054961919784546
-1.516,-0.088,2.044,56.45658588409424
-1.56,-0.2,2.044,56.85846304893494
-1.748,-0.116,2.044,57.26002383232117
-1.764,-0.024,2.044,57.661489963531494
-1.728,-0.192,2.044,58.06294584274292
-1.648,-0.08,2.044,58.46463704109192
-1.564,-0.092,2.044,58.86617684364319
-1.572,-0.208,2.044,59.26762390136719
-1.632,-0.072,2.044,59.66908597946167
-1.836,-0.168,2.044,60.07078504562378
-1.696,-0.184,2.044,60.47229599952698
-1.612,-0.004,2.044,60.87389397621155
-1.64,-0.208,2.044,61.27579593658447
-1.576,-0.112,2.044,61.677578926086426
-1.696,-0.116,2.044,62.07921504974365
-1.576,-0.092,2.044,62.48081684112549
-1.684,-0.24,2.044,62.88269305229187
-1.56,-0.192,2.044,63.28436303138733
-1.636,-0.12,2.044,63.68614602088928
-1.732,-0.224,2.044,64.08787488937378
-1.644,-0.236,2.044,64.48976802825928
-1.54,-0.252,2.044,64.89146089553833
-1.652,-0.16,2.044,65.29306197166443
-1.628,-0.18,2.044,65.69466495513916
-1.704,-0.176,2.044,66.09653496742249
-1.704,-0.192,2.044,66.4982340335846
-1.768,-0.292,2.044,66.89995789527893
-1.616,-0.2,2.044,67.30184197425842
-1.732,-0.328,2.044,67.70356392860413
-1.696,-0.088,2.044,68.10517692565918
-1.628,-0.152,2.044,68.50701785087585
-1.7,-0.088,2.044,68.90878295898438
-1.544,-0.004,2.044,69.31029891967773
-1.708,0.052,2.044,69.71195197105408
-1.836,0.004,2.044,70.11370205879211
-1.604,0.12,2.044,70.51544690132141
-1.784,0.032,2.044,70.91717791557312
-1.78,-0.068,2.044,71.31881499290466
-1.584,0.252,2.044,71.72068285942078
-1.852,-0.06,2.044,72.12241792678833
-1.82,-0.14,2.044,72.52413296699524
-1.756,-0.196,2.044,72.92577004432678
-1.488,-0.088,2.044,73.32764506340027
-1.596,-0.16,2.044,73.7293610572815
-1.78,-0.264,2.044,74.13096785545349
-1.72,-0.084,2.044,74.53256893157959
-1.656,-0.02,2.044,74.93444204330444
-1.612,0.012,2.044,75.33610796928406
-1.584,-0.12,2.044,75.73772406578064
-1.86,-0.168,2.044,76.13931894302368
-1.812,-0.268,2.044,76.54119086265564
-1.808,-0.052,2.044,76.94290900230408
-1.588,-0.292,2.044,77.34452700614929
-1.72,-0.22,2.044,77.74641585350037
-1.748,-0.032,2.044,78.2301619052887
-1.432,0.02,2.044,78.63182783126831
-1.764,-0.188,2.044,79.03344583511353
-1.884,-0.08,2.044,79.43532204627991
-1.552,-0.248,2.044,79.8370258808136
-1.972,-0.268,2.044,80.23863983154297
-1.572,-0.172,2.044,80.64024996757507
-1.692,-0.048,2.044,81.04197692871094
-1.776,-0.272,2.044,81.44350504875183
-1.716,-0.152,2.044,81.84502291679382
-1.656,0.012,2.044,82.24672389030457
-1.72,-0.04,2.044,82.64827084541321
-1.556,-0.184,2.044,83.04972887039185
-1.568,-0.148,2.044,83.45551204681396
-1.504,-0.136,2.044,83.85720491409302
-1.792,-0.384,2.044,84.25873303413391
-1.808,0.012,2.044,84.66018486022949
-2.048,0.568,2.044,85.06161999702454
-1.268,-0.236,2.044,85.46330404281616
-1.804,-0.18,2.044,85.86499786376953
-1.74,0.024,2.044,86.26662182807922
-1.628,0.008,2.044,86.66822695732117
-1.464,-0.104,2.044,87.07010197639465
-1.776,0.068,2.044,87.47179198265076
-2.048,0.556,2.044,87.87340593338013
-1.424,-0.204,2.044,88.27527189254761
-1.44,0.288,2.044,88.67703199386597
-1.588,0.172,2.044,89.0787398815155
-1.492,-0.056,2.044,89.48039102554321
-1.672,-0.232,2.044,89.88226294517517
-1.692,-0.212,2.044,90.2839560508728
-1.452,-0.184,2.044,90.68557095527649
-1.684,-0.348,2.044,91.08716988563538
-1.984,-0.22,2.044,91.48905086517334
-1.84,-0.192,2.044,91.89073085784912
-1.204,-0.068,2.044,92.29234194755554
-2.048,0.064,2.044,92.69384503364563
-1.636,-0.152,2.044,93.0955548286438
-1.304,-0.136,2.044,93.49711203575134
-1.752,-0.484,2.044,93.8985710144043
-1.832,-0.164,2.044,94.30029797554016
-1.968,-0.048,2.044,94.70190191268921
-1.508,-0.072,2.044,95.10336899757385
-1.792,-0.472,2.044,95.50500082969666
-1.416,-0.364,2.044,95.90693187713623
-1.944,-0.1,2.044,96.30861592292786
-2.048,-0.296,2.044,96.71022987365723
-2.048,-0.08,2.044,97.11186695098877
-1.688,-0.24,2.044,97.51374793052673
-1.38,-0.152,2.044,97.91542506217957
-1.352,0.02,2.044,98.31702184677124
-1.64,-0.116,2.044,98.71865105628967
-1.304,-0.288,2.044,99.12053394317627
-1.708,-0.568,2.044,99.52226901054382
-1.548,-0.148,2.044,99.92391705513
-1.592,-0.12,2.044,100.32580804824829
-1.72,-0.436,2.044,100.72755193710327
-1.936,-0.22,2.044,101.12925601005554
-1.76,-0.22,2.044,101.53090190887451
-1.448,-0.12,2.044,101.93278002738953
-1.552,-0.272,2.044,102.33447694778442
-1.608,-0.348,2.044,102.73609590530396
-1.58,-0.352,2.044,103.13769793510437
-1.848,-0.308,2.044,103.5395839214325
-1.856,-0.212,2.044,103.94125890731812
-1.584,-0.264,2.044,104.34286999702454
-1.556,-0.268,2.044,104.7443699836731
-1.332,0.08,2.044,105.14606499671936
-2.048,-0.172,2.044,105.54769992828369
-1.036,0.072,2.044,105.94936800003052
-2.048,-0.068,2.044,106.35109996795654
-1.668,-0.316,2.044,106.7526638507843
-1.708,-0.26,2.044,107.15412092208862
-1.532,-0.324,2.044,107.55557298660278
-2.048,-0.076,2.044,107.95725584030151
-1.936,-0.396,2.044,108.35877895355225
-1.544,-0.32,2.044,108.76039004325867
-1.836,-0.36,2.044,109.16188287734985
-1.688,-0.624,2.044,109.56358289718628
-1.424,-0.48,2.044,109.96509099006653
-1.86,-0.152,2.044,110.366534948349
-1.264,-0.272,2.044,110.76813793182373
-1.948,-0.188,2.044,111.16998100280762
-1.46,-0.28,2.044,111.57167792320251
-1.568,-0.144,2.044,111.9732928276062
-1.944,-0.268,2.044,112.37516283988953
-1.812,-0.284,2.044,112.77697992324829
-1.66,-0.196,2.044,113.17859601974487
-1.6,-0.276,2.044,113.5802059173584
-1.58,-0.376,2.044,113.9820818901062
-1.804,-0.116,2.044,114.38378405570984
-1.6,-0.308,2.044,114.78540587425232
-1.896,-0.184,2.044,115.18700385093689
-2.048,-0.16,2.044,115.58889889717102
-1.94,-0.004,2.044,115.99059891700745
-1.844,-0.32,2.044,116.3922438621521
-1.708,-0.696,2.044,116.79397797584534
-0.84,-0.576,2.044,117.1956000328064
-1.752,-0.5,2.044,117.59707283973694
-1.632,-0.332,2.044,117.99858283996582
-1.68,-0.308,2.044,118.40026783943176
-1.952,-0.332,2.044,118.80179595947266
-1.7,-0.432,2.044,119.2032380104065
-2.048,-0.108,2.044,119.60469698905945
-2.048,-0.396,2.044,120.00638794898987
-1.82,-0.504,2.044,120.40790390968323
-1.812,-0.352,2.044,120.80949091911316
-1.724,-0.244,2.044,121.21108984947205
-1.4,-0.284,2.044,121.61296105384827
-1.932,-0.152,2.044,122.01475787162781
-1.688,-0.304,2.044,122.41645884513855
-2.048,-0.36,2.044,122.81828093528748
-1.9,-0.42,2.044,123.21996903419495
-1.32,-0.332,2.044,123.6215980052948
-1.932,-0.08,2.044,124.02319502830505
-1.58,-0.208,2.044,124.42505598068237
-1.34,0.212,2.044,124.82675385475159
-1.936,-0.456,2.044,125.22836589813232
-1.76,-0.276,2.044,125.62997198104858
-1.48,-0.14,2.044,126.03184390068054
-1.544,-0.332,2.044,126.43352890014648
-1.508,-0.416,2.044,126.83514285087585
-1.992,0.004,2.044,127.23674297332764
-1.804,-0.14,2.044,127.63864493370056
-1.364,-0.324,2.044,128.04033184051514
-1.928,-0.268,2.044,128.44215202331543
-0.592,-0.02,2.044,128.84393405914307
-2.048,-0.048,2.044,129.2454879283905
-1.52,-0.248,2.044,129.64715600013733
-1.772,-0.016,2.044,130.04892492294312
-1.704,-0.18,2.044,130.45066905021667
-1.928,-0.216,2.044,130.85236406326294
-1.72,-0.168,2.044,131.25399494171143
-1.628,-0.148,2.044,131.65563893318176
-1.532,-0.216,2.044,132.05752897262573
-1.552,-0.136,2.044,132.45922899246216
-1.668,-0.112,2.044,132.8608820438385
-1.412,-0.148,2.044,133.26256799697876
-1.848,-0.012,2.044,133.66445302963257
-1.4,-0.192,2.044,134.06612396240234
-1.344,-0.136,2.044,134.46773099899292
-1.6,0.068,2.044,134.8696050643921
-1.72,-0.188,2.044,135.2712960243225
-1.676,-0.088,2.044,135.67291402816772
-1.98,-0.128,2.044,136.07450890541077
-1.7,-0.232,2.044,136.47638583183289
-1.624,-0.288,2.044,136.87818789482117
-1.796,-0.24,2.044,137.27986001968384
-1.664,-0.232,2.044,137.6815378665924
-1.768,-0.244,2.044,138.08341884613037
-1.812,-0.144,2.044,138.48521184921265
-1.764,-0.224,2.044,138.88694500923157
-1.852,-0.228,2.044,139.2885549068451
-1.844,-0.22,2.044,139.6904308795929
-1.924,-0.136,2.044,140.09210395812988
-1.704,-0.22,2.044,140.49364590644836
-1.832,-0.264,2.044,140.8952829837799
-1.704,-0.288,2.044,141.29679894447327
-1.78,-0.168,2.044,141.69836497306824
-1.668,-0.016,2.044,142.0998158454895
-1.996,0.076,2.044,142.50151085853577
-1.492,0.132,2.044,142.90301895141602
-1.324,0.076,2.044,143.30446195602417
-2.048,-0.176,2.044,143.70592093467712
-1.844,-0.108,2.044,144.1076259613037
-1.92,-0.1,2.044,144.509192943573
-2.048,-0.26,2.044,144.91064286231995
-1.444,-0.224,2.044,145.31208205223083
-1.38,-0.256,2.044,145.7139208316803
-1.416,-0.2,2.044,146.11559891700745
-1.272,-0.048,2.044,146.5172140598297
-1.292,-0.124,2.044,146.91909289360046
-1.276,-0.24,2.044,147.32077383995056
-2.048,-0.148,2.044,147.72238683700562
-1.268,-0.272,2.044,148.12398290634155
-1.892,-0.272,2.044,148.52585887908936
-2.048,-0.092,2.044,148.92752885818481
-2.02,-0.356,2.044,149.32916402816772
-1.316,-0.34,2.044,149.7308578491211
-1.488,-0.352,2.044,150.13273787498474
-1.704,-0.248,2.044,150.53445506095886
-1.62,-0.248,2.044,150.9361448287964
-1.9,-0.196,2.044,151.33811497688293
-1.708,-0.24,2.044,151.73984789848328
-1.596,-0.416,2.044,152.1414909362793
-1.616,-0.492,2.044,152.54300093650818
-1.712,-0.448,2.044,152.9447009563446
-1.784,-0.24,2.044,153.34638500213623
-1.532,-0.316,2.044,153.7479100227356
-1.592,-0.288,2.044,154.14936900138855
-1.568,-0.276,2.044,154.55106782913208
-1.556,-0.256,2.044,154.95259594917297
-1.592,-0.396,2.044,155.35410499572754
-1.952,-0.276,2.044,155.7557020187378
-1.388,-0.236,2.044,156.1575288772583
-1.128,-0.012,2.044,156.55924487113953
-1.328,-0.22,2.044,156.9609169960022
-1.544,0.104,2.044,157.36279296875
-1.988,-0.12,2.044,157.7645070552826
-1.456,-0.192,2.044,158.16611099243164
-1.732,-0.308,2.044,158.5677239894867
-1.376,-0.332,2.044,158.96959495544434
-1.58,-0.42,2.044,159.37140083312988
-1.472,-0.356,2.044,159.77303504943848
-1.652,-0.26,2.044,160.17466282844543
-1.976,-0.172,2.044,160.57656383514404
-1.716,-0.3,2.044,160.9782679080963
-1.584,-0.24,2.044,161.37988901138306
-1.844,-0.028,2.044,161.78149700164795
-1.688,-0.232,2.044,162.18338298797607
-1.748,-0.088,2.044,162.58509302139282
-1.596,-0.248,2.044,162.9867148399353
-1.468,-0.132,2.044,163.38858485221863
-2.044,-0.084,2.044,163.7902958393097
-1.784,-0.324,2.044,164.19203805923462
-1.588,-0.232,2.044,164.59350490570068
-1.62,-0.248,2.044,164.99530601501465
-1.576,-0.252,2.044,165.39683485031128
-1.532,-0.144,2.044,165.7984209060669
-1.688,-0.096,2.044,166.19996190071106
-1.728,-0.252,2.044,166.60166597366333
-1.64,-0.136,2.044,167.00327396392822
-1.776,-0.224,2.044,167.40475392341614
-1.572,0.016,2.044,167.80620503425598
-1.624,0.044,2.044,168.20792984962463
-1.628,-0.04,2.044,168.60948085784912
-1.588,-0.124,2.044,169.01092791557312
-1.756,-0.308,2.044,169.4126169681549
-1.636,-0.244,2.044,169.8141520023346
-1.628,-0.408,2.044,170.21559500694275
-1.732,-0.248,2.044,170.61717987060547
-1.632,-0.312,2.044,171.019052028656
-1.616,-0.428,2.044,171.4207799434662
-1.764,-0.316,2.044,171.82247495651245
-1.684,-0.348,2.044,172.22410082817078
-1.72,-0.288,2.044,172.62598490715027
-1.776,-0.196,2.044,173.02767300605774
-1.652,-0.168,2.044,173.42929196357727
-1.664,-0.352,2.044,173.83089685440063
-1.544,-0.208,2.044,174.23277688026428
-1.628,-0.292,2.044,174.63449382781982
-1.892,-0.24,2.044,175.03610587120056
-1.58,-0.332,2.044,175.43803596496582
-1.756,-0.18,2.044,175.8397479057312
-1.588,-0.08,2.044,176.2413990497589
-1.588,-0.092,2.044,176.64297795295715
-1.704,-0.136,2.044,177.04470896720886
-1.492,0.024,2.044,177.44630098342896
-1.552,-0.204,2.044,177.8478488922119
-1.548,-0.22,2.044,178.24931001663208
-1.612,-0.256,2.044,178.6510088443756
-1.712,-0.312,2.044,179.05251693725586
-1.812,-0.184,2.044,179.4540090560913
-1.556,-0.108,2.044,179.85545802116394
-1.388,-0.136,2.044,180.25714993476868
-1.812,-0.176,2.044,180.65882802009583
-1.732,-0.22,2.044,181.06050992012024
-1.62,-0.192,2.044,181.46239399909973
-1.924,-0.132,2.044,181.86410403251648
-1.616,-0.152,2.044,182.26573204994202
-1.884,0.008,2.044,182.66736483573914
-2.012,-0.144,2.044,183.0692639350891
-1.52,-0.268,2.044,183.47096490859985
-1.8,-0.296,2.044,183.87258791923523
-1.912,-0.14,2.044,184.27420091629028
-1.516,-0.26,2.044,184.67608404159546
-1.816,-0.116,2.044,185.0777609348297
-1.3,-0.252,2.044,185.4793679714203
-1.368,-0.256,2.044,185.88123297691345
-1.892,-0.272,2.044,186.28294205665588
-1.652,-0.404,2.044,186.6845588684082
-1.612,-0.176,2.044,187.08621501922607
-1.672,-0.44,2.044,187.48816394805908
-1.444,-0.264,2.044,187.88984990119934
-1.928,-0.232,2.044,188.29142904281616
-1.752,-0.352,2.044,188.69310593605042
-1.616,-0.368,2.044,189.0948429107666
-1.712,-0.34,2.044,189.49663591384888
-1.748,-0.244,2.044,189.89819598197937
-1.676,-0.412,2.044,190.29992699623108
-1.524,-0.288,2.044,190.70181488990784
-1.912,-0.32,2.044,191.10357189178467
-1.532,-0.332,2.044,191.50526690483093
-1.424,-0.428,2.044,191.90713787078857
-1.392,-0.452,2.044,192.30891585350037
-1.52,-0.348,2.044,192.71057105064392
-1.564,-0.372,2.044,193.11218094825745
-1.592,-0.42,2.044,193.51405501365662
-1.592,-0.38,2.044,193.91575694084167
-1.764,-0.412,2.044,194.31744384765625
-1.648,-0.248,2.044,194.7190818786621
-1.624,-0.388,2.044,195.12095999717712
-1.796,-0.476,2.044,195.5226800441742
-1.536,-0.452,2.044,195.9242868423462
-1.784,-0.484,2.044,196.3258810043335
-1.752,-0.54,2.044,196.72775387763977
-1.668,-0.444,2.044,197.12944388389587
-1.592,-0.396,2.044,197.53106784820557
-1.54,-0.376,2.044,197.9329390525818
-1.68,-0.356,2.044,198.33463406562805
-2.048,-0.296,2.044,198.73624396324158
-1.528,-0.084,2.044,199.13792490959167
-2.048,-0.148,2.044,199.53982496261597
-1.46,-0.2,2.044,199.94143891334534
-1.84,-0.164,2.044,200.34290194511414
-1.492,0.168,2.044,200.74448990821838
-2.048,-0.412,2.044,201.14622282981873
-2.048,-0.26,2.044,201.54780101776123
-1.508,-0.18,2.044,201.9492540359497
-2.032,-0.352,2.044,202.35075402259827
-1.42,-0.196,2.044,202.752454996109
-2.048,-0.224,2.044,203.15396404266357
-2.048,-0.212,2.044,203.55541801452637
-1.312,-0.512,2.044,203.95710682868958
-1.668,-0.5,2.044,204.35864305496216
-1.628,-0.24,2.044,204.76012682914734
-1.456,-0.46,2.044,205.1616280078888
-1.78,-0.216,2.044,205.56348204612732
-1.788,-0.232,2.044,205.96515583992004
-2.048,-0.216,2.044,206.3667619228363
-1.624,-0.044,2.044,206.76836895942688
-1.636,-0.2,2.044,207.170254945755
-1.684,-0.244,2.044,207.57196688652039
-1.676,-0.156,2.044,207.97358083724976
-1.78,-0.164,2.044,208.37518000602722
-1.544,-0.08,2.044,208.77705788612366
-1.908,-0.14,2.044,209.17873787879944
-1.552,-0.292,2.044,209.58035683631897
-1.552,0.076,2.044,209.98223495483398
-1.552,-0.28,2.044,210.38397192955017
-1.632,-0.344,2.044,210.7856729030609
-1.572,-0.344,2.044,211.18728494644165
-1.636,-0.368,2.044,211.58916902542114
-1.548,-0.212,2.044,211.99075603485107
-1.564,-0.212,2.044,212.3922300338745
-1.52,-0.2,2.044,212.793683052063
-1.5,-0.3,2.044,213.19536995887756
-1.712,-0.34,2.044,213.59692001342773
-1.692,-0.172,2.044,213.99837398529053
-1.544,-0.116,2.044,214.399817943573
-1.784,-0.232,2.044,214.80150985717773
-1.592,-0.196,2.044,215.2030189037323
-1.528,-0.36,2.044,215.60460305213928
-1.584,-0.316,2.044,216.00650691986084
-1.584,-0.348,2.044,216.40826988220215
-1.704,-0.288,2.044,216.8099160194397
-1.932,-0.124,2.044,217.21154499053955
-1.596,-0.324,2.044,217.61342597007751
-1.764,-0.288,2.044,218.01514196395874
-1.76,-0.224,2.044,218.41674900054932
-1.724,-0.216,2.044,218.81837606430054
-1.776,-0.172,2.044,219.2202548980713
-1.592,-0.356,2.044,219.62199997901917
-1.844,-0.276,2.044,220.02366399765015
-1.68,-0.296,2.044,220.42580890655518
-1.82,-0.208,2.044,220.82771587371826
-1.984,-0.208,2.044,221.2294578552246
-1.888,-0.236,2.044,221.6312448978424
-1.524,-0.288,2.044,222.03313899040222
-1.556,-0.26,2.044,222.43488788604736
-1.772,-0.096,2.044,222.8365249633789
-1.84,-0.136,2.044,223.23814296722412
-1.756,-0.268,2.044,223.64001989364624
-1.916,-0.26,2.044,224.04159784317017
-1.948,-0.284,2.044,224.4432189464569
-1.708,-0.216,2.044,224.84474205970764
-1.716,-0.352,2.044,225.24644303321838
-1.668,-0.392,2.044,225.648010969162
-1.5,-0.324,2.044,226.04961585998535
-1.808,-0.324,2.044,226.45147705078125
-1.608,-0.468,2.044,226.853257894516
-1.644,-0.34,2.044,227.25499391555786
-1.58,-0.336,2.044,227.65679383277893
-1.724,-0.212,2.044,228.05879402160645
-1.864,-0.268,2.044,228.4604790210724
-1.52,-0.404,2.044,228.86210298538208
-1.5,-0.4,2.044,229.26370286941528
-1.86,-0.068,2.044,229.66558003425598
-1.396,-0.544,2.044,230.06727385520935
-2.032,-0.128,2.044,230.46888399124146
-1.56,-0.364,2.044,230.8704960346222
-1.472,-0.264,2.044,231.27237606048584
-1.68,-0.216,2.044,231.6740779876709
-1.684,-0.132,2.044,232.0756938457489
-1.808,-0.216,2.044,232.47758197784424
-1.852,-0.096,2.044,232.87930989265442
-1.996,-0.124,2.044,233.280925989151
-1.992,-0.208,2.044,233.6825258731842
-2.048,-0.048,2.044,234.0843939781189
-1.856,-0.152,2.044,234.48610591888428
-1.904,-0.156,2.044,234.88772583007812
-1.856,-0.232,2.044,235.28963804244995
-1.592,-0.2,2.044,235.691419839859
-1.548,-0.164,2.044,236.0929639339447
-1.832,0.052,2.044,236.4944269657135
-1.56,-0.268,2.044,236.89587688446045
-1.74,-0.092,2.044,237.2975778579712
-1.576,-0.224,2.044,237.699147939682
-1.596,-0.188,2.044,238.10067987442017
-1.576,-0.224,2.044,238.50237894058228
-1.644,-0.136,2.044,238.90390491485596
-1.816,-0.4,2.044,239.3053469657898
-1.468,-0.336,2.044,239.70679092407227
-1.64,-0.308,2.044,240.1084840297699
-1.708,-0.288,2.044,240.51016783714294
-1.54,-0.328,2.044,240.91178798675537
-1.8,-0.444,2.044,241.31338500976562
-1.7,-0.552,2.044,241.71527194976807
-1.576,-0.428,2.044,242.11698484420776
-1.588,-0.508,2.044,242.51860904693604
-1.616,-0.484,2.044,242.92021298408508
-1.696,-0.488,2.044,243.32212805747986
-1.504,-0.38,2.044,243.72390484809875
-1.684,-0.588,2.044,244.12554502487183
-1.728,-0.516,2.044,244.5274260044098
-1.732,-0.552,2.044,244.9291079044342
-1.58,-0.46,2.044,245.33071184158325
-1.644,-0.524,2.044,245.73231291770935
-1.7,-0.556,2.044,246.13418889045715
-1.548,-0.66,2.044,246.53588604927063
-1.684,-0.232,2.044,246.9375
-1.416,-0.548,2.044,247.33910393714905
-1.564,-0.292,2.044,247.7408368587494
-1.224,-0.216,2.044,248.1423659324646
-1.74,-0.236,2.044,248.54399394989014
-1.652,-0.16,2.044,248.94554495811462
-1.504,-0.184,2.044,249.34726285934448
-1.848,-0.244,2.044,249.7489459514618
-2.044,-0.1,2.044,250.15069198608398
-1.876,-0.012,2.044,250.5525839328766
-2.048,0.144,2.044,250.95427989959717
-1.896,-0.084,2.044,251.35589003562927
-1.464,-0.256,2.044,251.75753784179688
-1.456,-0.288,2.044,252.1594319343567
-1.58,-0.244,2.044,252.56113004684448
-1.78,-0.044,2.044,252.96276187896729
-1.692,-0.148,2.044,253.36436700820923
-1.516,0.048,2.044,253.76624393463135
-1.788,0.148,2.044,254.1679880619049
-1.572,0.004,2.044,254.56970191001892
-1.724,-0.124,2.044,254.9713418483734
-1.548,-0.144,2.044,255.37322092056274
-1.7,-0.252,2.044,255.7749228477478
-1.524,-0.248,2.044,256.1765320301056
-1.612,-0.22,2.044,256.5784070491791
-1.856,-0.26,2.044,256.9801049232483
-1.544,-0.328,2.044,257.3817648887634
-1.688,-0.356,2.044,257.7833960056305
-1.704,-0.328,2.044,258.185271024704
-1.936,-0.18,2.044,258.58700585365295
-1.536,-0.292,2.044,258.98862886428833
-1.628,-0.18,2.044,259.39023089408875
-1.772,-0.308,2.044,259.79199504852295
-1.76,-0.244,2.044,260.1935839653015
-1.508,-0.404,2.044,260.59520983695984
-1.556,-0.432,2.044,260.9969530105591
-1.568,-0.236,2.044,261.39847683906555
-1.84,-0.248,2.044,261.7999348640442
-1.652,-0.344,2.044,262.2013809680939
-1.444,-0.336,2.044,262.60306882858276
-1.604,-0.392,2.044,263.0046088695526
-1.748,-0.292,2.044,263.4060549736023
-1.612,-0.288,2.044,263.8075280189514
-1.624,-0.292,2.044,264.2092230319977
-1.528,-0.3,2.044,264.610769033432
-1.636,-0.328,2.044,265.0122239589691
-1.624,-0.28,2.044,265.4136748313904
-1.588,-0.428,2.044,265.8155310153961
-2.008,-0.196,2.044,266.2172179222107
-1.948,-0.272,2.044,266.61883187294006
-1.892,-0.284,2.044,267.0206949710846
-1.52,-0.304,2.044,267.4224510192871
-1.516,-0.324,2.044,267.82409596443176
-1.988,-0.152,2.044,268.22570395469666
-1.5,-0.328,2.044,268.6275670528412
-1.908,-0.236,2.044,269.0292589664459
-1.448,-0.308,2.044,269.43087100982666
-1.524,-0.316,2.044,269.83247685432434
-1.992,-0.192,2.044,270.23434591293335
-1.664,-0.268,2.044,270.63604187965393
-1.528,-0.28,2.044,271.037770986557
-1.736,-0.364,2.044,271.4394919872284
-1.776,-0.3,2.044,271.8412320613861
-1.664,-0.296,2.044,272.2428328990936
-1.64,-0.42,2.044,272.6443190574646
-1.656,-0.472,2.044,273.04601192474365
-1.508,-0.36,2.044,273.4475529193878
-1.636,-0.376,2.044,273.8490240573883
-1.764,-0.464,2.044,274.25046586990356
-1.648,-0.476,2.044,274.65215396881104
-1.636,-0.556,2.044,275.05368185043335
-1.592,-0.508,2.044,275.4551248550415
-1.508,-0.532,2.044,275.8567199707031
-1.748,-0.24,2.044,276.25859785079956
-1.652,-0.192,2.044,276.6603479385376
-1.344,-0.436,2.044,277.06206488609314
-1.656,-0.188,2.044,277.46370792388916
-1.24,-0.168,2.044,277.86558985710144
-1.74,-0.344,2.044,278.26726388931274
-1.604,-0.316,2.044,278.6688768863678
-1.436,-0.304,2.044,279.07074999809265
-1.836,-0.192,2.044,279.472473859787
-1.632,-0.288,2.044,279.8741099834442
-1.704,-0.248,2.044,280.27573585510254
-1.6,-0.308,2.044,280.6776249408722
-1.608,-0.192,2.044,281.0793309211731
-1.556,-0.296,2.044,281.4809420108795
-1.868,-0.12,2.044,281.88255190849304
-1.52,-0.156,2.044,282.28444504737854
-1.628,-0.232,2.044,282.6861939430237
-1.76,-0.324,2.044,283.0878930091858
-1.692,-0.192,2.044,283.4894218444824
-1.468,-0.224,2.044,283.8910598754883
-1.676,-0.256,2.044,284.2925589084625
-1.588,-0.164,2.044,284.6940128803253
-1.572,-0.208,2.044,285.0957109928131
-1.804,-0.176,2.044,285.4972538948059
-1.4,-0.368,2.044,285.8987150192261
-1.68,-0.204,2.044,286.30015206336975
-1.492,-0.276,2.044,286.70180583000183
-1.764,-0.168,2.044,287.10333585739136
-1.648,-0.26,2.044,287.50487995147705
-1.724,-0.128,2.044,287.9063649177551
-1.64,-0.288,2.044,288.30808091163635
-1.708,-0.296,2.044,288.709764957428
-1.556,-0.296,2.044,289.1113929748535
-1.552,-0.284,2.044,289.5130138397217
-1.64,-0.304,2.044,289.914892911911
-1.852,-0.308,2.044,290.31656885147095
-1.648,-0.328,2.044,290.7181808948517
-1.564,-0.292,2.044,291.1200590133667
-1.676,-0.316,2.044,291.52176785469055
-1.512,-0.316,2.044,291.9233899116516
-1.756,-0.436,2.044,292.32499504089355
-1.928,-0.352,2.044,292.72695088386536
-1.628,-0.26,2.044,293.1287319660187
-1.564,-0.384,2.044,293.5303828716278
-1.696,-0.32,2.044,293.93200182914734
-1.64,-0.368,2.044,294.33388090133667
-1.468,-0.4,2.044,294.73558282852173
-1.716,-0.348,2.044,295.1372048854828
-1.672,-0.46,2.044,295.53890895843506
-1.772,-0.456,2.044,295.94045996665955
-1.612,-0.568,2.044,296.341912984848
-1.584,-0.492,2.044,296.74336290359497
-1.6,-0.432,2.044,297.14502596855164
-1.784,-0.516,2.044,297.54655385017395
-1.696,-0.584,2.044,297.9480390548706
-1.612,-0.508,2.044,298.34952187538147
-1.532,-0.444,2.044,298.7513689994812
-1.62,-0.276,2.044,299.1531009674072
-1.876,-0.584,2.044,299.55478405952454
-1.524,-0.296,2.044,299.95641899108887
-1.864,-0.268,2.044,300.35825991630554
-1.724,-0.348,2.044,300.7599530220032
-1.38,-0.432,2.044,301.16156792640686
-1.656,-0.416,2.044,301.5634160041809
-1.62,-0.3,2.044,301.96510100364685
-1.88,-0.384,2.044,302.3667528629303
-1.668,-0.256,2.044,302.7683849334717
-1.556,-0.492,2.044,303.1702320575714
-1.316,-0.476,2.044,303.57193303108215
-2.036,-0.06,2.044,303.9735779762268
-1.668,-0.256,2.044,304.37525391578674
-1.768,-0.176,2.044,304.7771089076996
-1.684,-0.244,2.044,305.17879605293274
-1.812,-0.176,2.044,305.58043599128723
-1.68,-0.144,2.044,305.9821050167084
-1.688,-0.284,2.044,306.3839349746704
-1.672,-0.152,2.044,306.78561186790466
-1.744,-0.168,2.044,307.1872260570526
-1.688,-0.332,2.044,307.58893394470215
-1.596,-0.08,2.044,307.99046301841736
-1.78,-0.444,2.044,308.39205288887024
-1.856,-0.428,2.044,308.7936010360718
-1.92,-0.044,2.044,309.1952738761902
-1.352,-0.084,2.044,309.5969798564911
-1.588,-0.072,2.044,309.9986958503723
-1.46,-0.04,2.044,310.4002149105072
-1.324,-0.152,2.044,310.8018820285797
-1.876,-0.144,2.044,311.2034640312195
-1.668,-0.24,2.044,311.60499000549316
-1.456,-0.324,2.044,312.00645899772644
-1.828,-0.248,2.044,312.40812492370605
-1.616,-0.212,2.044,312.80963802337646
-1.864,-0.324,2.044,313.21108889579773
-1.88,-0.3,2.044,313.6128959655762
-1.288,-0.26,2.044,314.0145699977875
-1.576,-0.32,2.044,314.4161698818207
-1.768,-0.408,2.044,314.8178069591522
-1.712,-0.392,2.044,315.2196750640869
-1.528,-0.216,2.044,315.62136602401733
-1.844,-0.268,2.044,316.022980928421
-1.616,-0.236,2.044,316.42457699775696
-1.856,-0.276,2.044,316.82642102241516
-1.596,-0.288,2.044,317.22813391685486
-1.772,-0.32,2.044,317.62981486320496
-1.812,-0.436,2.044,318.031445980072
-1.808,-0.42,2.044,318.4332790374756
-1.488,-0.348,2.044,318.83495688438416
-1.676,-0.384,2.044,319.23677682876587
-1.484,-0.508,2.044,319.6385898590088
-1.324,-0.376,2.044,320.0401120185852
-1.7,-0.332,2.044,320.44164991378784
-1.616,-0.28,2.044,320.8431398868561
-1.58,-0.232,2.044,321.2448089122772
-1.432,-0.116,2.044,321.6463339328766
-1.612,-0.256,2.044,322.0480010509491
-1.816,-0.232,2.044,322.4495139122009
-1.712,-0.196,2.044,322.85118103027344
-1.744,-0.232,2.044,323.25269889831543
-1.604,-0.164,2.044,323.6542880535126
-1.76,-0.088,2.044,324.05589604377747
-1.544,0.076,2.044,324.457731962204
-2.048,0.064,2.044,324.8594129085541
-1.544,0.3,2.044,325.2610158920288
-1.368,0.144,2.044,325.6628968715668
-1.376,0.096,2.044,326.0646450519562
-1.46,-0.008,2.044,326.4662709236145
-1.416,-0.216,2.044,326.86793184280396
-1.264,0.048,2.044,327.26977801322937
-2.032,-0.208,2.044,327.671452999115
-1.956,-0.192,2.044,328.0730609893799
-1.548,-0.24,2.044,328.47465801239014
-2.048,-0.076,2.044,328.8765048980713
-1.664,-0.276,2.044,329.27816796302795
-1.5,-0.112,2.044,329.6797800064087
-1.792,-0.252,2.044,330.0816159248352
-1.528,-0.24,2.044,330.4833149909973
-1.98,-0.112,2.044,330.8849308490753
-1.596,-0.364,2.044,331.2959759235382
-1.648,-0.252,2.044,331.6976640224457
-1.664,-0.188,2.044,332.0991849899292
-1.772,-0.14,2.044,332.5006549358368
-1.376,-0.064,2.044,332.9021110534668
-1.568,-0.292,2.044,333.3037860393524
-1.632,-0.18,2.044,333.7054488658905
-1.632,-0.164,2.044,334.10706186294556
-1.928,-0.052,2.044,334.508672952652
-1.832,-0.06,2.044,334.91051983833313
-1.46,-0.252,2.044,335.31218099594116
-1.416,-0.232,2.044,335.71378803253174
-1.972,-0.152,2.044,336.11563086509705
-1.664,-0.376,2.044,336.51741790771484
-1.596,-0.204,2.044,336.9190740585327
-2.048,-0.204,2.044,337.3207440376282
-1.4,-0.212,2.044,337.7226040363312
-1.684,-0.332,2.044,338.1242859363556
-1.756,-0.088,2.044,338.52590584754944
-2.048,-0.492,2.044,338.92754197120667
-1.3,-0.244,2.044,339.3293888568878
-1.528,-0.212,2.044,339.73109102249146
-1.576,-0.46,2.044,340.1327419281006
-1.924,0.164,2.044,340.5343658924103
-1.424,-0.252,2.044,340.9362120628357
-1.536,-0.088,2.044,341.3379650115967
-1.792,-0.184,2.044,341.74234104156494
-1.216,-0.304,2.044,342.14420795440674
-1.536,-0.248,2.044,342.5459749698639
-1.824,-0.308,2.044,342.9476399421692
-2.048,0.616,2.044,343.34913992881775
-1.408,-0.076,2.044,343.75082302093506
-1.668,-0.476,2.044,344.1523468494415
-1.916,-0.06,2.044,344.55381083488464
-1.4,-0.316,2.044,344.9552719593048
-1.96,-0.152,2.044,345.3569459915161
-1.708,-0.312,2.044,345.7584638595581
-1.488,-0.268,2.044,346.1599090099335
-1.928,-0.348,2.044,346.56135296821594
-1.8,-0.204,2.044,346.96646904945374
-1.52,-0.124,2.044,347.368008852005
-1.532,-0.284,2.044,347.76947689056396
-1.856,-0.164,2.044,348.1711759567261
-1.24,-0.1,2.044,348.572870016098
-1.916,-0.308,2.044,348.97449803352356
-1.884,-0.196,2.044,349.3760938644409
-2.008,-0.436,2.044,349.77802085876465
-1.5,-0.3,2.044,350.17968583106995
-1.712,-0.42,2.044,350.5812928676605
-1.66,-0.656,2.044,350.9829728603363
-1.696,-0.456,2.044,351.3848159313202
-1.936,-0.528,2.044,351.786493062973
-1.68,-0.26,2.044,352.1913619041443
-1.956,-0.256,2.044,352.5930919647217
-2.048,-0.328,2.044,352.9949400424957
-1.532,-0.124,2.044,353.39660692214966
-1.588,-0.16,2.044,353.79821705818176
-1.672,-0.508,2.044,354.20005893707275
-1.528,-0.28,2.044,354.601744890213
-1.552,-0.196,2.044,355.00324296951294
-1.7,-0.46,2.044,355.40491795539856
-1.528,-0.164,2.044,355.80661702156067
-1.712,-0.092,2.044,356.208144903183
-1.34,0.036,2.044,356.6097710132599
-1.784,-0.032,2.044,357.0112819671631
-1.708,-0.116,2.044,357.4129650592804
-1.708,-0.068,2.044,357.81449484825134
-1.708,-0.236,2.044,358.21594190597534
-1.856,-0.088,2.044,358.6177468299866
-1.76,-0.288,2.044,359.01942706108093
-1.416,-0.332,2.044,359.4212110042572
-1.624,-0.092,2.044,359.82289385795593
-2.048,-0.036,2.044,360.2247338294983
-1.708,-0.116,2.044,360.6264178752899
-1.9,-0.128,2.044,361.0280330181122
-1.78,-0.088,2.044,361.4296329021454
-1.724,-0.284,2.044,361.83147287368774
-1.58,-0.348,2.044,362.2331418991089
-1.704,-0.384,2.044,362.6381230354309
-1.484,-0.24,2.044,363.0397870540619
-1.68,-0.216,2.044,363.44164299964905
-1.436,-0.216,2.044,363.843318939209
-1.512,-0.096,2.044,364.24492383003235
-1.652,-0.244,2.044,364.64675784111023
-1.576,-0.232,2.044,365.0485260486603
-1.768,-0.248,2.044,365.4501299858093
-1.768,-0.244,2.044,365.8517348766327
-1.54,-0.208,2.044,366.25356793403625
-1.868,-0.212,2.044,366.65524196624756
-1.648,-0.108,2.044,367.05674505233765
-1.288,-0.028,2.044,367.45819902420044
-1.492,-0.164,2.044,367.86426186561584
-1.532,-0.136,2.044,368.2657949924469
-1.756,-0.096,2.044,368.66755986213684
-1.9,-0.124,2.044,369.0692319869995
-1.652,-0.108,2.044,369.47107195854187
-2.048,-0.248,2.044,369.87284803390503
-1.716,-0.02,2.044,370.27471804618835
-1.364,-0.012,2.044,370.67660689353943
-2.048,-0.252,2.044,371.0782928466797
-1.512,-0.172,2.044,371.4799039363861
-1.404,-0.04,2.044,371.8815498352051
-1.492,-0.184,2.044,372.2834029197693
-1.516,-0.224,2.044,372.685094833374
-1.484,-0.116,2.044,373.0914568901062
-1.86,-0.12,2.044,373.49312591552734
-1.484,-0.188,2.044,373.8949730396271
-1.432,-0.16,2.044,374.2966229915619
-1.544,-0.164,2.044,374.69823598861694
-1.84,-0.184,2.044,375.0998408794403
-1.56,-0.132,2.044,375.50168895721436
-1.408,-0.272,2.044,375.9033579826355
-1.484,0.008,2.044,376.3049499988556
-1.888,-0.184,2.044,376.7067840099335
-2.048,0.204,2.044,377.10853385925293
-1.368,0.044,2.044,377.51026701927185
-2.048,-0.308,2.044,377.91191601753235
-1.456,-0.144,2.044,378.3379719257355
-1.668,-0.368,2.044,378.7397258281708
-1.8,-0.128,2.044,379.14123702049255
-1.66,-0.348,2.044,379.54272389411926
-1.156,-0.008,2.044,379.9443950653076
-1.724,-0.116,2.044,380.3459050655365
-1.396,-0.092,2.044,380.7473590373993
-1.684,-0.284,2.044,381.1490159034729
-1.636,-0.42,2.044,381.5505540370941
-1.656,-0.276,2.044,381.9519989490509
-1.556,-0.232,2.044,382.35343384742737
-1.8,-0.36,2.044,382.75509786605835
-1.492,-0.14,2.044,383.15660095214844
-1.568,-0.372,2.044,383.5583109855652
-1.584,-0.112,2.044,383.95994997024536
-1.764,-0.216,2.044,384.36179089546204
-1.724,-0.18,2.044,384.763484954834
-1.736,-0.232,2.044,385.16508984565735
-1.748,0.176,2.044,385.56670093536377
-1.412,-0.052,2.044,385.9685468673706
-1.572,-0.18,2.044,386.37021803855896
-1.832,-0.144,2.044,386.7718288898468
-1.428,0.1,2.044,387.1736738681793
-1.824,-0.208,2.044,387.57538199424744
-1.672,0.008,2.044,387.97699189186096
-1.46,0.032,2.044,388.37858986854553
-1.78,0.052,2.044,388.7976758480072
-1.508,0.072,2.044,389.19937205314636
-1.82,-0.184,2.044,389.6010138988495
-1.648,-0.132,2.044,390.0026249885559
-1.604,-0.228,2.044,390.4044659137726
-1.608,-0.308,2.044,390.80607295036316
-1.972,-0.08,2.044,391.2075970172882
-1.76,-0.236,2.044,391.60908603668213
-1.968,-0.148,2.044,392.0107560157776
-1.716,-0.264,2.044,392.41226983070374
-1.7,-0.172,2.044,392.81373596191406
-1.456,-0.152,2.044,393.2154040336609
-1.568,-0.236,2.044,393.6170790195465
-1.908,-0.104,2.044,394.0412788391113
-1.5,-0.04,2.044,394.442932844162
-2.04,-0.028,2.044,394.8447730541229
-1.896,-0.252,2.044,395.2464509010315
-1.58,-0.172,2.044,395.64806604385376
-1.576,-0.248,2.044,396.0496618747711
-1.476,-0.452,2.044,396.4515018463135
-2.048,-0.096,2.044,396.853168964386
-1.648,-0.28,2.044,397.254763841629
-1.352,-0.252,2.044,397.6566050052643
-1.292,-0.192,2.044,398.05826902389526
-1.576,-0.38,2.044,398.4598779678345
-1.7,-0.256,2.044,398.8614749908447
-1.808,-0.256,2.044,399.28451204299927
-1.556,-0.288,2.044,399.6862690448761
-1.796,-0.196,2.044,400.08800292015076
-2.004,-0.404,2.044,400.4896559715271
-1.3,-0.256,2.044,400.8914370536804
-1.616,-0.144,2.044,401.2930998802185
-1.848,-0.092,2.044,401.6947159767151
-1.752,-0.08,2.044,402.096312046051
-1.804,-0.324,2.044,402.4981908798218
-1.712,-0.288,2.044,402.8997519016266
-1.724,-0.292,2.044,403.3012218475342
-1.476,-0.156,2.044,403.70289492607117
-1.672,0.028,2.044,404.1044030189514
-1.9,-0.164,2.044,404.50596594810486
-1.472,-0.18,2.044,404.9074468612671
-1.436,-0.168,2.044,405.3091149330139
-1.48,-0.168,2.044,405.71064805984497
-1.648,-0.244,2.044,406.11209893226624
-1.752,-0.204,2.044,406.5135509967804
-1.544,-0.136,2.044,406.91522002220154
                                                                                                                                                                                                                                                                                                                                                                                                                                                                                                                                                                                                                                                                                                                               