0.0,0.0,0.0,0.008100032806396484
-0.972,-0.024,1.588,0.314971923828125
-0.06,0.232,2.044,0.616771936416626
-0.548,0.508,0.528,0.9182929992675781
-1.428,1.036,0.928,1.2199139595031738
-1.56,0.576,1.108,1.5215508937835693
0.696,-0.068,2.044,1.8231618404388428
-1.16,0.596,1.888,2.126504898071289
-2.048,-0.936,2.044,2.428196907043457
-0.108,0.348,2.044,2.7298028469085693
-0.38,0.352,2.044,3.031435966491699
-1.396,0.432,2.044,3.3330419063568115
0.044,0.064,2.044,3.6346919536590576
-0.24,0.296,2.044,3.9362499713897705
-2.048,0.056,2.044,4.237902879714966
-0.744,0.076,2.044,4.540092945098877
-0.864,0.476,1.912,4.84196400642395
-0.116,0.544,2.044,5.143718957901001
-0.572,-0.088,2.044,5.445472955703735
-0.216,-0.208,2.044,5.747297048568726
-2.048,0.568,2.044,6.048975944519043
0.392,-0.18,2.044,6.350744962692261
-0.172,0.26,2.044,6.652443885803223
-1.264,0.484,2.044,6.954108953475952
-0.188,-0.196,2.044,7.255738019943237
-0.552,0.136,2.044,7.5571699142456055
-1.376,0.144,1.612,7.858561992645264
-2.048,0.332,-0.008,8.160022974014282
0.36,-0.268,2.044,8.461621046066284
-1.252,0.608,0.112,8.763036012649536
-0.688,0.272,1.688,9.064481019973755
-0.776,-0.016,2.044,9.365887880325317
0.392,0.108,0.952,9.66728687286377
-0.42,0.02,2.044,9.978142976760864
-2.048,0.972,-1.952,10.279765844345093
0.796,-0.468,2.044,10.581315040588379
1.32,-0.744,2.044,10.883018016815186
-1.324,0.308,1.848,11.184757947921753
1.112,0.236,2.044,11.486554861068726
-2.048,1.036,0.304,11.788239002227783
0.324,-0.236,1.752,12.089804887771606
-0.172,0.1,2.044,12.391313076019287
-0.796,0.104,2.044,12.692893028259277
-0.288,0.208,1.672,12.99451494216919
1.816,0.432,2.044,13.296026945114136
-0.448,0.072,1.624,13.597532033920288
-1.212,0.756,0.82,13.899074077606201
1.544,-1.128,2.044,14.200621843338013
-0.396,0.228,2.044,14.50213885307312
-2.048,0.0,1.208,14.803922891616821
0.244,-0.28,2.044,17.982547998428345
-1.584,1.192,1.408,18.284038066864014
-0.924,0.412,2.044,18.585402011871338
-1.012,0.512,1.904,18.886749029159546
-1.224,0.492,2.044,19.188092947006226
1.252,-1.648,2.044,19.48966693878174
-0.22,0.056,2.044,19.791094064712524
-1.508,0.192,1.968,20.092644929885864
-0.628,0.576,1.76,20.766016960144043
-1.036,0.832,-1.476,21.0676589012146
-0.684,-0.076,2.044,21.36937689781189
-1.588,0.864,0.252,21.67101502418518
1.116,-0.788,2.044,21.97258996963501
-0.004,-0.308,2.044,22.2743718624115
-1.308,0.096,2.044,22.575955867767334
-0.432,0.316,2.004,22.877480030059814
0.02,-0.232,2.004,23.179004907608032
-1.38,0.712,2.044,23.480511903762817
-0.708,0.036,2.044,23.782284021377563
-0.316,0.036,2.044,24.08386206626892
-1.66,0.412,2.044,24.385365962982178
-0.312,-0.2,2.044,24.68686604499817
-0.732,-0.828,2.044,24.988385915756226
-1.72,0.964,1.732,25.290138959884644
-0.444,1.1,0.216,25.609607934951782
-0.568,0.172,2.044,25.91118288040161
-1.496,0.496,0.22,26.212707996368408
-1.364,0.292,1.328,26.514211893081665
-0.916,-0.128,1.98,26.815959930419922
0.152,0.388,-0.204,27.117600917816162
-1.776,0.608,0.984,27.41914200782776
-2.048,0.764,1.06,27.7206449508667
1.276,-0.788,2.044,28.022177934646606
-0.26,0.08,2.044,28.32378101348877
-1.352,0.456,1.9,28.62519407272339
0.064,-0.04,2.044,28.926559925079346
-0.588,0.352,2.044,29.227942943572998
-1.5,0.632,2.044,29.529293060302734
-0.716,-0.012,2.044,29.830801010131836
-0.532,0.012,2.044,30.132344007492065
-2.048,0.848,2.032,30.433855056762695
-0.264,0.604,1.428,30.75856900215149
-0.364,0.02,2.044,31.06014084815979
-1.236,0.284,0.632,31.361927032470703
-0.188,-0.812,1.512,31.663506031036377
-0.7,-0.064,2.044,31.965028047561646
2.044,0.212,-0.8,32.26652693748474
1.608,-1.044,1.376,32.568073987960815
-1.888,1.004,-1.016,32.869855880737305
1.356,-0.732,2.044,33.171468019485474
-0.224,-0.06,2.044,33.47299098968506
-0.584,0.1,2.044,33.77450704574585
-0.528,0.172,2.044,34.07624387741089
-0.468,0.336,1.86,34.3781259059906
-2.048,0.632,1.92,34.679713010787964
-0.036,-0.444,2.044,34.981241941452026
-0.736,0.216,2.044,35.282750844955444
-1.544,0.252,1.004,35.58424401283264
0.492,-0.94,2.044,35.886154890060425
-0.112,-0.036,1.996,36.18779897689819
-0.704,0.764,-0.684,36.48932695388794
-0.968,0.264,1.468,36.79083704948425
-0.092,0.212,1.824,37.092334032058716
0.576,-0.12,0.48,37.39410591125488
-0.428,-0.34,2.044,37.695690870285034
-2.048,1.528,-2.048,37.99720501899719
0.888,-0.636,2.044,38.298709869384766
-0.528,0.316,2.044,38.60020995140076
-0.9,0.856,2.044,38.90198802947998
-0.804,0.072,2.044,39.203572034835815
0.228,-0.148,2.044,39.50507307052612
-1.38,0.644,1.384,39.806583881378174
-0.492,-0.664,2.044,40.10797595977783
-0.628,0.344,2.044,40.409579038619995
-1.204,0.784,-0.02,40.711004972457886
-0.116,0.82,0.472,41.01238298416138
-0.22,0.056,1.876,41.31379294395447
0.628,-0.048,0.34,41.6153199672699
-0.888,0.128,2.044,41.91697692871094
-0.608,0.436,0.864,42.21843194961548
1.56,-0.536,2.044,42.51978588104248
-0.932,-0.304,2.044,42.82113599777222
-1.84,0.056,2.044,43.12255597114563
0.388,-0.232,2.044,43.42416000366211
-0.392,0.092,2.044,43.725574016571045
-1.68,1.044,1.464,44.02692794799805
-0.792,-0.08,2.044,44.328299045562744
-0.564,0.332,2.044,44.629809856414795
-1.84,0.756,2.044,44.931437969207764
-0.044,-0.144,2.044,45.233010053634644
-0.128,-0.176,2.044,45.53452396392822
-1.368,0.464,0.36,45.8360378742218
-0.496,-0.196,2.044,46.13754487037659
-0.284,0.52,2.012,46.43935203552246
-0.024,0.252,-0.524,46.741013050079346
-0.364,0.076,1.2,47.042556047439575
-1.028,0.556,1.208,47.34406495094299
0.908,-0.188,2.044,47.64555597305298
0.324,-0.372,2.044,47.94732904434204
-1.68,0.256,2.044,48.24897599220276
-1.108,0.528,1.384,48.550508975982666
-0.584,0.26,2.044,48.85201406478882
-2.048,0.952,1.556,49.15351390838623
0.076,-0.324,2.044,49.4552948474884
-0.376,0.18,2.044,49.756929874420166
-1.54,0.38,1.412,50.05884599685669
-2.048,0.384,-0.7,50.360435009002686
-0.1,-0.2,2.044,50.66193699836731
-0.628,0.352,-0.928,50.96371006965637
-0.464,0.092,1.884,51.26533484458923
0.068,-0.108,2.044,51.566853046417236
1.304,-0.268,2.044,51.87982392311096
0.08,-0.264,2.044,52.181220054626465
-2.048,-0.292,2.044,52.48282194137573
-1.02,0.56,1.956,52.784245014190674
-1.004,0.516,1.912,53.085644006729126
-2.048,1.048,1.736,53.387012004852295
-0.032,-1.104,2.044,53.688355922698975
-0.292,0.088,2.044,53.98996090888977
-1.7,0.176,2.044,54.291385889053345
0.588,0.592,1.896,54.59273099899292
0.08,-0.352,2.044,54.894068002700806
-1.352,0.168,1.06,55.19555306434631
-0.544,0.016,2.044,55.49732804298401
-0.548,-1.728,2.044,55.798912048339844
-0.08,0.28,0.312,56.1004159450531
-1.056,0.408,2.044,56.40192103385925
-0.456,0.828,-0.104,56.70342302322388
1.268,-0.836,2.044,57.005228996276855
0.028,-0.68,2.044,57.30687499046326
-1.412,0.236,2.044,57.60847997665405
-1.056,0.776,1.388,57.90999889373779
-0.812,0.38,2.044,58.211514949798584
-1.844,0.692,1.952,58.51329684257507
-0.864,-2.048,2.044,58.81488084793091
-0.948,0.42,2.044,59.11638903617859
-1.212,0.184,1.944,59.41789793968201
-0.076,-1.416,2.044,59.719411849975586
0.004,-0.192,2.044,60.02118396759033
-1.636,0.884,-0.676,60.32277989387512
-1.688,0.624,1.076,60.62428689002991
-0.064,-0.24,2.044,60.9257869720459
0.112,0.192,-0.456,61.22730588912964
-0.564,0.176,1.516,61.529096841812134
-0.66,0.68,0.672,61.8306839466095
1.4,-1.012,2.044,62.13219404220581
-0.2,0.028,2.044,62.43371796607971
-0.86,-0.884,2.044,62.73528790473938
-1.036,0.444,1.956,63.03714895248413
-0.224,-0.16,2.044,63.33876395225525
-1.9,0.716,1.772,63.640279054641724
-1.256,1.636,1.416,63.94189405441284
-0.652,0.176,2.044,64.24331784248352
-0.912,0.128,1.444,64.54499697685242
0.216,0.948,2.044,64.84649085998535
-0.644,-0.076,1.536,65.14790797233582
-1.228,0.436,2.044,65.44933700561523
-0.684,-0.836,2.044,65.75069093704224
-0.408,0.236,1.432,66.05228805541992
-2.048,0.448,1.944,66.3537209033966
-0.432,-0.172,2.044,66.65522289276123
-0.28,0.048,2.044,66.95663285255432
-1.464,0.34,1.86,67.25799202919006
-0.148,-1.548,2.044,67.55958604812622
-0.664,0.008,2.044,67.87795901298523
-1.104,0.392,-0.18,68.17959690093994
1.304,-0.856,2.044,68.4810528755188
-0.012,0.22,1.692,68.78240203857422
0.944,-0.54,1.264,69.08399486541748
0.584,-0.824,1.868,69.38541603088379
-1.828,0.84,-0.188,69.68675804138184
-0.492,0.32,1.552,69.98834586143494
1.448,-0.892,2.044,70.2898919582367
-1.776,-0.16,2.044,70.59167003631592
-0.676,0.48,1.436,70.89325904846191
-0.772,0.3,1.868,71.19476985931396
-1.552,0.412,2.044,71.49626207351685
-0.04,-1.06,2.044,71.79775595664978
-0.36,-0.012,2.044,72.09953093528748
-1.792,0.864,1.448,72.40111804008484
-0.3,-0.352,2.044,72.70262885093689
-0.804,-0.044,2.044,73.00415301322937
-1.404,0.108,1.6,73.30577301979065
-1.72,0.66,0.876,73.60756206512451
0.06,-0.24,2.044,73.90913987159729
-0.116,0.112,0.528,74.21065902709961
-0.68,0.02,2.044,74.51215386390686
-0.1,0.328,1.052,74.81364798545837
0.792,-0.4,1.792,75.11541891098022
-0.332,-0.1,1.26,75.41709685325623
-1.332,0.832,0.04,75.7186348438263
0.268,-0.2,2.044,76.02013397216797
-0.036,-0.356,2.044,76.32199501991272
-1.94,-1.584,2.044,76.62358689308167
-0.68,-0.096,2.044,76.92500805854797
-0.336,0.092,2.044,77.22636604309082
-1.744,1.14,0.948,77.52770686149597
-0.664,-1.908,2.044,77.8290479183197
-0.384,0.028,2.044,78.14051795005798
-0.58,0.064,2.044,78.4419629573822
-0.264,1.096,0.596,78.74331903457642
0.152,-0.156,2.028,79.04466485977173
-0.4,0.1,0.676,79.34625697135925
0.256,-0.508,2.044,79.6476788520813
0.168,0.004,2.012,79.94916605949402
0.288,0.068,0.248,80.25066995620728
-0.524,-0.016,1.236,80.55216693878174
-2.048,0.536,-0.484,80.85393595695496
-0.46,0.256,1.892,81.15552496910095
0.216,-0.364,2.044,81.45708894729614
-0.852,0.304,2.044,81.75858497619629
-0.72,0.58,2.044,82.06008291244507
-0.18,-0.184,2.0,82.36184287071228
-1.88,1.116,1.268,82.66342091560364
-0.392,-0.724,2.044,82.96493101119995
-0.48,-0.008,2.044,83.26647090911865
-0.936,-0.004,2.044,83.5681529045105
0.168,-0.536,2.044,83.86993288993835
-0.416,0.016,2.044,84.17154502868652
-1.292,0.192,1.204,84.47305583953857
-2.048,0.852,-0.584,84.77455592155457
-0.032,-0.236,2.044,85.0760588645935
-0.26,0.044,1.42,85.37782907485962
-0.208,-0.148,2.044,85.67939805984497
-0.244,0.056,2.04,85.98090696334839
0.56,-0.364,1.352,86.28241300582886
-0.36,-0.372,1.376,86.58390784263611
-0.988,0.508,0.812,86.88567805290222
0.848,-0.544,2.044,87.18727803230286
-0.06,-0.056,2.044,87.48886704444885
-1.832,-0.024,2.044,87.79035806655884
-0.652,0.38,2.044,88.09199500083923
-0.572,0.196,2.044,88.3936059474945
-1.404,0.404,1.912,88.69506096839905
-0.728,-1.176,2.044,88.99648785591125
-0.632,0.02,2.044,89.29788994789124
-1.64,0.816,1.3,89.59924292564392
-0.756,-0.112,2.044,89.90083289146423
-0.46,-0.02,2.044,90.20241904258728
-1.532,0.54,1.324,90.50392699241638
-0.316,-0.6,2.044,90.80542492866516
-0.38,0.012,2.044,91.10692000389099
-0.772,0.152,2.044,91.40877199172974
-0.688,-0.244,0.36,91.71036887168884
0.736,-0.764,1.752,92.01188087463379
0.632,-0.216,0.504,92.31338500976562
-0.98,0.232,2.028,92.61488389968872
0.776,0.012,1.364,92.9166510105133
0.804,-0.44,2.044,93.21827793121338
0.132,-0.28,0.924,93.51978802680969
-0.264,0.5,0.424,93.82128190994263
-1.072,0.596,1.448,94.12280702590942
0.168,-0.052,2.044,94.42460894584656
-1.276,0.232,2.044,94.72619199752808
-1.092,0.228,2.044,95.02769994735718
-0.908,0.26,2.044,95.32921099662781
-2.048,0.78,1.844,95.63071203231812
-0.276,-0.292,2.044,95.9324848651886
-0.412,0.26,2.044,96.23410487174988
-1.712,0.596,1.72,96.53561687469482
0.268,-0.776,2.044,96.83712196350098
-0.26,0.032,2.044,97.13862705230713
-1.096,0.904,-1.68,97.44040203094482
0.992,-1.8,0.756,97.74198889732361
-0.868,0.412,1.46,98.0435118675232
1.756,-1.256,2.044,98.34512090682983
-0.264,-0.284,2.024,98.64666795730591
-1.656,-0.036,2.044,98.94845604896545
-1.004,0.468,2.044,99.25005197525024
-0.048,-0.072,2.044,99.55166006088257
-1.264,0.264,2.044,99.85320496559143
-0.416,-1.86,2.044,100.15475392341614
-0.352,0.032,2.044,100.45642685890198
-1.244,0.3,0.236,100.75800585746765
-1.0,-0.488,1.988,101.05950284004211
-0.652,0.288,1.86,101.36090207099915
0.948,-0.616,1.872,101.66225004196167
0.596,0.584,1.944,101.96383905410767
0.492,-0.08,2.044,102.26526093482971
-0.28,0.716,2.044,102.56659984588623
-0.392,-1.684,2.044,102.86794090270996
-1.224,-0.896,2.044,103.16929507255554
1.684,-1.504,2.044,103.47089099884033
-1.156,1.12,2.032,103.77244591712952
-1.56,-0.388,2.044,104.07384085655212
-0.388,-0.444,-0.08,104.37519407272339
-1.096,0.224,2.044,104.67652988433838
-1.076,0.732,0.54,104.97835493087769
-0.3,-0.356,1.22,105.28001594543457
-0.344,-0.088,2.044,105.58153986930847
-0.368,-0.072,0.4,105.88304090499878
-0.956,0.14,1.124,106.18455004692078
0.508,-0.064,2.044,106.48632502555847
1.72,0.26,2.044,106.7878999710083
0.224,-0.328,2.044,107.0894079208374
-2.048,-0.292,2.044,107.39091396331787
-0.572,0.132,2.044,107.69240999221802
-0.976,0.36,2.044,107.99417901039124
-1.956,0.828,1.448,108.2958390712738
-0.348,-1.22,2.044,108.59737300872803
-0.564,0.104,2.044,108.89887595176697
-1.576,0.572,1.2,109.20039486885071
-2.048,-0.02,-0.808,109.5021710395813
-0.212,-0.088,1.856,109.80375790596008
-0.1,-0.056,1.252,110.10556983947754
-1.04,0.26,1.28,110.40721893310547
-0.524,0.968,-0.108,110.70882391929626
0.764,-0.532,2.044,111.01061296463013
0.36,-0.508,2.044,111.31222295761108
-1.54,0.24,2.044,111.61362099647522
-0.672,0.116,2.044,111.91497707366943
-0.676,0.276,2.044,112.21633505821228
-1.748,0.896,1.588,112.51796007156372
-0.152,-1.416,2.044,112.81943392753601
-0.66,0.044,2.044,113.12090802192688
-1.188,0.292,1.584,113.42227697372437
-1.116,0.304,0.656,113.72363090515137
-0.42,-0.016,2.044,114.02522301673889
-0.808,0.088,0.14,114.32664489746094
-0.324,-0.32,2.044,114.62799000740051
-0.728,-0.088,1.996,114.92933297157288
0.22,-0.308,2.044,115.23082184791565
-1.168,0.228,1.66,115.53259801864624
-1.4,-0.012,1.28,115.83422183990479
-1.42,0.764,0.792,116.13580298423767
-0.164,-0.092,2.044,116.43733406066895
-2.048,0.62,1.872,116.73883700370789
-1.164,-0.872,2.044,117.04062294960022
-0.6,0.176,2.044,117.34220886230469
-1.596,0.784,1.92,117.64371299743652
-0.772,-0.02,2.044,117.94521498680115
-0.62,0.024,2.044,118.24672389030457
-1.272,0.48,-0.084,118.54850697517395
-0.592,0.48,0.14,118.85008788108826
0.34,-0.188,1.916,119.1516010761261
0.912,-0.552,1.936,119.45310592651367
-0.828,-0.068,2.044,119.75461602210999
-1.236,-0.188,0.816,120.05639696121216
0.852,-0.604,2.044,120.35807991027832
-0.408,-0.2,2.044,120.65958404541016
-2.048,-2.048,2.044,120.96109199523926
-0.996,0.14,2.044,121.26261687278748
-0.796,0.38,2.044,121.56440806388855
-2.048,1.024,1.556,121.86598205566406
0.82,-1.504,2.044,122.16749095916748
-0.428,0.168,2.044,122.46899890899658
-1.416,0.28,1.308,122.77049994468689
-2.048,-0.176,0.16,123.07228589057922
0.124,-0.276,2.044,123.37384104728699
-0.076,-0.012,0.872,123.67523789405823
-0.564,-0.064,2.044,123.9765989780426
0.056,0.228,1.792,124.27795505523682
1.804,-0.336,2.044,124.57955384254456
0.028,-0.56,2.044,124.88098502159119
-2.048,0.716,-0.516,125.1824848651886
-0.796,0.316,1.508,125.48398900032043
-0.544,0.048,2.044,125.78548288345337
-1.588,0.372,2.044,126.08725595474243
-0.632,-0.732,2.044,126.38885307312012
-0.516,0.224,2.044,126.69059205055237
-2.048,0.848,1.28,126.99223685264587
0.58,-2.048,2.044,127.29377889633179
-0.632,-0.072,2.044,127.59555292129517
-1.2,0.06,1.408,127.89722895622253
-2.048,-0.156,-0.624,128.19904494285583
-0.184,-0.092,2.044,128.5006229877472
-0.336,0.252,0.108,128.80213284492493
-0.192,0.048,1.452,129.10391306877136
-0.392,0.328,1.948,129.40550589561462
0.912,-0.464,0.912,129.70709896087646
1.204,-0.692,1.924,130.0086259841919
-1.16,0.912,0.74,130.31013202667236
-0.896,0.504,2.044,130.61191606521606
-1.048,0.36,2.044,130.9135160446167
-2.048,0.964,1.28,131.2150468826294
0.348,-2.048,2.044,131.51655197143555
-0.668,0.24,2.044,131.81811594963074
-1.26,-0.12,1.124,132.1199369430542
-2.048,1.42,-0.264,132.42158603668213
-0.196,-0.008,1.98,132.7231240272522
0.816,-1.512,2.044,133.02463102340698
0.476,-0.272,1.672,133.32624292373657
-1.2,0.54,0.656,133.6281349658966
-0.928,0.296,2.044,133.92972087860107
-0.696,0.372,2.044,134.23124289512634
-1.94,0.76,2.044,134.53274989128113
0.46,-1.92,2.044,134.83424592018127
-0.6,0.008,2.044,135.1360800266266
-1.348,0.048,0.248,135.4376039505005
1.404,-0.968,2.044,135.73905992507935
-0.504,0.064,1.92,136.04048991203308
1.636,-0.832,2.044,136.34199500083923
-0.384,0.332,2.044,136.64358687400818
-1.376,0.904,2.044,136.94502806663513
0.74,-1.404,2.044,137.2463939189911
-0.184,-0.084,2.044,137.54775094985962
-1.58,0.616,-1.44,137.84915590286255
-2.048,0.156,1.268,138.15075492858887
-0.1,0.052,1.928,138.4521839618683
1.024,-0.444,1.584,138.7535319328308
-1.18,0.176,0.208,139.05487298965454
-1.524,-0.644,2.044,139.3562159538269
-0.916,0.908,1.7,139.6578049659729
-0.228,-0.396,2.044,139.95943689346313
-1.62,0.576,1.212,140.2609920501709
-1.124,-2.048,2.044,140.56249403953552
-0.784,-0.052,2.044,140.86399102210999
-1.608,0.58,-0.996,141.16576290130615
-0.408,-0.116,2.044,141.46735000610352
-0.708,0.164,2.044,141.76885795593262
1.012,-0.392,2.044,142.0703568458557
-0.32,-0.064,2.044,142.3718729019165
-2.048,0.82,-0.392,142.6736490726471
-1.088,-1.376,2.044,142.97528505325317
-0.82,0.276,2.044,143.27691984176636
-1.844,0.788,1.78,143.57859301567078
-0.1,-0.596,2.044,143.88010096549988
-0.608,0.196,2.044,144.18188190460205
-1.288,0.092,2.044,144.48345494270325
-1.612,0.48,0.784,144.78495907783508
-0.368,0.108,2.044,145.0864598751068
0.9,-0.552,-0.748,145.38806796073914
-0.784,0.172,0.992,145.68983793258667
-0.968,0.1,1.772,145.99141907691956
-0.864,0.448,0.732,146.29293298721313
-0.796,0.288,2.044,146.5944309234619
-1.524,0.412,2.044,146.8959288597107
-1.08,0.36,2.044,147.1975679397583
-0.896,0.828,2.044,147.4989938735962
-1.384,0.744,1.3,147.80041098594666
0.112,-1.12,0.72,148.1019389629364
-1.132,0.364,2.044,148.40349984169006
-1.036,0.66,2.044,148.7051339149475
0.508,-0.664,2.044,149.0065619945526
-0.468,-0.136,2.044,149.30795097351074
-1.7,0.148,0.816,149.6093029975891
-1.812,0.5,-0.02,149.91070985794067
-0.736,-0.972,2.044,150.21247792243958
-0.112,0.084,-0.468,150.51405501365662
2.044,-1.588,0.668,150.8155620098114
-1.868,1.18,-1.936,151.11725091934204
-0.488,0.212,1.964,151.41953992843628
0.036,0.028,2.044,151.72116494178772
-1.2,0.204,2.044,152.02269196510315
0.24,-1.66,2.044,152.32419800758362
-0.444,0.212,2.044,152.6256959438324
-0.948,0.476,1.908,152.9274709224701
-0.044,0.524,2.044,153.22910690307617
-0.456,0.08,2.044,153.5306360721588
-2.048,0.132,1.256,153.83216905593872
-0.236,-0.46,2.044,154.1337549686432
0.336,-0.036,1.528,154.43553590774536
0.504,-0.208,2.044,154.7371289730072
-0.228,-0.308,2.044,155.038645029068
-2.048,0.944,-1.188,155.3401529788971
-0.384,0.012,1.752,155.64164996147156
0.416,-0.4,2.044,155.9434199333191
-1.44,1.096,-0.096,156.24501585960388
-1.148,-1.172,2.044,156.54651999473572
-0.868,0.328,2.044,156.84811305999756
-1.712,1.44,0.524,157.1496160030365
0.22,-0.196,2.044,157.45137906074524
-0.824,0.152,2.024,157.75296306610107
-1.648,0.236,1.26,158.05446696281433
-2.048,1.652,-1.52,158.35608887672424
0.248,-0.34,1.956,158.6576418876648
1.504,-0.684,2.044,158.95941996574402
0.224,-0.608,1.324,159.2609429359436
-1.244,0.82,-0.024,159.56238889694214
0.868,-0.612,2.044,159.8637719154358
-0.244,-0.288,2.044,160.16514086723328
-1.156,0.044,2.044,160.46674299240112
-0.82,0.008,2.044,160.76806902885437
-0.42,0.172,2.044,161.069433927536
-1.896,0.972,1.4,161.37078595161438
-0.304,-0.12,2.044,161.6721260547638
-0.224,-0.016,2.044,161.97371292114258
-1.304,0.508,-0.212,162.27513885498047
-0.612,-0.1,2.012,162.57648396492004
-0.556,0.388,1.572,162.87782192230225
0.628,-0.752,1.568,163.17921090126038
-0.74,-0.024,1.144,163.48080897331238
-2.048,-0.04,-0.652,163.78222584724426
-0.964,0.344,1.404,164.08357191085815
-0.576,0.4,2.044,164.38491892814636
-2.048,1.352,1.0,164.68626999855042
-0.344,-0.608,2.044,164.9880828857422
-0.324,0.004,2.044,165.28967189788818
-1.572,0.36,1.22,165.59123587608337
-2.048,0.516,-2.048,165.89273691177368
0.068,-0.156,1.688,166.19423985481262
0.116,0.5,-0.44,166.49600505828857
-1.024,-0.38,1.344,166.7975790500641
-0.792,1.272,-0.316,167.09908390045166
-0.556,0.224,1.476,167.40058994293213
-0.612,-0.528,2.044,167.70209503173828
-1.452,0.248,2.044,168.00386905670166
-1.58,-1.624,2.044,168.30548095703125
-1.056,0.268,2.044,168.60708594322205
-2.048,1.072,0.444,168.90859198570251
0.516,-0.208,2.044,169.21009802818298
0.652,-1.568,1.776,169.5118658542633
-1.728,0.652,-1.308,169.81345200538635
-0.536,-0.34,2.044,170.11528897285461
-0.376,0.16,2.044,170.41705107688904
2.044,-0.524,2.044,170.7186028957367
0.08,-0.528,2.044,171.02046298980713
-1.412,-0.024,2.044,171.32205390930176
-0.916,-0.096,2.044,171.62340998649597
-0.876,0.396,2.044,171.92475700378418
-1.812,0.62,2.044,172.22610688209534
0.816,-2.048,2.044,172.52769684791565
-0.276,0.04,2.044,172.82911705970764
-1.204,0.316,0.212,173.13046789169312
-2.048,-0.264,0.952,173.4318859577179
0.624,-0.62,2.044,173.73325204849243
1.516,-0.64,-0.032,174.03484106063843
0.524,-1.208,0.776,174.3362739086151
-1.908,1.288,-2.0,174.637619972229
-0.9,0.38,2.044,174.93908786773682
-0.068,0.144,2.044,175.2405970096588
-1.032,0.384,2.044,175.54240798950195
-0.904,0.504,2.044,175.8440659046173
-1.076,0.596,1.544,176.14559507369995
-0.844,0.576,1.884,176.44710397720337
2.044,-2.048,0.74,176.74861192703247
-0.364,0.004,2.044,177.05039405822754
-0.272,-0.176,0.372,177.35199999809265
-2.048,1.152,-0.484,177.65350890159607
-2.048,-1.028,2.044,177.955011844635
-0.216,-0.996,2.044,178.25651288032532
-0.976,-0.148,0.896,178.55838799476624
-1.42,0.74,0.32,178.8599660396576
-1.548,0.092,2.044,179.16147804260254
-0.68,0.34,2.044,179.46298789978027
-1.376,0.876,2.044,179.76448893547058
0.848,-2.048,2.044,180.06626892089844
-0.556,0.18,2.044,180.36786699295044
-1.764,0.372,1.804,180.66937899589539
-0.34,0.996,0.54,180.97096300125122
-0.124,-0.248,2.044,181.2725009918213
-0.612,0.232,-1.68,181.57427096366882
1.244,-0.508,0.196,181.8758568763733
-1.38,0.492,1.228,182.17737197875977
-0.476,0.364,0.772,182.4788739681244
-0.36,0.048,2.044,182.7803659439087
-1.472,0.0,2.044,183.0820128917694
-0.816,-0.464,2.044,183.38355207443237
-0.556,0.26,2.044,183.68500399589539
-2.012,0.42,1.972,183.98646998405457
-0.016,0.244,2.044,184.28782987594604
-0.28,0.0,2.044,184.58943700790405
-2.048,1.032,-2.048,184.89087390899658
-0.84,0.392,2.004,185.19236993789673
-0.092,0.024,1.788,185.49387288093567
1.392,-0.808,1.904,185.79536986351013
-0.656,-0.1,1.256,186.09716987609863
-2.048,-0.02,-1.512,186.3987648487091
-0.808,0.54,2.044,186.70046401023865
-1.208,0.368,2.0,187.0020399093628
-2.004,1.016,2.044,187.30354595184326
0.528,-1.372,2.044,187.60531902313232
-0.428,-0.12,2.044,187.90704488754272
-2.008,0.72,0.384,188.20886898040771
-2.048,-0.224,0.9,188.51046299934387
0.328,-0.568,1.804,188.81198406219482
2.044,-0.992,-1.896,189.11375904083252
-0.936,0.2,0.076,189.41535902023315
-1.152,0.904,0.24,189.71690797805786
1.5,-0.908,2.044,190.01854801177979
0.372,-0.468,2.044,190.32009196281433
-1.276,0.088,2.044,190.62187790870667
-1.08,0.452,2.044,190.9234869480133
-0.816,0.304,2.044,191.22504091262817
-1.228,0.552,1.368,191.52662301063538
0.032,0.356,2.044,191.8281488418579
0.168,-0.3,1.96,192.1299328804016
-1.132,0.624,-1.724,192.43152689933777
-0.384,0.464,2.0,192.73303604125977
-0.152,0.016,1.704,193.0345380306244
-0.4,-0.132,0.664,193.33609104156494
-0.076,-0.32,0.356,193.6378710269928
-1.376,1.14,-0.848,193.93947291374207
0.828,-0.428,2.044,194.2409930229187
-0.224,0.02,2.044,194.5424928665161
-1.212,-0.024,2.044,194.8440010547638
-0.932,0.144,2.044,195.1456320285797
-0.88,0.492,2.024,195.44706392288208
-2.048,1.012,1.764,195.7484200000763
-0.132,-0.392,2.044,196.04976391792297
-0.396,0.04,1.848,196.35111904144287
-0.128,-0.524,1.016,196.65275287628174
0.556,0.0,2.044,196.95424389839172
0.532,-0.508,1.76,197.25561690330505
-1.284,0.216,-0.54,197.55698895454407
-1.588,0.352,0.596,197.85835695266724
-0.176,0.032,2.044,198.15994787216187
-0.008,0.58,-0.06,198.46138095855713
-0.668,0.012,2.044,198.76273107528687
-0.064,0.176,1.276,199.06406903266907
-0.704,0.952,0.86,199.36541199684143
-0.456,-0.028,2.044,199.66703486442566
-0.592,0.076,2.044,199.9686188697815
-0.54,0.324,1.216,200.2701280117035
-0.82,0.016,1.468,200.57162189483643
-0.18,0.052,1.98,200.87311697006226
1.324,-0.788,2.044,201.17489004135132
-0.1,-0.124,2.044,201.476459980011
-1.864,0.728,0.224,201.77805089950562
-1.0,0.02,2.044,202.07957291603088
-0.528,0.032,2.044,202.38115191459656
-1.624,0.48,2.044,202.68293690681458
-0.624,-0.208,2.044,202.9845368862152
-0.32,0.012,2.044,203.286052942276
-2.048,0.928,1.204,203.58755588531494
-0.172,-0.756,2.044,203.88906502723694
-0.148,-0.164,2.044,204.1908528804779
-1.272,0.568,0.784,204.4924349784851
0.816,0.04,2.044,204.79393100738525
0.22,-0.38,1.684,205.0954258441925
-1.476,0.284,-0.184,205.39692187309265
0.424,-0.5,2.044,205.69878697395325
0.536,-0.28,1.92,206.0003640651703
0.14,-0.068,1.216,206.30187106132507
-0.944,-0.56,0.544,206.6033639907837
-1.188,0.632,0.704,206.90474390983582
1.044,-0.716,2.044,207.20634388923645
-0.468,0.016,2.044,207.50777888298035
-2.048,-2.048,2.044,207.80920004844666
-1.268,-1.58,2.044,208.11056399345398
-0.732,0.292,2.044,208.4119689464569
-1.944,0.908,1.664,208.7135729789734
-0.324,-0.252,2.044,209.0149998664856
-0.036,-0.136,2.044,209.31635403633118
-0.968,0.716,1.636,209.61769604682922
1.088,-2.048,2.044,209.91904091835022
-0.392,0.088,1.624,210.22078895568848
-0.42,-0.436,1.88,210.52236485481262
-0.036,-0.072,2.044,210.82386994361877
-0.032,-0.168,2.044,211.1253719329834
-1.556,0.536,-0.452,211.42687606811523
-2.048,-0.164,-0.24,211.7287528514862
0.004,-0.02,1.744,212.03034090995789
-0.352,-0.052,0.96,212.33185386657715
0.94,-0.996,2.044,212.63334798812866
0.132,-0.116,1.924,212.93492794036865
-0.304,-0.936,2.044,213.23672103881836
-0.272,-0.28,1.264,213.53831505775452
-1.376,1.088,-0.464,213.83982801437378
-0.02,-0.676,2.044,214.14133286476135
-0.44,-0.056,2.044,214.4428379535675
-2.048,-1.516,2.044,214.74461102485657
-1.716,-1.852,2.044,215.04619097709656
-0.864,0.52,2.044,215.3477020263672
-1.68,0.9,1.848,215.6492030620575
-0.296,-0.524,2.044,215.9507029056549
-0.296,-0.076,2.044,216.25248503684998
-0.936,0.148,2.044,216.55405688285828
0.392,-0.376,2.044,216.8555588722229
0.2,-0.224,2.044,217.1570918560028
-0.78,0.212,0.664,217.45859599113464
-2.048,0.476,-0.148,217.76037406921387
0.488,-0.244,2.044,218.06202793121338
-0.196,0.16,0.976,218.36365699768066
-1.78,0.724,-1.036,218.66526103019714
-0.256,-0.036,2.044,218.96672987937927
-0.796,0.332,1.128,219.26834297180176
-0.148,-0.2,2.044,219.56987285614014
0.416,-0.288,2.044,219.87127995491028
-0.46,-0.012,1.308,220.1726679801941
-0.14,0.24,2.044,220.47403407096863
0.28,-0.076,1.924,220.77563095092773
1.076,-0.692,2.044,221.077054977417
-0.228,0.376,1.476,221.37840700149536
-0.688,0.464,1.336,221.6797468662262
1.028,-0.856,2.044,221.98109102249146
-0.496,0.088,2.044,222.2826509475708
-2.048,-0.128,2.044,222.58407402038574
-0.576,-0.004,2.044,222.88543105125427
-0.476,0.224,1.572,223.18678188323975
0.272,0.0,2.044,223.48814606666565
-0.796,-0.092,2.044,223.78975987434387
0.244,-1.096,1.856,224.09117984771729
-0.292,0.736,1.848,224.3925359249115
-0.152,-0.276,2.044,224.69387888908386
0.028,-0.576,2.044,224.9953510761261
-1.432,0.18,2.044,225.29716300964355
0.484,0.052,2.044,225.59874391555786
0.66,-1.144,1.944,225.90025091171265
-1.756,0.668,-1.388,226.20175504684448
-1.22,0.188,0.912,226.5056619644165
-0.128,-0.092,1.944,226.80726504325867
0.388,-0.124,0.524,227.10878086090088
-0.008,-0.392,1.32,227.41028594970703
-0.784,0.484,-0.192,227.7117919921875
0.6,-0.528,2.044,228.0135600566864
-0.032,-0.232,2.044,228.31515502929688
-1.576,0.256,2.044,228.61671900749207
-1.184,-1.784,2.044,228.91832399368286
-0.72,0.188,2.044,229.2198770046234
-1.916,1.336,0.416,229.52164697647095
0.316,-0.488,2.044,229.82330703735352
0.08,-0.188,2.044,230.12510085105896
-1.252,0.536,0.12,230.42670488357544
-1.028,0.572,0.46,230.72810888290405
0.232,-0.272,1.96,231.02970004081726
-0.176,-0.092,0.872,231.33113503456116
-0.372,-0.224,2.0,231.63248085975647
-0.156,0.0,1.78,231.93381786346436
-0.276,-0.144,0.98,232.2351679801941
0.692,-1.192,2.044,232.53675198554993
-1.396,1.992,-2.048,232.8381700515747
-0.504,0.08,2.044,233.13951086997986
-0.256,-0.188,2.044,233.44086289405823
-1.684,-0.084,2.044,233.74220395088196
-1.392,-1.58,2.044,234.0438208580017
-0.872,0.408,2.044,234.34529185295105
-1.336,0.476,2.044,234.64665293693542
-0.424,-0.564,2.044,234.9481348991394
-0.58,0.036,2.044,235.2496428489685
-1.388,0.18,1.5,235.55140805244446
2.044,-2.048,0.736,235.85299396514893
-0.532,0.2,2.044,236.15450406074524
-0.504,0.808,0.556,236.45601105690002
-1.32,0.632,2.044,236.75751090049744
0.472,-0.204,1.432,237.05928492546082
1.344,-0.624,2.044,237.36087703704834
0.088,0.168,1.952,237.66237497329712
-1.744,0.94,1.732,237.96387100219727
0.132,0.4,2.044,238.2653648853302
2.044,-0.16,0.584,238.56714391708374
1.18,0.128,-1.524,238.86874389648438
-0.92,0.56,1.508,239.17026090621948
-2.048,0.82,1.348,239.47178602218628
-1.336,-0.004,2.044,239.7733678817749
-0.776,0.46,2.044,240.07515406608582
-1.78,0.212,2.044,240.37674498558044
0.036,-2.048,2.044,240.6782500743866
0.14,-0.284,2.044,240.97975397109985
-1.48,0.444,0.064,241.28126192092896
-2.048,1.252,-1.92,241.58303785324097
-0.02,-0.092,1.784,241.88461899757385
0.58,-0.276,1.004,242.18613386154175
-0.584,-1.648,1.976,242.48763585090637
-2.048,0.788,-0.744,242.7890260219574
-0.656,0.092,2.044,243.09062385559082
-0.336,0.04,2.044,243.39206790924072
-1.324,0.164,2.044,243.69343090057373
-0.668,0.088,2.044,243.99478197097778
-0.044,-0.084,2.044,244.29613089561462
-0.844,0.356,2.044,244.59772086143494
0.776,-0.504,2.044,244.89922404289246
-0.312,-0.188,2.044,245.20075106620789
-1.444,0.316,-0.82,245.50226306915283
-2.048,2.044,-2.048,245.8037669658661
-0.168,-0.22,1.684,246.10553407669067
0.592,-1.116,1.956,246.40711784362793
-0.592,0.0,1.724,246.70878291130066
-2.048,1.444,-1.384,247.01035594940186
-1.176,-0.928,2.044,247.3118760585785
-0.528,0.232,2.044,247.613667011261
-1.664,-0.568,2.044,247.9153230190277
-0.428,-0.216,2.044,248.217139005661
-0.104,-0.08,2.044,248.51873803138733
-1.776,0.3,2.044,248.82026195526123
0.168,0.012,2.044,249.12203097343445
0.076,-0.596,2.044,249.4236319065094
-1.284,0.268,-0.248,249.72518491744995
-1.924,0.936,0.096,250.0267288684845
0.088,-0.028,1.98,250.32830905914307
1.088,-0.48,2.044,250.6300868988037
0.356,-0.796,1.508,250.93168902397156
-0.3,-0.092,2.044,251.2332079410553
-1.592,-1.172,2.044,251.53470587730408
-0.32,0.328,2.044,251.83620190620422
-1.756,0.524,1.82,252.13803696632385
0.664,-1.072,2.044,252.43963098526
-0.288,-0.048,2.044,252.74113607406616
-1.52,0.232,1.232,253.04264497756958
-2.048,1.16,-0.928,253.34415793418884
0.068,-0.476,1.868,253.6459400653839
1.144,1.124,-1.4,253.94753885269165
2.044,-2.048,-0.94,254.24905800819397
-0.98,0.52,0.428,254.55044794082642
-0.752,0.516,1.716,254.8518009185791
-0.292,0.04,2.044,255.15354800224304
-1.904,0.516,2.02,255.45505690574646
-1.248,-1.548,2.044,255.75649285316467
-0.752,0.384,1.98,256.05788493156433
-2.048,1.296,1.68,256.35923886299133
0.172,0.004,2.044,256.660826921463
-0.88,0.268,1.94,256.96225905418396
-1.62,0.344,0.704,257.26361203193665
-2.048,2.044,-2.048,257.564954996109
-0.052,-0.26,2.044,257.8662939071655
2.044,-0.196,-1.476,258.1678819656372
0.392,-2.048,2.044,258.4693138599396
-0.84,0.168,0.8,258.77065896987915
0.12,-0.848,2.044,259.0720000267029
-0.776,-0.012,1.528,259.3733458518982
-2.048,-0.88,0.728,259.6749379634857
-1.78,-0.28,2.044,259.97656202316284
-0.892,0.724,2.044,260.2781138420105
-1.592,0.704,2.044,260.5796229839325
-0.264,-0.072,2.044,260.88120007514954
-0.668,0.08,2.044,261.18299293518066
-1.788,0.44,0.288,261.4845700263977
-0.256,-0.536,-0.272,261.78607201576233
-0.432,0.3,2.044,262.08762288093567
-0.38,1.324,0.824,262.3891360759735
-1.284,0.184,1.552,262.6909079551697
-0.332,0.088,1.44,262.99248695373535
-0.056,-0.208,2.044,263.2940049171448
0.196,-0.028,0.388,263.59554386138916
-0.608,0.48,1.444,263.89707589149475
1.044,-0.52,2.044,264.19884991645813
-0.584,0.112,2.044,264.50042390823364
-1.576,-0.28,2.044,264.8019280433655
-0.648,-0.616,2.044,265.1034288406372
-0.548,0.136,2.044,265.4049348831177
-1.912,0.96,1.544,265.70671701431274
-0.368,-2.048,2.044,266.00833201408386
-0.572,0.02,2.044,266.3099248409271
-1.292,-0.052,2.044,266.61133098602295
0.588,0.32,2.044,266.91268491744995
-0.02,-0.192,1.948,267.2142848968506
0.064,0.168,-0.876,267.5156948566437
1.12,-0.152,2.044,267.8170368671417
-0.4,0.048,1.676,268.11838388442993
0.648,-0.208,1.008,268.41974091529846
0.176,-0.412,1.6,268.7213349342346
-0.684,0.716,0.744,269.02275586128235
1.224,-0.832,2.044,269.3241069316864
-0.764,0.44,1.164,269.62544894218445
-2.048,-2.048,1.008,269.92684602737427
-1.348,-0.876,2.044,270.2286128997803
-0.368,0.092,2.044,270.53019094467163
-1.364,0.292,2.044,270.8316888809204
-0.392,-1.196,2.044,271.1331970691681
-0.3,0.048,2.044,271.4347219467163
-1.828,0.568,1.692,271.73651695251465
-0.672,-0.444,2.044,272.03810596466064
-0.232,-0.188,2.044,272.33962202072144
-1.292,0.308,2.044,272.6411190032959
0.116,-0.52,2.044,272.9426200389862
-0.092,-0.224,2.044,273.24439787864685
-1.252,0.756,-0.888,273.54606795310974
-1.816,1.344,-1.164,273.84761786460876
-0.152,0.228,1.82,274.1491298675537
2.044,-0.06,-1.584,274.45063996315
-1.26,-0.08,0.708,274.7524118423462
-1.12,0.488,1.296,275.0540008544922
-0.592,-1.344,1.7,275.35551285743713
-0.292,0.044,2.044,275.65710496902466
-1.9,-0.496,1.008,275.95861887931824
-0.936,0.572,1.516,276.2604088783264
-0.544,0.32,1.82,276.5619809627533
-1.86,1.444,0.952,276.8635468482971
2.044,-2.048,1.972,277.1650869846344
-0.096,-0.132,2.044,277.466600894928
-0.82,0.02,0.984,277.7683889865875
-2.028,1.392,-0.528,278.06997990608215
-0.156,-0.544,2.044,278.37152886390686
0.74,-0.412,1.484,278.67306900024414
0.196,-0.616,1.704,278.9745080471039
-1.044,0.268,0.556,279.27611088752747
0.176,-0.108,2.044,279.5775258541107
-0.02,-0.216,2.044,279.8788859844208
-1.828,0.12,1.652,280.18024492263794
-0.592,0.244,2.044,280.48158597946167
-0.644,0.332,1.596,280.7831828594208
-1.764,0.988,1.8,281.0845959186554
-0.372,-0.26,2.044,281.38594007492065
-0.532,0.136,2.044,281.687451839447
-1.676,0.444,1.688,281.98890590667725
0.88,-0.264,2.044,282.29052901268005
0.044,-1.084,2.044,282.59194588661194
-1.328,0.364,-0.072,282.8932988643646
-0.032,-0.324,2.044,283.19478392601013
-0.736,0.372,0.784,283.49629497528076
0.448,-0.196,2.032,283.79818296432495
-1.348,0.328,0.964,284.09977889060974
-2.048,0.488,0.428,284.40129685401917
-0.632,0.036,2.044,284.70280385017395
-0.196,0.18,2.044,285.004301071167
-1.612,1.164,2.044,285.30607986450195
0.0,-0.348,2.044,285.6076488494873
-0.364,-0.124,2.044,285.9091548919678
-1.412,0.244,1.348,286.2106590270996
0.076,0.12,2.044,286.5121560096741
0.224,-0.44,1.524,286.8139228820801
-1.204,0.892,0.216,287.1154959201813
0.792,-0.792,2.044,287.4170968532562
-0.532,0.204,1.756,287.7186839580536
0.948,-0.236,2.044,288.0202069282532
-0.016,-0.132,2.044,288.32199597358704
-2.048,-0.832,1.616,288.6235909461975
-0.692,0.48,1.684,288.92511200904846
-0.908,0.416,2.044,289.2266209125519
-1.252,0.5,2.044,289.52812099456787
-0.32,-0.5,2.044,289.82990288734436
-0.244,-0.08,2.044,290.1317479610443
-1.436,0.688,1.44,290.4332330226898
0.592,-0.42,2.044,290.7345950603485
1.392,-1.604,1.52,291.0359420776367
0.372,0.088,-1.428,291.33754205703735
-0.9,0.608,0.18,291.6389560699463
-0.244,-0.096,1.708,291.94030594825745
0.88,-0.248,2.04,292.2416889667511
0.144,-0.66,2.044,292.54304099082947
-2.048,1.392,-0.436,292.8446500301361
-0.132,-0.156,2.044,293.14625787734985
0.06,-0.068,2.044,293.4478039741516
-1.18,0.256,2.044,293.7493259906769
-0.756,-0.028,2.044,294.0508508682251
-0.848,-0.016,2.044,294.3526420593262
-1.792,0.508,1.748,294.6542708873749
0.188,-0.328,2.044,294.95578789711
-0.18,-0.244,2.044,295.25729393959045
-1.476,0.112,0.696,295.55879402160645
-1.82,0.96,-0.116,295.8605718612671
0.584,-0.428,2.044,296.16215085983276
0.176,0.0,0.956,296.4636459350586
0.016,-2.048,1.508,296.7651410102844
-1.34,0.868,-0.536,297.0666379928589
0.684,-0.232,2.044,297.3684198856354
-0.748,0.268,1.204,297.66999888420105
-2.048,-2.048,2.044,297.9715299606323
-1.244,0.496,2.044,298.2731080055237
-0.232,0.12,2.044,298.5746650695801
-1.252,0.492,2.044,298.87637305259705
-1.012,-0.116,2.044,299.1780369281769
-0.436,-0.028,2.044,299.47955799102783
-1.12,1.5,1.216,299.7810959815979
0.524,-0.392,2.044,300.0826139450073
0.288,-0.948,1.712,300.38439202308655
-2.048,0.268,2.044,300.68596291542053
-2.048,0.868,-1.552,300.98747205734253
0.268,-0.532,2.044,301.28898096084595
1.052,1.632,0.664,301.5904760360718
-0.312,-1.172,0.48,301.8922510147095
-1.752,0.832,-0.664,302.1937298774719
-0.448,0.504,2.044,302.4950840473175
-1.0,0.324,1.004,302.7964198589325
-1.556,0.656,0.464,303.09824895858765
-0.724,0.372,2.044,303.3997628688812
0.096,-0.244,2.044,303.7012560367584
-2.048,0.044,2.044,304.0026478767395
-1.272,-1.044,2.044,304.30400586128235
-0.648,0.096,2.044,304.6056010723114
-1.784,0.684,1.628,304.9070429801941
0.036,-0.064,2.044,305.20840406417847
-0.408,-0.032,2.044,305.50974702835083
-1.464,0.504,0.492,305.8110828399658
-0.72,-0.02,-1.1,306.11266899108887
-0.7,1.184,1.124,306.4140999317169
0.24,-0.468,1.596,306.71560287475586
-0.72,0.42,0.74,307.0170168876648
-0.244,0.108,1.94,307.31836795806885
-0.028,0.2,1.68,307.6199679374695
-0.232,0.016,2.044,307.9215979576111
-2.048,0.4,0.904,308.2234139442444
-0.768,0.2,2.044,308.52499294281006
-0.584,0.248,2.044,308.8265359401703
-0.812,-0.04,2.044,309.12839698791504
-0.428,-0.276,2.044,309.4299910068512
-0.516,0.028,2.044,309.7315628528595
-1.188,0.468,1.724,310.0331630706787
-0.264,-0.488,2.044,310.3346998691559
0.004,-0.424,2.044,310.6364688873291
-1.708,0.36,-0.296,310.9381160736084
-2.048,1.704,-2.048,311.2396378517151
0.06,-0.248,2.044,311.54113507270813
-0.336,-0.756,1.58,311.8426659107208
-0.144,-2.048,0.14,312.14444184303284
-2.048,-0.216,-1.088,312.4460349082947
-0.82,0.592,2.044,312.74755597114563
-0.08,-0.056,2.044,313.0490698814392
-1.808,-0.5,2.044,313.35057306289673
-0.984,-0.68,2.044,313.6523549556732
-0.664,0.608,2.044,313.9539740085602
-1.58,0.252,2.044,314.25559401512146
-0.656,-0.228,2.044,314.5570709705353
-0.564,0.224,1.932,314.8584609031677
-1.652,1.028,0.544,315.16005396842957
-0.212,-0.164,2.044,315.46148896217346
-0.272,-0.508,2.044,315.76285004615784
-1.66,0.512,2.044,316.064199924469
0.452,-0.108,2.044,316.36554503440857
0.104,-0.168,2.044,316.6671299934387
-1.544,0.392,0.292,316.96856904029846
-2.048,1.568,-2.048,317.2700879573822
0.204,-0.392,2.044,317.57147192955017
2.044,-0.032,0.58,317.8728189468384
-0.044,-0.704,2.044,318.1745710372925
0.084,-0.204,1.692,318.4761459827423
0.376,-0.124,1.624,318.7776620388031
-0.864,0.468,0.388,319.07918787002563
-1.344,-0.216,0.276,319.3807020187378
-1.596,-0.144,2.044,319.6859209537506
-0.328,-0.024,2.044,319.98755502700806
-1.396,0.676,2.044,320.28908586502075
-0.94,0.024,2.044,320.5905828475952
-0.264,0.076,2.044,320.89209389686584
-1.532,1.108,0.964,321.19387698173523
-0.044,-0.224,2.044,321.4954569339752
-0.144,-0.564,1.768,321.797080039978
-1.464,0.492,1.488,322.0985908508301
0.34,0.288,2.044,322.40009093284607
0.044,-0.268,2.044,322.70187497138977
2.044,-0.924,0.1,323.00346207618713
-0.948,0.652,0.38,323.30498003959656
0.14,-0.292,2.04,323.60649490356445
0.664,-0.652,1.336,323.9080798625946
-1.108,0.02,0.472,324.20986890792847
-0.628,0.408,1.064,324.51145195961
-0.64,0.16,1.972,324.8163080215454
-0.504,0.032,1.82,325.11785793304443
-1.848,0.5,1.96,325.4193789958954
-1.624,-0.704,2.044,325.7211580276489
-0.18,0.108,2.044,326.02274799346924
-0.844,0.12,2.044,326.324147939682
-0.804,-0.1,2.044,326.62549591064453
-0.892,0.064,2.044,326.92688488960266
-1.904,1.06,1.124,327.2284879684448
0.164,-0.088,2.044,327.52989888191223
0.008,-0.492,2.044,327.8312499523163
-0.68,0.12,1.808,328.13272285461426
0.576,0.024,2.044,328.43423199653625
1.196,-0.788,1.724,328.7360088825226
1.304,-0.844,0.456,329.0375909805298
0.2,-0.552,2.044,329.33910298347473
-0.72,0.136,1.812,329.6406009197235
0.776,-0.38,2.044,329.9468069076538
-0.668,0.124,1.508,330.2486069202423
-2.048,-0.52,1.952,330.55018401145935
-1.492,-0.992,2.044,330.8516960144043
-0.856,0.568,2.044,331.1531949043274
-1.304,0.188,2.044,331.4546959400177
-0.86,-0.008,2.044,331.7564709186554
-0.3,-0.076,2.044,332.0581228733063
-1.36,1.02,0.868,332.35962891578674
0.272,-0.08,2.044,332.6611268520355
0.464,-1.06,2.044,332.96263003349304
-1.676,0.376,-0.676,333.2644100189209
-2.048,1.784,-2.048,333.5659980773926
0.204,-0.248,2.044,333.867595911026
0.392,-0.904,2.044,334.1691360473633
0.06,-0.864,1.92,334.4706439971924
-0.508,0.568,1.72,334.7724208831787
1.508,-0.86,2.044,335.07684803009033
0.804,-0.456,2.044,335.37840604782104
-1.408,0.76,1.784,335.6799190044403
-1.272,0.492,2.044,335.98143100738525
-0.412,-0.288,2.044,336.2832169532776
0.124,0.072,0.768,336.5847849845886
-0.876,0.192,1.4,336.88629603385925
-0.56,0.272,0.404,337.1878020763397
-0.144,0.304,2.044,337.4892978668213
0.192,-0.368,2.044,337.79107999801636
-2.048,-2.048,1.508,338.0925760269165
-1.596,-0.976,2.044,338.39396500587463
-1.18,0.364,2.044,338.6954469680786
-1.736,0.64,2.044,338.99684596061707
0.072,-0.232,2.044,339.29844903945923
-0.312,-0.04,2.044,339.5998640060425
-1.576,0.256,1.74,339.9012360572815
-2.048,1.312,-2.032,340.2076849937439
-0.532,0.264,2.044,340.509085893631
2.044,1.676,2.044,340.81065797805786
-0.56,-0.036,2.044,341.11206698417664
-1.592,0.044,0.868,341.41342306137085
-1.496,-0.544,2.044,341.7147719860077
-0.156,-0.104,2.044,342.01611590385437
-1.304,-0.556,2.044,342.31770396232605
-0.744,0.076,2.044,342.61911392211914
-0.58,-0.2,2.044,342.9206030368805
-1.872,0.812,1.292,343.2221200466156
0.836,-0.348,2.044,343.5236270427704
0.784,-0.312,1.936,343.82540106773376
2.044,-0.664,-0.076,344.1270649433136
0.588,-0.332,0.556,344.42858695983887
-0.772,0.284,-0.384,344.7300980091095
-0.704,0.496,2.044,345.0316090583801
-0.024,0.016,2.044,345.33583903312683
-1.292,0.864,2.044,345.63743591308594
-0.088,-0.62,2.044,345.93903493881226
-0.164,-0.124,2.044,346.2405638694763
-1.604,0.448,1.448,346.5420708656311
-2.048,1.332,-1.74,346.84381794929504
-0.248,-0.36,1.84,347.1454129219055
2.044,1.42,2.044,347.4469289779663
-0.124,-0.156,1.808,347.7485020160675
-2.048,-0.004,-0.08,348.0500068664551
-2.048,-0.956,2.044,348.35176396369934
-0.76,0.488,1.72,348.6533958911896
-2.036,0.956,1.228,348.9549548625946
0.584,-0.524,2.044,349.2564790248871
0.712,-1.828,1.484,349.5580759048462
-0.92,0.076,0.064,349.8597559928894
0.476,-0.796,2.044,350.1613998413086
-1.128,-0.048,0.66,350.46641302108765
-0.784,0.484,2.044,350.76783895492554
0.092,-0.384,2.044,351.0692138671875
-1.372,-0.02,2.044,351.37073588371277
-0.968,-0.032,2.044,351.67213892936707
-0.636,0.036,2.044,351.97350096702576
-1.552,0.388,1.944,352.2748579978943
0.576,0.448,2.044,352.576199054718
0.0,-0.228,2.044,352.8777668476105
2.044,1.52,-2.008,353.1793940067291
2.044,-2.048,-1.224,353.480917930603
-1.224,1.212,-0.356,353.78243494033813
-0.896,0.256,2.044,354.0839478969574
-0.008,-0.06,2.044,354.38567185401917
-0.948,0.424,2.044,354.6872489452362
-0.092,-0.144,2.044,354.9887819290161
-0.844,-0.3,2.044,355.29030299186707
-2.048,0.424,0.872,355.59645795822144
-0.96,0.348,2.044,355.89832401275635
0.48,-0.076,1.544,356.1999099254608
2.044,1.644,1.456,356.5014159679413
-0.644,0.084,0.868,356.8029189109802
-1.788,1.296,-1.172,357.1044280529022
-1.036,-0.648,1.88,357.4061779975891
-0.012,0.056,1.984,357.7077548503876
-1.54,0.532,1.996,358.0092809200287
-0.512,-0.652,2.044,358.31079506874084
-0.148,0.22,2.044,358.61230206489563
0.184,0.908,1.108,358.9140660762787
-1.964,0.736,1.452,359.21564984321594
-1.984,0.952,1.076,359.5172049999237
-0.784,0.316,2.044,359.8187298774719
-0.516,-0.144,1.848,360.1202380657196
-1.288,0.232,1.608,360.42202591896057
-2.0,0.4,-0.152,360.72617197036743
-0.292,-0.616,2.044,361.02775502204895
2.044,0.896,1.552,361.32928586006165
-0.636,-0.524,1.188,361.63079500198364
-0.948,0.336,1.476,361.9324049949646
-1.22,0.2,1.476,362.2338230609894
-0.188,-0.276,2.044,362.53517484664917
-2.048,-0.884,1.712,362.8365249633789
-0.64,-1.364,2.044,363.13791489601135
-0.848,0.324,2.044,363.43948888778687
-1.644,0.656,1.556,363.74091386795044
-0.276,-0.372,2.044,364.0422668457031
-0.352,-0.08,2.044,364.34361696243286
-0.76,0.228,2.044,364.6449589729309
0.044,-0.844,2.044,364.94652700424194
-0.3,-0.316,2.044,365.2479610443115
-1.34,0.016,-0.18,365.5493059158325
-2.048,2.044,-2.048,365.85394287109375
-0.048,-0.26,1.792,366.15532994270325
0.856,0.06,-0.1,366.4568998813629
0.744,-1.012,1.012,366.75849294662476
-0.816,0.416,1.28,367.05989599227905
0.776,-0.684,1.56,367.36124992370605
-0.428,-0.18,1.484,367.6627540588379
-1.464,0.94,-0.18,367.9645369052887
-0.616,0.016,2.044,368.2663538455963
-1.012,0.452,2.044,368.5680239200592
-2.048,0.672,2.044,368.8695468902588
-1.092,0.452,2.044,369.17132592201233
-0.616,0.244,2.044,369.47294187545776
-1.912,0.684,1.252,369.77450585365295
-0.744,-0.652,2.044,370.07603693008423
-0.828,-0.34,2.044,370.3775520324707
-0.776,-0.152,2.044,370.67929005622864
-0.212,0.14,2.044,370.9809808731079
0.54,-0.508,2.044,371.28254294395447
-1.172,0.152,0.36,371.5840518474579
1.156,-1.32,2.044,371.88555693626404
-0.224,-0.128,1.64,372.18729996681213
0.96,-0.148,2.032,372.48888897895813
-0.716,0.264,1.216,372.790403842926
-0.592,0.58,0.784,373.0919120311737
-1.724,-0.712,1.952,373.39344000816345
-0.196,-0.096,2.044,373.69518184661865
-1.236,-0.92,2.044,373.9966869354248
-1.28,-0.796,2.044,374.2980749607086
-0.8,0.292,1.824,374.59943103790283
-1.988,1.22,0.932,374.9007830619812
-0.552,-0.076,2.044,375.2023539543152
-0.284,-0.1,2.044,375.5037770271301
-1.508,0.736,1.612,375.80514192581177
0.088,-0.252,2.044,376.10909390449524
-0.036,-0.204,2.044,376.410493850708
1.696,-0.404,0.312,376.71207189559937
-1.376,0.868,-0.268,377.01349091529846
0.5,-0.26,1.848,377.31484603881836
0.492,-0.072,1.46,377.61618995666504
-0.344,-0.044,1.528,377.91768288612366
-2.048,0.948,-1.66,378.21944785118103
-0.272,0.564,2.044,378.52101707458496
-0.244,0.14,2.044,378.8225328922272
-1.588,0.8,2.044,379.12404704093933
-0.872,-1.604,2.044,379.4255578517914
-0.592,0.16,2.044,379.727303981781
-2.028,1.236,0.72,380.02889585494995
0.256,-1.42,2.044,380.33041405677795
-0.28,-0.192,2.044,380.6319179534912
-1.44,0.268,0.712,380.9334309101105
-1.856,1.104,-0.836,381.238646030426
-0.18,-0.08,2.044,381.5402479171753
0.624,0.028,-1.008,381.8417739868164
1.172,-1.56,0.652,382.14328503608704
-0.62,0.308,1.648,382.4447958469391
1.836,-0.212,2.044,382.74653697013855
-0.796,-0.216,2.044,383.0481209754944
-1.672,0.952,-1.668,383.34964394569397
-1.264,-0.608,2.044,383.6511559486389
-0.34,0.016,2.044,383.95275592803955
-1.048,-0.092,2.044,384.25455498695374
-0.972,-0.544,2.044,384.5561308860779
-0.52,0.056,2.044,384.8576798439026
-1.54,1.188,0.708,385.159206867218
0.12,-0.332,2.044,385.4607059955597
-0.24,-0.176,2.044,385.7623209953308
0.452,-0.348,0.372,386.0637400150299
-0.504,-0.172,2.044,386.387748003006
1.056,-0.22,1.864,386.6891670227051
0.724,-0.208,2.044,386.9905438423157
0.012,-1.904,2.044,387.29212403297424
-1.08,-0.304,0.488,387.59354996681213
-2.048,-1.12,2.044,387.8949120044708
-0.196,0.236,2.044,388.1963939666748
-1.108,-0.168,2.044,388.4979009628296
-0.44,-0.328,2.044,388.79966402053833
-0.844,0.076,2.044,389.101243019104
-2.048,1.032,1.48,389.4027490615845
0.292,-0.212,2.044,389.7042648792267
-0.508,-0.152,2.044,390.00593996047974
-1.66,0.304,0.648,390.30771803855896
-2.048,0.44,-1.256,390.60931301116943
0.552,-0.564,2.032,390.9108428955078
2.044,0.612,1.432,391.21234798431396
-0.752,0.172,1.152,391.53357195854187
-2.048,1.152,-2.048,391.8353810310364
0.808,-0.548,1.924,392.1370449066162
0.136,-0.216,2.044,392.4385678768158
-2.048,0.604,1.636,392.74008202552795
-1.264,-0.44,2.044,393.04158997535706
-1.372,0.48,2.044,393.34333896636963
-2.048,1.184,1.016,393.6449248790741
0.204,-0.388,2.044,393.94645404815674
-0.52,-0.116,2.044,394.24806785583496
-1.476,-0.396,1.452,394.54956793785095
0.008,-0.232,2.044,394.85132098197937
0.02,-0.332,2.044,395.15289092063904
-1.628,0.584,-0.916,395.454393863678
-0.128,-0.256,1.872,395.7559030056
-0.44,0.132,2.044,396.05741000175476
2.044,-0.556,1.844,396.3591740131378
-0.448,-0.044,1.896,396.67812991142273
-2.048,-0.264,1.516,396.97978806495667
-0.9,0.192,1.876,397.2813169956207
-0.524,0.756,2.044,397.5828330516815
-1.528,1.104,-0.228,397.8844418525696
-0.776,-0.18,2.044,398.1859118938446
-0.008,-0.168,1.408,398.48728585243225
-0.132,0.1,1.128,398.788733959198
-0.632,0.124,2.044,399.0901210308075
-1.784,-0.012,0.924,399.39169692993164
-2.016,-1.104,2.044,399.69313788414
-0.672,0.212,2.044,399.99449396133423
-1.06,0.084,2.044,400.29583501815796
-0.144,-0.352,2.044,400.59717988967896
-1.292,0.088,2.044,400.8987469673157
-1.324,-0.056,2.044,401.20014786720276
0.492,0.144,2.044,401.5014879703522
0.224,-0.252,2.044,401.82397294044495
-0.368,0.068,0.988,402.1253650188446
-1.048,-0.364,1.676,402.4269368648529
-2.048,0.284,0.076,402.72841596603394
-0.804,0.3,2.044,403.0299069881439
0.184,-0.232,2.044,403.3314120769501
-1.864,0.2,2.044,403.6329400539398
-1.0,-1.268,2.044,403.9347360134125
-0.72,0.176,2.024,404.2363018989563
-1.74,1.256,0.828,404.5378038883209
-0.332,-0.16,2.044,404.8393259048462
-0.244,-0.28,2.044,405.14084005355835
-1.824,1.204,0.668,405.4425859451294
0.348,-0.408,2.044,405.74419689178467
1.884,-2.048,1.88,406.0457139015198
-0.32,-0.436,0.024,406.3472158908844
-2.048,0.484,-0.544,406.6487319469452
0.46,-0.3,1.752,406.9504978656769
0.336,0.016,1.416,407.25206995010376
-0.36,-0.852,2.044,407.5535888671875
-0.808,0.236,1.216,407.85510301589966
0.3,0.004,2.044,408.1566090583801
-0.328,-0.124,1.884,408.45835304260254
-2.048,-0.884,1.068,408.75999784469604
-1.16,-0.92,2.044,409.06157398223877
-0.012,-0.076,2.044,409.3631110191345
-1.664,-0.336,2.044,409.6645178794861
-0.544,-0.12,2.044,409.96612095832825
-0.54,0.288,1.868,410.2676830291748
-1.42,1.1,1.02,410.5690829753876
-0.108,-0.356,2.044,410.87045192718506
-0.056,-0.244,2.044,411.17185497283936
-1.784,0.192,2.044,411.4734299182892
0.62,-0.176,2.044,411.7748649120331
0.448,-0.424,2.044,412.09919595718384
-0.428,0.108,1.692,412.40058994293213
-0.36,-1.372,0.528,412.70195484161377
-2.048,0.732,-0.692,413.00367188453674
-0.896,0.748,2.044,413.3054299354553
-0.424,0.26,2.044,413.6070909500122
-1.516,1.184,0.768,413.9086289405823
0.292,-1.236,2.044,414.2101409435272
-0.388,0.136,1.968,414.51188588142395
-1.196,0.256,1.396,414.8134880065918
0.188,0.164,2.044,415.11500692367554
0.252,-0.304,1.844,415.4165098667145
0.848,-0.2,0.752,415.7180950641632
0.016,-1.368,2.044,416.01982402801514
-0.816,-0.62,2.044,416.3213939666748
0.92,-0.204,2.044,416.62290501594543
0.2,-1.152,2.024,416.924418926239
-2.048,-2.048,1.616,417.2456569671631
-2.028,-1.016,2.044,417.5472559928894
-0.548,0.268,2.044,417.8487968444824
-1.772,1.18,2.044,418.1503119468689
-0.156,-0.18,2.044,418.4518129825592
-0.404,-0.108,2.044,418.75355792045593
-1.336,0.116,1.86,419.05514788627625
0.648,-0.508,2.044,419.35665798187256
0.42,-0.46,2.044,419.65818786621094
0.304,0.052,-1.032,419.9597098827362
-1.616,0.908,-0.244,420.26145195961
0.08,-0.372,2.044,420.56302094459534
0.46,0.832,1.832,420.8645360469818
-1.06,0.044,0.556,421.1660430431366
-0.704,0.492,0.872,421.4674320220947
-0.6,0.432,2.044,421.7690830230713
-0.316,-0.068,2.044,422.0705289840698
-2.048,-0.452,0.172,422.3722059726715
-0.828,0.24,2.044,422.6736400127411
0.232,-0.16,2.044,422.975172996521
-0.792,-0.06,2.044,423.2767770290375
-0.256,-0.168,2.044,423.5780780315399
-0.492,-0.128,2.044,423.87944197654724
-1.44,0.224,1.832,424.1808240413666
0.592,0.012,2.044,424.4821660518646
0.14,-0.388,2.044,424.7837300300598
-1.972,0.052,0.392,425.08514404296875
-1.844,0.9,-0.416,425.3864860534668
0.052,-0.288,1.56,425.68783497810364
1.784,0.484,1.38,425.9892270565033
0.32,-0.932,1.536,426.2907979488373
-0.472,0.98,0.396,426.59235286712646
-1.224,0.06,2.02,426.89377093315125
0.008,-0.128,2.044,427.19512391090393
-1.644,0.056,2.044,427.4965410232544
-0.5,0.0,2.044,427.8208649158478
-0.2,-1.036,2.044,428.122642993927
-1.828,0.704,1.136,428.4243710041046
0.252,-0.144,2.044,428.7259578704834
0.036,-0.216,2.044,429.027489900589
2.044,0.56,-0.076,429.32923698425293
0.212,-0.34,2.044,429.63082790374756
0.008,-0.116,1.844,429.93247389793396
0.176,0.052,2.044,430.23401284217834
-0.684,0.004,1.944,430.53551197052
-2.048,0.952,-2.048,430.83725905418396
-1.048,-0.664,2.044,431.13883900642395
-0.492,0.16,2.044,431.4403450489044
-1.552,1.352,1.58,431.7418580055237
-0.392,-0.016,2.044,432.0433700084686
-0.616,0.028,2.044,432.3451159000397
-0.484,-0.392,0.62,432.64670586586
-0.168,0.232,1.612,432.9482889175415
0.144,-0.068,1.924,433.24991393089294
1.068,-0.616,1.208,433.55132484436035
0.612,-1.476,1.02,433.85292196273804
-0.836,1.036,-0.4,434.1543378829956
0.816,-0.528,2.044,434.4556849002838
-0.432,0.024,1.444,434.75705099105835
-1.82,0.76,-0.14,435.05841588974
-0.916,-0.516,2.044,435.3599820137024
-0.844,0.412,1.872,435.66139793395996
-0.904,-0.176,2.044,435.9627630710602
-0.1,-0.36,2.044,436.2641088962555
-0.32,-0.104,2.044,436.56544399261475
-2.02,0.492,2.044,436.86706805229187
0.2,0.208,2.044,437.16848492622375
-0.156,-0.092,1.892,437.46983098983765
2.044,-1.2,-2.048,437.77118492126465
-0.568,0.552,0.508,438.0901999473572
-0.784,0.256,1.132,438.3919699192047
-0.896,0.496,1.816,438.6935889720917
-0.236,-0.036,2.044,438.99519991874695
-2.048,-0.168,2.044,439.2967450618744
-0.94,-1.088,2.044,439.5982608795166
-1.6,-0.896,2.044,439.9000520706177
-2.048,-1.18,2.044,440.201621055603
-1.476,0.416,2.044,440.50312185287476
-1.48,-0.308,2.044,440.80463695526123
-1.904,0.208,1.484,441.1061489582062
2.044,-2.048,1.864,441.40789890289307
-0.548,0.2,2.044,441.7094929218292
-0.7,0.412,1.02,442.01101303100586
-0.008,-0.528,2.044,442.31251406669617
-0.532,0.252,2.044,442.6140239238739
2.044,-2.048,0.236,442.915766954422
-0.26,-0.368,2.044,443.241996049881
-1.396,1.108,-0.356,443.54356384277344
-2.048,-0.62,2.044,443.8451750278473
-0.352,0.204,2.044,444.14676904678345
-1.812,-0.26,2.044,444.44853687286377
-0.944,-0.316,2.044,444.75014305114746
-1.028,0.208,2.044,445.0516710281372
-1.896,0.956,1.404,445.3530628681183
0.076,-0.224,2.044,445.65442991256714
-0.684,-0.192,2.044,445.956001996994
-1.828,0.384,1.956,446.2574119567871
0.748,-0.216,2.044,446.558944940567
-0.212,-0.364,2.044,446.86038398742676
-1.78,0.336,0.752,447.16179394721985
-2.048,1.592,-2.048,447.4633688926697
0.176,-0.312,2.044,447.7648010253906
1.116,0.232,1.356,448.0662920475006
-1.164,-0.452,2.044,448.3678228855133
-2.048,-2.048,1.984,448.66943287849426
-0.612,0.644,1.976,448.9711949825287
-0.164,0.084,2.044,449.2727589607239
-1.508,-0.024,2.044,449.57446789741516
-0.928,-0.132,2.044,449.87606501579285
-0.724,0.22,2.044,450.17758893966675
-0.48,0.908,1.716,450.479367017746
0.384,-0.544,2.044,450.78096103668213
-0.376,-0.688,2.044,451.08247590065
-2.048,0.404,2.044,451.383975982666
0.204,0.272,2.044,451.6854739189148
0.172,-0.632,1.984,451.9872200489044
-1.184,0.292,-0.348,452.28879284858704
-0.684,0.356,0.692,452.5903069972992
-0.316,-0.072,2.044,452.89182305336
-0.304,-1.1,1.804,453.19332695007324
-1.352,-0.292,1.064,453.4950828552246
-2.044,0.432,1.512,453.8146300315857
-1.172,-0.712,2.044,454.1162860393524
-0.9,0.344,2.044,454.4178080558777
-1.356,0.492,2.044,454.7193260192871
-0.528,-0.172,2.044,455.0210790634155
-0.124,-0.272,2.044,455.3226480484009
-1.756,1.156,0.976,455.62415289878845
0.22,-0.376,2.044,455.9256680011749
-0.796,-0.116,2.044,456.22716999053955
-1.616,0.152,-0.216,456.5289189815521
-0.488,0.604,1.592,456.8305778503418
-0.252,0.092,1.56,457.1319899559021
2.044,1.684,-0.176,457.43334197998047
-0.256,-0.488,0.516,457.734699010849
-0.636,0.508,1.216,458.0364148616791
0.412,0.0,2.044,458.33793902397156
-0.5,-0.144,1.792,458.6393189430237
-2.048,0.464,-0.96,458.94083189964294
-1.512,-0.364,2.044,459.2422389984131
-0.712,0.068,2.044,459.54380893707275
-0.732,0.2,2.044,459.8452489376068
-1.496,-1.944,2.044,460.1466028690338
-0.536,0.052,2.02,460.4479410648346
-1.936,1.152,1.2,460.7492849826813
-0.052,-0.18,2.044,461.05087995529175
-0.508,-0.56,2.044,461.35228085517883
-1.284,-0.004,2.044,461.65363001823425
0.192,0.304,1.896,461.9549789428711
-0.208,-0.104,2.044,462.2563199996948
1.232,2.044,1.36,462.5578770637512
0.28,-0.516,2.044,462.8593080043793
-0.72,0.136,2.028,463.16081404685974
0.66,-0.604,2.044,463.46231603622437
-0.344,-0.02,0.572,463.7638280391693
-2.048,0.264,0.884,464.08845806121826
-0.864,-0.076,2.044,464.39006090164185
0.432,-0.468,2.044,464.69159293174744
-2.048,-0.392,2.044,464.99312591552734
-0.956,-0.748,2.044,465.29486203193665
-0.648,0.284,2.044,465.5964460372925
-1.98,1.02,1.588,465.8980710506439
-0.32,-0.028,2.044,466.199579000473
-0.24,-0.712,2.044,466.50107288360596
-1.532,0.476,1.616,466.8028230667114
0.684,-0.268,2.044,467.1044239997864
0.412,-0.856,2.036,467.4059410095215
-1.692,0.504,-0.056,467.70745301246643
1.068,0.196,2.044,468.00901889801025
-0.196,-0.168,2.044,468.31076407432556
-0.776,0.172,-0.172,468.6123478412628
-2.048,1.528,-2.048,468.91387701034546
0.296,-1.036,1.696,469.234650850296
2.044,0.848,-0.736,469.5360498428345
-0.936,-1.484,0.608,469.83757305145264
-1.668,0.616,0.072,470.1391849517822
-0.312,0.16,2.044,470.4406039714813
-1.004,0.216,1.712,470.74197602272034
-2.048,-1.496,1.66,471.0433449745178
-1.572,-0.312,2.044,471.34492897987366
-0.584,0.224,2.044,471.6463520526886
-2.048,0.972,1.6,471.94771003723145
0.028,-0.296,2.044,472.2490608692169
-0.484,0.104,1.972,472.5503969192505
-1.176,0.204,0.8,472.8519558906555
0.372,-0.412,2.044,473.1535029411316
0.216,-0.312,2.044,473.45500206947327
0.372,0.104,0.528,473.756511926651
-2.032,1.772,-2.048,474.0581729412079
-0.464,0.052,2.012,474.3804500102997
1.88,-0.292,1.676,474.68206787109375
-1.164,-2.048,0.952,474.9836699962616
-0.516,0.128,1.856,475.285178899765
1.152,0.02,2.044,475.5866940021515
-0.512,-0.76,1.88,475.88844299316406
-1.68,0.948,-0.332,476.1900248527527
-1.924,-1.2,2.044,476.49152994155884
-0.232,-0.048,2.044,476.79304695129395
-2.048,0.148,1.18,477.09455394744873
-0.744,-0.74,2.044,477.39630007743835
-0.968,0.284,2.004,477.6979169845581
-1.192,0.596,1.928,477.999440908432
-0.144,-0.32,2.044,478.3009419441223
0.184,-0.344,2.044,478.6024479866028
-1.56,-0.26,2.044,478.90418791770935
-0.556,0.544,1.192,479.2057909965515
-1.34,0.304,0.628,480.45918703079224
-2.048,-0.944,1.416,480.7608149051666
-0.128,-0.216,2.044,481.06223702430725
-2.048,-2.048,1.892,481.3635940551758
-1.056,-0.232,2.044,481.664941072464
-0.564,0.016,2.044,481.96654891967773
-1.816,0.908,1.844,482.2680039405823
0.044,-0.244,2.044,482.5693609714508
-0.152,-0.464,2.044,482.8707139492035
-1.316,0.028,0.964,483.1721918582916
0.716,0.76,2.044,483.47393584251404
-0.124,-0.392,1.676,483.77553391456604
2.044,2.044,0.084,484.07711005210876
0.048,-0.5,2.044,484.37861490249634
-0.9,0.576,0.9,484.6962468624115
0.532,-0.096,2.044,484.99810791015625
-0.408,-0.62,2.044,485.2996859550476
-1.616,1.112,-0.2,485.60119891166687
-1.052,-1.132,2.044,485.90271186828613
-0.532,0.232,2.044,486.20421385765076
-1.352,-0.036,2.044,486.5059599876404
-0.32,-0.324,2.044,486.8075580596924
-0.548,0.008,2.044,487.10907888412476
-2.048,1.04,1.616,487.41058707237244
0.06,-0.408,2.044,487.7122859954834
-0.212,-0.052,2.044,488.01408886909485
-1.0,0.084,-0.132,488.31589794158936
-1.328,0.556,-0.632,488.6174850463867
-0.14,-0.104,2.044,488.91907691955566
1.468,1.144,2.044,489.2205889225006
-2.048,-2.048,2.044,489.5223410129547
-0.112,-0.164,2.044,489.8288719654083
-0.18,-0.596,2.044,490.1305248737335
-1.012,0.748,0.476,490.4320409297943
-1.544,0.252,0.556,490.7335329055786
-1.852,-0.916,2.044,491.0352749824524
-0.092,-0.092,2.044,491.3368308544159
-1.42,-0.216,2.044,491.63832902908325
-0.8,-0.832,2.044,491.9398338794708
-0.408,0.1,1.848,492.24132800102234
-1.568,0.98,1.436,492.5430679321289
0.392,-0.516,2.044,492.8446469306946
-0.672,0.14,2.044,493.14604091644287
-1.9,0.304,0.284,493.4473810195923
-2.048,2.044,-2.048,493.74874091148376
0.172,-0.212,2.044,494.05032086372375
0.424,-1.052,1.996,494.3517220020294
-0.076,0.264,0.74,494.6530690193176
-1.008,0.416,1.12,494.95449805259705
1.296,0.116,2.044,495.25586700439453
-1.248,0.132,1.896,495.55743288993835
-0.404,0.132,1.776,495.858845949173
-0.216,0.772,1.592,496.16018986701965
0.08,-0.068,1.924,496.46152687072754
-0.84,0.232,0.42,496.7628638744354
-0.392,0.016,2.044,497.0644268989563
-0.184,-0.016,1.356,497.3658230304718
-1.212,1.268,0.068,497.6671588420868
-1.104,-0.124,2.044,497.9686348438263
-0.756,0.152,2.044,498.27012491226196
-1.184,-0.436,2.044,498.5718710422516
-0.936,-0.656,2.044,498.87344884872437
-0.42,-0.008,2.044,499.17495799064636
-1.024,0.464,2.044,499.4764540195465
-0.42,-0.448,2.044,499.77806186676025
-0.828,-0.264,2.044,500.0832419395447
-1.292,0.996,0.884,500.384831905365
0.012,-0.292,2.044,500.68633699417114
-0.596,-0.144,2.044,500.9878499507904
-1.5,0.172,0.92,501.28934597969055
-1.468,0.508,-0.256,501.5910859107971
0.076,-0.26,2.0,501.89266300201416
0.936,-0.064,-0.38,502.1941668987274
-0.612,-2.048,2.044,502.49566102027893
-0.208,-0.112,1.912,502.7971570491791
1.504,1.428,1.844,503.09889101982117
-1.28,0.436,1.536,503.40044498443604
-0.772,0.432,1.072,503.7019579410553
0.04,-0.216,2.044,504.00346088409424
-0.304,-0.26,1.796,504.30495285987854
-1.48,0.248,1.152,504.606693983078
-1.608,-0.432,2.044,504.9080889225006
-0.136,-0.184,2.044,505.2095048427582
-1.492,0.172,2.044,505.51106905937195
-0.912,0.236,2.044,505.8128809928894
-0.684,0.304,2.044,506.1144459247589
-1.892,1.396,1.404,506.41584491729736
0.712,-0.612,2.044,506.7172029018402
-1.12,0.156,2.044,507.0185580253601
-1.508,-0.848,2.044,507.3198969364166
-1.056,0.156,2.044,507.6214518547058
-0.428,-0.792,1.72,507.92300486564636
-0.256,0.372,0.052,508.22450590133667
0.388,-2.048,2.044,508.5260019302368
-0.844,0.192,1.596,508.82774901390076
0.332,-0.244,1.384,509.1294209957123
-1.164,0.104,2.044,509.43096590042114
-1.556,-0.196,1.244,509.7324950695038
-1.972,-0.192,2.044,510.0340850353241
-0.632,-0.64,2.044,510.33584785461426
-2.048,-0.472,1.956,510.64146304130554
-1.392,-0.64,2.044,510.9430549144745
-0.892,0.356,2.044,511.24456906318665
-1.74,1.028,1.848,511.5460669994354
-0.12,-0.744,2.044,511.84780502319336
0.416,-0.96,1.984,512.1493790149689
-1.692,0.644,1.372,512.4508788585663
0.616,-0.388,2.044,512.7523798942566
0.1,-0.256,2.044,513.0538940429688
0.444,-0.104,0.912,513.3556339740753
-1.96,1.244,-1.548,513.6572139263153
-0.136,-0.132,2.044,513.9587290287018
-0.332,0.14,0.944,514.2602829933167
-0.692,-0.056,1.088,514.5618100166321
-0.64,0.288,1.276,514.8635530471802
0.488,-0.076,2.044,515.1651270389557
-0.092,-0.628,2.044,515.4666299819946
-2.048,-1.424,0.524,515.771910905838
0.268,-0.304,2.044,516.0734808444977
0.628,-0.444,2.044,516.375226020813
-2.048,0.244,2.044,516.6768188476562
-0.52,0.196,2.044,516.9783759117126
-0.296,-0.056,2.044,517.2797770500183
-0.992,0.26,2.044,517.581132888794
-0.752,-0.34,2.044,517.882709980011
-0.772,0.008,1.756,518.1841900348663
-1.044,0.9,2.044,518.4855809211731
-0.768,-0.08,2.044,518.7869999408722
-0.396,-1.012,2.044,519.0884108543396
-2.048,1.084,1.52,519.3899869918823
0.02,0.048,2.044,519.6914150714874
-0.188,-0.656,2.012,519.9930009841919
-1.46,0.148,1.8,520.2943999767303
0.272,0.404,2.044,520.595743894577
-0.668,-0.14,2.04,520.8973250389099
-1.552,0.356,0.74,521.1987428665161
-1.936,1.48,-1.884,521.5000939369202
-0.196,0.028,2.044,521.8014378547668
2.044,1.76,0.36,522.1027839183807
-1.24,0.904,-0.016,522.4043509960175
-2.048,-1.32,-0.012,522.7058188915253
-0.76,0.78,2.044,523.0073049068451
0.784,-0.256,1.912,523.3088099956512
-1.12,0.612,1.984,523.6103138923645
-2.0,-2.048,2.044,523.9120719432831
-0.54,0.38,1.704,524.2136368751526
-1.784,1.032,1.776,524.5151410102844
-0.192,-0.168,2.044,524.816645860672
-0.176,-0.58,2.044,525.1181468963623
-1.896,0.728,1.908,525.4198899269104
0.96,-0.308,2.044,525.7214758396149
-0.004,-0.26,2.044,526.0230710506439
-1.54,0.276,-0.292,526.324609041214
-2.048,2.044,-2.048,526.6261119842529
-0.564,-0.016,1.94,526.9279048442841
0.644,-0.084,2.032,527.2294750213623
-1.424,0.548,0.592,527.5309739112854
-0.768,0.02,1.54,527.832494020462
-1.976,-0.284,2.004,528.1340110301971
-0.348,-0.488,2.044,528.4357578754425
-2.048,-1.02,1.864,528.7372498512268
-2.048,-1.448,2.044,529.0386190414429
-0.796,0.348,2.044,529.339968919754
-1.38,0.384,2.044,529.6413209438324
-0.576,0.016,2.044,529.9429230690002
-0.032,-0.252,2.044,530.2443749904633
-1.732,0.452,2.012,530.5457558631897
0.32,-0.328,2.044,530.8471150398254
-1.084,0.076,2.044,531.1517579555511
-1.628,0.404,1.232,531.4533488750458
-1.516,0.716,-0.916,531.7547769546509
0.016,-0.252,2.044,532.0561289787292
2.044,1.908,-0.42,532.3574678897858
0.508,-2.048,2.044,532.658805847168
0.08,-0.124,2.044,532.9605169296265
-1.12,-0.956,1.74,533.2620730400085
-0.992,-0.416,1.74,533.5635759830475
-1.66,0.128,0.788,533.865082025528
-1.428,-0.508,2.044,534.1666378974915
-0.844,0.856,2.044,534.4683840274811
-1.764,0.048,2.044,534.7699649333954
-1.436,0.56,0.464,535.0714778900146
1.832,-2.048,-0.14,535.372976064682
-1.68,0.412,2.044,535.6744890213013
-0.068,-0.564,2.044,535.9762349128723
-0.676,0.448,1.872,536.2811889648438
-0.98,0.852,1.596,536.5827560424805
0.056,-0.244,2.044,536.8842809200287
-0.428,0.048,2.044,537.1857860088348
-1.836,0.532,-0.28,537.4875450134277
-1.904,1.468,-2.048,537.7891340255737
-0.216,-0.112,2.044,538.0906460285187
1.944,0.508,0.804,538.3921430110931
-1.448,0.656,0.76,538.6936478614807
-0.96,-0.008,1.488,538.9954040050507
0.328,0.06,2.044,539.2970759868622
-0.284,-0.004,2.044,539.5985839366913
-2.048,-0.776,0.972,539.9000949859619
-1.332,-0.928,2.044,540.2015979290009
-1.344,0.528,2.044,540.5033469200134
-2.048,0.452,1.936,540.8048160076141
-0.708,0.052,2.044,541.1062209606171
-0.488,-0.144,2.044,541.4121119976044
-1.268,1.208,1.08,541.7135288715363
0.276,-0.42,2.044,542.015105009079
-0.32,-0.484,2.044,542.3165140151978
-1.168,0.044,2.044,542.61789894104
0.808,-0.372,2.044,542.9193830490112
0.076,-0.172,2.044,543.2208800315857
-1.504,0.188,-1.04,543.5226409435272
-2.048,2.044,-2.048,543.8242468833923
-0.46,-0.088,1.84,544.1258618831635
-0.092,0.2,1.076,544.4274098873138
-1.488,0.524,0.012,544.7289290428162
-1.1,0.052,1.868,545.0306868553162
-0.16,-0.24,2.044,545.3322548866272
-0.416,-0.052,1.276,545.633761882782
-1.852,0.596,0.588,545.9352719783783
-1.664,-0.4,2.044,546.2367720603943
-0.852,0.232,2.044,546.5438358783722
-1.44,-0.084,2.044,546.8454608917236
-0.524,-0.052,2.044,547.1470830440521
-0.204,0.064,2.044,547.4486038684845
-1.232,0.996,1.592,547.7502989768982
-0.26,-0.22,2.044,548.0521669387817
0.284,-0.712,2.044,548.3539810180664
-2.048,1.016,1.048,548.6555640697479
0.352,-0.104,2.044,548.9570908546448
0.208,-0.424,2.044,549.2586669921875
2.044,0.356,0.668,549.5604250431061
-0.596,-0.508,2.044,549.8621020317078
-0.468,0.58,0.536,550.1636579036713
-0.964,0.444,2.044,550.4651639461517
-0.844,-0.376,2.044,550.7666690349579
-2.048,-0.04,0.104,551.0684239864349
-0.308,0.264,1.924,551.3699970245361
0.136,-0.176,2.044,551.6752870082855
-1.928,-0.44,2.044,551.9768550395966
-0.872,-1.168,2.044,552.278373003006
-0.636,0.264,2.044,552.5799779891968
-1.472,0.38,2.044,552.8813989162445
-0.54,-0.064,2.044,553.182765007019
-0.172,-0.444,2.044,553.484118938446
-1.232,1.128,0.652,553.7854750156403
-0.224,-0.18,2.044,554.0870580673218
-0.188,-0.608,2.044,554.3884799480438
-1.352,0.428,1.268,554.6898438930511
0.628,0.124,2.044,554.991229057312
0.772,-0.18,1.924,555.2925729751587
1.004,0.176,-0.156,555.5941798686981
-2.048,2.044,-2.048,555.8955988883972
-0.368,0.048,1.848,556.1969919204712
2.044,-0.436,0.22,556.4983398914337
-0.324,-0.28,2.044,556.8031890392303
-0.476,0.108,1.668,557.1047790050507
-0.116,0.116,1.004,557.4061799049377
1.34,-2.048,2.044,557.7075319290161
-0.544,0.344,1.768,558.0090088844299
0.572,-0.128,1.864,558.3105030059814
-2.048,-0.244,0.328,558.6122498512268
-1.56,0.668,0.468,558.9138379096985
0.868,-0.384,1.964,559.2153449058533
-1.364,0.212,1.628,559.5168559551239
-1.744,0.032,1.276,559.8183619976044
0.3,-0.084,2.044,560.1201179027557
-0.788,-0.572,2.044,560.4216909408569
-1.768,0.096,0.56,560.7232048511505
-0.848,-0.396,2.044,561.0247068405151
-0.384,-0.692,2.044,561.3262059688568
-2.048,-2.048,1.632,561.6280410289764
-2.048,-1.464,2.044,561.9297840595245
-0.844,0.268,2.044,562.2313339710236
-2.0,-0.396,2.044,562.5328369140625
-0.948,-0.34,2.044,562.8343398571014
-1.272,0.476,1.916,563.1360878944397
-0.852,0.376,2.044,563.4376509189606
-0.504,0.016,2.044,563.7391650676727
-0.736,-0.708,2.044,564.0406680107117
-1.872,0.552,2.044,564.3421769142151
-0.064,-0.128,2.044,564.6437828540802
0.692,-0.116,1.86,564.9452059268951
-1.728,0.636,1.616,565.2467319965363
0.392,-0.028,2.044,565.5481419563293
0.672,-0.472,1.984,565.8494968414307
-1.464,0.612,1.508,566.151074886322
-1.132,0.664,0.056,566.4524929523468
-0.948,0.232,1.832,566.753851890564
2.044,1.36,0.212,567.0600929260254
-0.036,-0.376,2.044,567.3614778518677
-0.044,-0.052,1.94,567.6630539894104
0.396,-0.076,2.044,567.9646189212799
-1.056,0.088,0.096,568.2663259506226
-0.468,0.816,0.756,568.5678958892822
-0.928,0.184,2.044,568.8694088459015
-0.036,-0.452,2.044,569.1712069511414
-2.048,-0.2,-0.352,569.4727778434753
-1.048,0.256,2.044,569.7742929458618
-0.22,-0.092,2.044,570.0758030414581
-1.064,0.512,2.044,570.3773009777069
-0.22,-0.664,2.044,570.6790499687195
-0.792,0.2,2.044,570.9806380271912
-1.836,0.78,1.592,571.2821400165558
0.0,-0.688,2.044,571.5836279392242
-0.164,-0.144,1.944,571.8851308822632
-0.012,-0.896,0.992,572.1902029514313
-0.084,-0.168,2.044,572.4918069839478
0.024,-0.344,2.044,572.7933340072632
-1.316,0.16,1.38,573.0948429107666
-0.784,0.676,0.656,573.3963358402252
-0.768,0.196,2.044,573.6981818675995
-1.272,0.44,0.272,573.9997749328613
-0.912,0.208,0.944,574.3012778759003
-1.052,0.132,2.044,574.6027748584747
0.32,-0.128,1.744,574.9045188426971
-0.932,0.236,1.648,575.2060959339142
-2.048,-0.452,1.736,575.5075988769531
-1.848,-1.368,2.044,575.8091070652008
-0.596,0.128,2.044,576.1106579303741
-2.048,-1.3,2.044,576.4122550487518
-1.392,-0.764,2.044,576.7136960029602
-0.204,-0.068,2.044,577.0150589942932
-1.616,0.096,2.044,577.3209369182587
-0.36,-0.004,2.044,577.622330904007
-1.008,-0.708,2.044,577.9239058494568
-1.94,1.296,1.312,578.2255229949951
-0.132,0.06,2.044,578.5271198749542
-0.076,-0.02,2.044,578.8286759853363
-1.972,0.236,1.952,579.1302988529205
0.664,0.156,1.088,579.4320449829102
-0.228,-0.012,2.044,579.7336430549622
-0.484,0.836,-0.172,580.0351688861847
-0.548,-0.568,1.16,580.3366858959198
0.288,0.352,2.044,580.6381878852844
0.388,-0.18,1.732,580.9399280548096
-0.928,-0.276,1.6,581.2414970397949
-0.528,0.448,2.044,581.5430040359497
-0.852,0.436,-0.344,581.8445129394531
-1.352,0.816,0.296,582.1460189819336
-0.424,0.064,2.044,582.4531378746033
-1.372,-1.172,1.476,582.7547669410706
-0.124,-0.276,2.044,583.0563490390778
-1.24,0.52,0.556,583.3578610420227
-1.74,-0.848,2.044,583.6593718528748
-0.676,0.128,2.044,583.9611439704895
-2.048,-0.14,1.924,584.2627198696136
-1.68,-1.044,2.044,584.5642268657684
-0.464,0.128,2.044,584.8657310009003
-1.5,-0.04,2.044,585.1672320365906
-0.492,0.032,2.044,585.4689819812775
-0.148,-1.472,2.044,585.7705628871918
-1.552,1.068,0.68,586.0720808506012
0.132,-0.516,2.044,586.3735780715942
-0.248,-0.056,2.044,586.675078868866
-0.912,0.144,-0.036,586.9768300056458
-2.048,0.904,-1.152,587.2784559726715
-0.176,-0.796,2.044,587.5833609104156
-0.66,0.02,1.052,587.8849680423737
-0.128,-1.208,0.296,588.1864950656891
-0.444,0.16,1.796,588.488116979599
-0.38,0.368,1.784,588.7895359992981
-0.868,-0.44,2.044,589.0908908843994
-1.352,-0.404,1.784,589.3922369480133
-1.508,-0.532,2.044,589.6937570571899
-0.792,-0.488,2.044,589.9954278469086
-1.304,-0.52,1.604,590.2968709468842
-1.58,0.116,1.496,590.5982348918915
-0.276,-0.392,2.044,590.8995890617371
-2.048,-0.196,1.444,591.200933933258
-1.508,-1.04,2.044,591.5024988651276
-0.644,0.044,2.044,591.8039059638977
-1.348,-0.008,2.044,592.1052539348602
-0.988,-0.336,2.044,592.4065909385681
-0.936,-0.184,2.044,592.7116959095001
-1.084,0.636,2.044,593.0134570598602
-0.164,0.052,2.044,593.3150339126587
0.576,-1.464,2.044,593.616546869278
-1.84,0.956,1.504,593.918093919754
0.72,-0.024,2.044,594.2196228504181
-0.996,0.124,2.044,594.5213899612427
-1.216,0.18,1.408,594.8229939937592
-1.448,-0.12,1.288,595.1245460510254
-0.172,0.456,2.044,595.4260630607605
2.044,-1.976,2.044,595.7275650501251
-1.484,0.932,1.932,596.0293169021606
-0.84,0.236,2.044,596.3308720588684
0.772,-0.924,1.592,596.6323659420013
-0.436,0.22,2.044,596.9339220523834
1.06,-0.652,2.044,597.2354278564453
-0.7,0.084,2.044,597.5371758937836
-1.176,-0.48,1.832,597.8604838848114
-2.048,0.044,2.044,598.162055015564
-0.612,0.02,2.044,598.4635620117188
-0.236,-2.048,2.044,598.7650580406189
-1.744,0.968,2.044,599.0668058395386
-0.168,0.012,2.044,599.3684499263763
-1.16,0.22,2.044,599.6700019836426
-1.46,0.504,1.52,599.9715240001678
0.324,0.048,1.356,600.2729258537292
-0.308,0.008,2.044,600.5744979381561
1.06,0.184,-1.112,600.875923871994
-0.148,0.368,2.044,601.1772849559784
0.416,-0.232,2.044,601.4786310195923
-0.576,-0.588,2.044,601.7799739837646
-1.032,0.16,2.044,602.0815460681915
-2.032,-0.644,0.58,602.3829770088196
-2.048,-1.2,2.044,602.684327840805
-1.096,0.348,2.044,602.9858939647675
-1.42,0.272,2.044,603.2874400615692
-0.64,0.048,2.044,603.5891869068146
0.716,-1.42,1.852,603.8907959461212
-1.98,0.904,1.532,604.1923739910126
-0.084,-0.112,2.044,604.4938778877258
-0.18,-0.308,2.044,604.7953860759735
-1.288,0.296,2.044,605.0971689224243
1.324,-0.48,2.044,605.3987350463867
-0.348,-0.116,2.044,605.7002348899841
2.044,0.184,-1.136,606.001806974411
0.044,-0.376,2.044,606.3033459186554
-0.308,0.064,1.936,606.6050889492035
0.84,-0.672,2.044,606.9066910743713
-1.424,0.112,1.184,607.2082090377808
-1.616,0.52,0.888,607.5097980499268
-2.044,-0.148,1.76,607.8114559650421
-0.224,-0.28,2.044,608.1132459640503
-1.748,0.18,0.52,608.4148578643799
-1.384,-0.66,2.044,608.716392993927
-0.644,0.172,2.044,609.0179009437561
-0.964,0.512,2.044,609.3194899559021
-0.356,-0.008,2.044,609.621239900589
0.18,-1.16,2.044,609.9228799343109
-1.024,0.16,1.264,610.224417924881
-0.548,-0.024,2.044,610.5259220600128
-0.96,-0.392,2.044,610.8274278640747
0.352,2.044,0.832,611.1292419433594
-0.532,-0.172,2.044,611.4308040142059
-1.952,-0.752,1.984,611.7323160171509
1.564,-1.028,2.044,612.0338320732117
-0.076,-1.48,2.044,612.3352179527283
-2.048,1.216,-2.048,612.6367959976196
-0.956,0.628,2.044,612.9384000301361
-0.576,0.428,1.956,613.2606329917908
-1.088,0.224,2.044,613.5620410442352
-0.528,-0.048,2.044,613.8634150028229
0.216,-0.852,1.5,614.164941072464
-1.352,1.136,1.896,614.4663338661194
-0.164,-0.24,2.044,614.7676849365234
0.376,-1.156,1.932,615.0690438747406
-1.98,0.54,1.748,615.3703880310059
1.092,-0.112,2.044,615.6719479560852
-0.264,-0.052,2.0,615.9733729362488
-1.596,0.204,1.94,616.2747240066528
-1.744,0.868,-0.988,616.5760629177094
-0.192,-0.184,2.044,616.8774130344391
0.26,-0.26,1.568,617.1789798736572
-0.912,1.42,2.044,617.480376958847
-1.544,-0.148,2.044,617.7817208766937
-0.584,0.264,2.044,618.0832600593567
-1.444,-0.456,2.044,618.4023468494415
-2.048,0.508,2.028,618.7041099071503
-0.7,0.356,2.044,619.0057148933411
-0.872,-0.436,1.676,619.3072319030762
-1.56,0.868,2.044,619.6087419986725
0.084,0.4,2.044,619.9102468490601
-0.044,-0.076,2.044,620.211993932724
-2.048,0.436,0.816,620.5135509967804
0.952,-1.432,2.044,620.8151059150696
0.024,-0.268,2.012,621.1166138648987
0.608,-0.54,1.084,621.4181129932404
-2.012,0.912,-1.492,621.7198419570923
-1.044,-0.92,1.908,622.0214178562164
-0.024,-0.076,2.044,622.3229188919067
-2.048,0.396,0.876,622.624410867691
-1.232,0.756,0.844,622.9259140491486
-1.096,0.62,1.884,623.2276549339294
-0.764,-0.44,2.044,623.5519800186157
-2.048,0.068,0.788,623.8535649776459
-1.832,-0.944,2.044,624.1549808979034
-0.512,-0.072,2.044,624.4563400745392
-1.648,0.052,1.788,624.7579350471497
-1.024,-0.024,2.044,625.0593960285187
-0.972,0.312,1.864,625.3607518672943
-1.156,0.536,2.044,625.6620938777924
0.6,-0.056,2.044,625.9636659622192
0.1,-0.468,2.044,626.2650969028473
-1.74,0.388,1.788,626.5664410591125
1.704,-1.472,2.044,626.8677790164948
-0.116,-0.22,2.044,627.169126033783
-1.376,0.196,1.436,627.4707009792328
0.744,-0.032,2.04,627.7721199989319
-0.416,0.156,2.044,628.0736038684845
-0.076,-0.212,0.816,628.3750998973846
-0.528,-1.036,2.044,628.6979110240936
-0.604,-0.168,2.044,628.9996750354767
0.66,0.368,1.212,629.301255941391
-1.304,0.284,0.94,629.6027519702911
-0.58,0.244,1.6,629.9043419361115
0.588,-0.204,2.044,630.2058770656586
-1.536,0.428,1.784,630.5076198577881
-0.12,0.052,1.964,630.8092019557953
-0.948,0.416,1.368,631.1107149124146
-0.944,-0.54,2.044,631.4122178554535
-2.048,-0.628,0.948,631.7137129306793
-2.048,-0.956,1.84,632.0155339241028
-0.728,0.324,2.044,632.3171210289001
-1.952,-0.768,1.24,632.6186208724976
-2.048,-1.276,2.044,632.9201259613037
-1.868,0.804,2.044,633.2216310501099
-1.992,0.392,2.044,633.5233669281006
-0.9,0.364,2.044,633.8447549343109
-0.404,-0.052,2.044,634.1463239192963
-2.048,0.172,1.872,634.4478988647461
-0.616,0.024,2.044,634.7494308948517
-0.064,0.148,2.044,635.0511779785156
-1.376,0.3,1.148,635.352737903595
-0.88,-0.224,1.504,635.6542310714722
-0.832,0.58,2.044,635.9559350013733
-1.372,0.296,2.044,636.2573909759521
2.044,-2.048,-0.632,636.5589759349823
-2.048,-1.872,2.044,636.860417842865
-2.048,-0.296,2.044,637.1617798805237
-0.028,-1.176,2.044,637.4631278514862
-0.948,0.212,2.044,637.7644770145416
-1.384,0.6,1.956,638.0661859512329
-0.164,-0.292,2.044,638.3677818775177
0.368,-1.456,1.88,638.66930103302
-2.048,0.968,1.216,638.9711060523987
0.616,-0.392,2.044,639.2727720737457
1.344,-0.892,1.608,639.5745298862457
-1.512,1.512,1.464,639.8761310577393
-0.772,0.224,-0.7,640.1776540279388
-0.472,0.336,2.044,640.4791560173035
-1.576,0.268,-0.244,640.7806639671326
-0.992,-2.048,1.816,641.0824089050293
-0.2,-0.044,2.044,641.3839769363403
0.58,0.256,1.892,641.685476064682
-0.564,0.924,0.304,641.987025976181
-0.076,0.156,1.756,642.2885360717773
-0.456,-0.252,2.044,642.5902800559998
-1.228,0.044,2.044,642.8918619155884
-1.26,0.492,1.0,643.1933698654175
-0.84,0.12,2.044,643.4948649406433
-0.512,0.152,2.044,643.7963669300079
                                                                                                                                                                                                                                                                                                                                                                                                                                                                                                                                                                                                                                                                                                                                                                                                                                                                                                                                                                                                                                                                                                                                                                                                                                