0,0,0,0.0085268021
-0.504,2.028,1.212,0.1197528839
-0.672,2.024,1.988,0.2211558819
-0.816,0.72,2.044,0.3225598335
-0.264,0.76,2.016,0.4239318371
-0.36,0.236,2.044,0.5253279209
-0.236,0.716,2.044,0.6267769337
-2.048,1.064,2.044,0.7282397747
-0.072,0.884,2.044,0.8297109604
-0.064,-0.604,2.044,0.9311518669
-0.508,1.976,1.612,1.0325679779
-1.456,1.432,2.044,1.1339819431
-0.272,0.924,2.044,1.2353818417
-0.42,0.884,2.044,1.3367757797
-0.388,0.204,2.044,1.4381787777
-0.268,-0.012,2.044,1.5396199226
-0.188,2.044,0.1,1.6410338879
-0.316,0.68,2.044,1.7424829006
-0.18,1.024,2.044,1.8439128399
-0.152,0.048,2.044,1.9531919956
-0.472,1.828,1.724,2.0546038151
-0.6,1.192,2.044,2.156069994
-1.096,0.652,2.044,2.2575199604
-0.78,0.452,2.044,2.3589138985
-0.304,0.052,2.044,2.4603099823
-0.264,2.044,1.2,2.561770916
-0.336,0.952,2.044,2.6631669998
-0.64,0.82,2.044,2.7644128799
-0.644,-0.096,2.044,2.8656389713
-0.712,2.044,1.072,2.9668278694
-0.784,1.1,2.044,3.0679719448
-0.784,2.044,0.612,3.1691048145
-0.416,0.32,2.044,3.2703619003
-0.348,-0.532,2.044,3.3716697693
0.708,2.044,0.288,3.4733409882
-0.892,0.656,2.044,3.5751578808
-0.96,0.532,2.044,3.6766908169
-0.788,0.292,2.044,3.780564785
-2.048,1.892,1.912,3.8820359707
-0.324,0.856,2.044,4.0318369865
-0.66,1.748,1.212,4.1332538128
-0.472,0.096,2.044,4.234639883
-0.248,-0.288,2.044,4.3362019062
0.076,2.044,-0.204,4.4376268387
-0.776,0.664,2.044,4.5388438702
-0.44,0.936,2.044,4.6399929523
-0.332,-0.068,2.044,4.7411768436
-0.468,2.044,1.356,4.8423368931
-0.836,1.296,2.044,4.9435238838
0.02,0.348,1.988,5.0447258949
-0.156,1.048,2.044,5.1460328102
-0.3,0.044,2.044,5.2474169731
0.472,1.556,1.224,5.3486599922
0.076,0.992,2.044,5.4500517845
-0.112,0.896,2.044,5.5513148308
-0.464,-0.368,2.044,5.6525127888
-0.712,2.044,1.44,5.7539258003
-0.596,0.956,2.044,5.8854269981
-0.852,1.444,1.796,5.9868619442
-0.384,0.248,2.044,6.0883038044
-0.38,-0.196,2.044,6.1897549629
0.2,2.044,-0.004,6.2912487984
-0.964,0.436,2.044,6.3926608562
-0.068,0.936,2.044,6.4940237999
-0.452,0.032,2.044,6.5953938961
-0.72,2.044,1.716,6.6967899799
-0.708,1.312,2.044,6.7981779575
-0.72,2.044,0.872,6.8995509148
-0.424,0.116,2.044,7.0009729862
-0.372,-0.448,2.044,7.1024289131
0.28,2.044,0.452,7.2039608955
-2.048,-1.736,2.044,7.3056190014
0.144,0.82,2.044,7.4074509144
-0.244,-0.576,2.044,7.5090248585
-2.048,2.044,1.016,7.6105527878
-0.34,1.256,2.044,7.7121269703
-0.808,2.044,1.08,7.8137228489
-0.408,0.14,2.044,7.9152309895
-0.4,-0.276,2.044,8.016740799
0.224,2.044,0.58,8.1181499958
-1.348,0.5,2.044,8.2197039127
-0.108,1.392,1.368,8.3213229179
-0.356,-0.28,2.044,8.4228088856
-2.048,2.044,1.78,8.5243728161
-0.764,1.188,2.044,8.6259567738
-0.656,-0.216,1.188,8.727437973
-0.396,0.392,2.044,8.8289058208
-0.312,-0.076,2.044,8.9303607941
-0.012,2.044,0.148,9.0317559242
-0.58,0.272,2.044,9.1330919266
-0.504,1.1,1.768,9.2343459129
-0.576,0.504,2.044,9.3354988098
-2.048,1.584,1.2,9.4366269112
-0.928,0.28,2.044,9.5377559662
-0.54,1.6,1.256,9.6388809681
-0.48,0.008,2.044,9.7400078773
-0.244,-0.572,2.044,9.8411319256
-0.824,2.044,-2.048,9.9423527718
-1.628,-2.048,2.044,10.0435388088
-0.444,1.756,1.16,10.1447029114
-0.196,0,2.044,10.2460808754
0.068,1.908,1.7,10.3474378586
0.552,1.844,1.784,10.4486718178
-0.564,0.272,1.624,10.5498239994
-0.332,-0.256,2.044,10.6509568691
-0.288,0.248,2.044,10.7521748543
0.476,2.044,1.064,10.8534338474
-0.224,0.608,2.044,10.9547429085
-0.092,0.072,2.044,11.0559289455
-0.212,1.604,1.632,11.1570978165
-0.4,1.496,2.044,11.2582559586
-0.548,1.072,2.044,11.3596618176
-0.316,0.6,2.044,11.4608888626
-0.468,-0.076,2.044,11.5620248318
-0.496,0.148,2.044,11.6631557941
0.184,2.044,2.044,11.7645177841
-0.536,0.376,2.044,11.8657147884
-0.504,-0.268,2.044,11.9669728279
-0.304,-0.4,2.044,15.6396729946
-0.716,1.836,1.58,15.7411677837
-0.96,1.044,2.044,15.8424918652
-0.772,1.748,1.268,15.9437818527
-0.448,0.164,2.044,16.0450778008
-0.368,-0.44,2.044,16.1462478638
0.496,2.044,0.124,16.247633934
-0.556,0.46,2.044,16.3488399982
-0.152,0.924,2.044,16.4500489235
-0.188,-0.068,2.044,16.5511808395
-0.424,1.544,1.924,16.6523180008
-0.372,1.568,2.044,16.7535698414
-0.28,1.836,1.54,16.8547158241
-0.376,0.228,2.044,16.9558639526
-0.384,-0.164,2.044,17.05702281
-0.544,0.8,2.044,17.1582198143
-1.48,1.092,2.044,17.2594947815
-0.176,0.48,2.044,17.3606359959
-0.272,-0.412,2.044,17.4617660046
-0.252,2.044,1.02,17.5629208088
-1.2,1.448,2.044,17.6640589237
0.028,0.932,1.02,17.7654819489
-0.272,1.012,2.044,17.8666908741
-0.14,0.224,2.044,17.9678249359
-0.312,-0.536,2.044,18.0689539909
-2.048,2.044,2.044,18.1700778008
-0.796,-0.948,2.044,18.2713348866
-0.708,1.06,1.888,18.3726139069
-0.344,0.652,2.044,18.4738948345
-0.688,1.888,1.912,18.5751848221
-0.852,0.016,2.044,18.6764929295
-0.2,1.324,2.004,18.777785778
-0.464,0.116,2.044,18.8790638447
-0.188,-0.196,2.044,18.9803497791
-0.276,2.044,-0.668,19.0816278458
-0.704,0.624,2.044,19.1829319
-0.172,0.396,2.044,19.2844889164
-0.104,0.3,2.044,19.3858478069
-0.62,2.044,1.06,19.4871349335
-0.876,0.236,2.044,19.5884268284
-0.548,1.216,2.044,19.6897227764
-0.348,0.376,2.044,19.7910130024
-0.124,-0.096,2.044,19.8922979832
-0.636,2.044,-0.08,19.9935808182
-0.7,-0.036,2.044,20.0948607922
-0.344,1.192,1.672,20.1961457729
-0.38,1.016,2.044,20.2974379063
-0.292,1.852,2.044,20.3987259865
-0.372,0.684,2.044,20.500014782
-0.048,1.676,1.78,20.6012969017
-0.332,-0.092,2.044,20.7028408051
-0.272,-0.036,2.044,20.804227829
0.1,2.044,0.572,20.9055199623
-0.664,1.124,2.044,21.0068027973
0.104,0.756,2.044,21.1080839634
-0.192,-0.06,2.044,21.2093679905
-0.344,2.008,1.512,21.3106579781
-0.82,0.96,2.044,21.4119398594
-0.92,1.92,1.2,21.5132248402
-0.224,0.276,2.044,21.6145048141
-0.336,-0.316,2.044,21.7157998085
0.068,2.044,0.728,21.817086935
-2.048,-2.048,2.044,21.918366909
0.064,1.232,1.852,22.019646883
-0.22,-0.336,2.044,22.120926857
-0.356,2.044,1.492,22.2225167751
-0.132,1.16,2.044,22.3239488602
-0.76,1.564,2,22.4252619743
0.428,0.308,2.044,22.5265929699
-0.34,0.352,2.044,22.6279098988
-0.276,0.972,2.044,22.7292358875
-1,1.08,2.044,22.8305208683
-0.164,0.996,2.044,22.9317967892
-0.248,-0.472,2.044,23.0330770016
-0.544,2.044,1.28,23.1344718933
-0.4,1.652,2.044,23.2359178066
-0.344,1.792,1.644,23.3372647762
-0.492,0.064,2.044,23.4386417866
-0.308,0.132,2.044,23.5399987698
-0.456,0.756,2.044,23.6413118839
-0.304,1.256,2.044,23.7428658009
0.012,0.924,2.044,23.844219923
-0.152,-0.772,2.044,23.9455509186
-0.448,2.044,1.068,24.0468599796
-0.584,1.916,2.044,24.1481478214
-2.048,-1.728,-0.2,24.2494359016
-0.236,0.976,2.044,24.3507168293
-0.372,-0.2,2.044,24.4519958496
-0.484,-0.132,2.044,24.5532817841
-0.92,1.944,1.732,24.6545679569
-0.64,1.196,2.044,24.7558608055
-0.488,0.14,2.044,24.8571438789
-0.312,1.064,1.888,24.958427906
-0.792,2.044,1.648,25.0597119331
-0.776,1.908,1.692,25.1609938145
-0.336,0.628,2.044,25.2625398636
-0.6,0.22,2.044,25.3638927937
-0.496,1.112,2.02,25.4651808739
-2.048,-2.048,0.5,25.5665109158
-0.564,0.148,2.044,25.667801857
-0.48,0.54,2.044,25.7690868378
-0.48,1.488,1.844,25.8703668118
-1.06,1.6,2.044,25.9716448784
-0.268,1.164,2.044,26.072922945
-0.216,0.792,2.044,26.1742038727
-0.316,-0.172,2.044,26.2754888535
-0.276,0.612,2.044,26.3767719269
0.268,2.044,1.34,26.4780550003
-0.112,0.52,2.044,26.5793328285
-0.356,-0.204,2.044,26.6806228161
-0.44,1.968,1.208,26.7821788788
-0.776,1.664,2.044,26.8835330009
-1.032,0.78,2.044,26.9848189354
-1.256,1.044,2.044,27.0861029625
-0.472,0.248,2.044,27.1873829365
-0.412,-0.108,2.044,27.2886698246
-2.048,2.044,1.488,27.3899698257
-0.9,0.308,2.044,27.4913218021
-0.368,0.908,1.792,27.5926268101
-0.304,0.848,2.044,27.6939218044
-0.412,1.096,2.044,27.8047859669
-0.528,1.088,2.044,27.9060819149
-0.572,1.808,1.608,28.007450819
-0.312,0.3,2.044,28.108689785
-0.404,-0.452,2.044,28.2098248005
-0.212,2.044,0.416,28.3113949299
-0.28,-1.132,2.044,28.4126369953
1.072,2.044,-1.264,28.5137717724
-0.064,-0.336,2.044,28.6150159836
0.032,1.304,2.044,28.7161707878
-0.424,1.528,2.044,28.8173089027
-0.496,2.044,1.464,28.9184379578
-0.344,0.344,2.044,29.0195679665
-0.276,-0.18,2.044,29.1206967831
-0.236,0.828,2.044,29.2218379974
0.832,1.316,1.968,29.3229718208
0.236,0.432,2.044,29.4240999222
-0.064,-0.432,2.044,29.5252299309
-0.608,2.044,1.392,29.6263599396
-0.832,1.444,2.044,29.7277319431
-0.496,1.14,2.044,29.8289339542
-0.564,0.288,2.044,29.9300639629
-0.504,0.008,2.044,30.0311918259
-0.276,0.292,2.044,30.1323168278
-0.884,2.044,0.808,30.2334458828
-0.772,0.428,2.044,30.3345718384
-0.016,0.904,2.044,30.4357028008
0.024,0.476,2.044,30.5368328094
-0.444,1.74,1.752,30.6379609108
-1.164,0.516,2.044,30.7390949726
-0.788,1.944,1.344,30.8402218819
-0.332,0.18,2.044,30.9413509369
-0.412,-0.012,2.044,31.0424759388
-0.296,2.044,1.128,31.1436009407
-0.476,1.844,2.004,31.2449698448
0.076,0.98,2.044,31.3461658955
-0.308,-0.296,2.044,31.4472978115
-0.716,1.856,1.676,31.5484240055
-0.552,1.172,2.044,31.6495528221
-0.124,1.188,2.044,31.7506887913
-0.32,0.584,1.976,31.8518168926
-0.404,0.068,2.044,31.9529409409
-0.292,0.044,2.044,32.0540668964
-2.048,2.044,0.868,32.155192852
-0.8,0.06,2.044,32.2563209534
-0.604,0.232,2.044,32.3574488163
-0.416,1.4,1.804,32.4585738182
-0.4,1.408,2.044,32.5597088337
-0.788,0.412,2.044,32.6609199047
-0.604,1.232,1.564,32.7622978687
-0.444,-0.048,2.044,32.8634939194
-0.428,-0.228,2.044,32.9646229744
-0.364,2.044,0.26,33.065776825
-0.524,0.024,2.044,33.1669049263
-0.1,1.044,1.764,33.2681629658
-0.264,-0.424,2.044,33.3694438934
-0.356,1.736,1.636,33.4707238674
-0.612,1.544,2.044,33.5720038414
-0.864,0.556,2.044,33.6732888222
-0.392,1.048,1.804,33.7745759487
-0.392,-0.064,2.044,33.8758587837
-0.404,-0.556,2.044,33.9774858952
-2.048,0.404,2.044,34.079105854
-0.332,0.42,2.044,34.180659771
-0.38,0,2.044,34.282242775
-0.364,1.56,1.924,34.3835959435
-2.048,2.044,2.044,34.4848768711
-0.22,1.616,2.044,34.586165905
-0.264,0.78,1.012,34.6874690056
-0.34,-0.288,2.044,34.7887628078
-0.34,0.556,2.044,34.8900418282
-0.492,2.044,0.104,34.9913268089
-1.156,-0.664,2.044,35.0926117897
-0.492,1.496,0.876,35.1938939095
-0.216,0.052,2.044,35.2951819897
0.284,1.252,2.044,35.3965017796
-0.28,1.456,2.044,35.4978208542
-0.608,1.8,1.5,35.5991079807
-0.292,0.112,2.044,35.7003967762
-0.328,-0.232,2.044,35.8019449711
-0.42,1.084,2.04,35.903305769
-1.3,0.6,2.044,36.0045909882
-0.432,1.14,2.044,36.1059458256
-0.28,-0.376,2.044,36.2072298527
-0.276,1.348,2.044,36.3085238934
-0.688,1.712,1.74,36.4098098278
-0.576,0.984,2.044,36.5111448765
-0.164,1.204,1.68,36.6124289036
-0.4,0.008,2.044,36.713711977
-0.348,-0.32,2.044,36.814994812
-0.56,2.044,-0.62,36.9163119793
-1.356,-0.876,2.044,37.0176188946
-0.572,1.468,1.26,37.1189119816
-0.328,0.616,2.044,37.220197916
-0.636,1.416,2.044,37.3217368126
-0.548,1.176,2.044,37.4230949879
-1.348,1.428,1.044,37.5243809223
-0.344,0.128,2.044,37.6257607937
-0.408,-0.044,2.044,37.7270720005
-0.636,1.136,1.568,39.998955965
-0.276,0.268,2.044,40.1002328396
-0.156,1.496,2.044,40.2013778687
-0.448,1.128,2.044,40.302754879
-0.88,1.768,1.08,40.4039549828
-0.328,-0.16,2.044,40.5051369667
-0.444,0.06,2.044,40.6062870026
-0.324,1.748,1.596,40.7074229717
-0.836,-0.284,2.044,40.8085529804
0.244,1.368,1.736,40.909681797
-0.148,-0.344,2.044,41.0108089447
-0.616,1.536,1.888,41.1119339466
-0.616,1.696,2.044,41.2130608559
0.012,0.732,0.432,41.3141899109
-0.076,0.692,2.044,41.4155237675
-0.28,-0.3,2.044,41.5167579651
-0.324,0.144,2.044,41.6179029942
-2.048,2.044,1.156,41.7190377712
-0.668,0.14,2.044,41.8204138279
-0.56,0.384,2.044,41.9216089249
-0.528,1.456,1.976,42.022756815
-0.488,1.592,1.972,42.1238918304
-0.564,0.34,2.044,42.2250249386
-0.528,1.184,1.8,42.3261539936
-0.292,0.332,2.044,42.4272799492
-0.312,-0.344,2.044,42.5284078121
-0.012,2.044,-0.488,42.6295359135
-0.612,-0.132,2.044,42.7306678295
0.224,0.98,1.82,42.8317978382
-0.54,0.968,2.044,42.9329998493
-0.516,1.504,2.044,43.0341749191
-0.28,1.468,1.904,43.1353189945
-0.24,1.616,1.608,43.2368309498
-0.26,-0.012,2.044,43.3381979465
-0.476,0.112,2.044,43.4394898415
-0.436,1.3,1.744,43.540776968
0,1.728,2.044,43.6420497894
0.48,0.66,2.044,43.7433347702
-0.08,-0.064,2.044,43.8446187973
-2.048,2.044,2.044,43.9460067749
-0.228,1.72,2.044,44.0472958088
-0.388,2.044,1.404,44.148583889
-0.256,0.372,2.044,44.2498748302
-0.38,-0.224,2.044,44.3513839245
-0.448,0.288,2.044,44.4527719021
0,0,0,0.0066959858
-0.3,1.388,1.384,0.1136078835
0.28,1.184,2.044,0.2152059078
0.82,1.024,1.788,0.3167748451
0.02,-0.78,2.044,0.4183299541
-2.048,2.044,1.188,0.5198719501
-0.76,0.956,2.044,0.6212890148
-0.932,1.748,1.08,0.7227048874
-0.344,-0.068,2.044,0.8241529465
-0.272,-0.348,2.044,0.9256019592
-0.564,2.044,0.444,1.0270369053
-0.944,0.104,2.044,1.128485918
-0.58,0.636,1.792,1.2298839092
-0.508,0.784,1.956,1.3312878609
0.416,1.176,2.044,1.4326689243
-0.76,0.432,2.044,1.5340669155
-0.58,1.248,1.584,1.6354649067
-0.808,-0.56,2.044,1.7368638515
-0.2,0.608,2.044,1.8384358883
-2.048,2.044,1.48,1.9398748875
-0.636,0.136,2.044,2.041312933
-0.388,0.012,2.044,2.1427350044
-0.348,1.476,1.54,2.2441470623
-2.048,2.044,1.788,2.3455588818
-0.284,0.404,2.044,2.4468860626
-0.412,1.028,1.812,2.5482618809
-0.436,-0.028,2.044,2.6497108936
-0.252,-0.4,2.044,2.7511348724
-2.048,2.044,0.596,2.852547884
-0.676,0.032,2.044,2.9539530277
-0.516,0.1,2.044,3.0553078651
-0.652,1.536,1.596,3.1567349434
-0.784,1.192,2.044,3.2625279427
-0.256,1.52,1.788,3.3639910221
-0.38,0.336,2.044,3.4654200077
-0.452,-0.456,2.044,3.5668079853
-0.64,1.572,1.172,3.6681849957
-1.9,-1.836,2.044,3.7696218491
0.568,1.032,1.716,3.8711130619
0.132,-0.788,2.044,3.9725308418
-1.044,2.044,1.624,4.0739228725
-0.576,1.356,2.044,4.175360918
-0.988,1.964,1.104,4.276761055
-0.432,0.136,2.044,4.3783009052
-0.372,0.188,2.044,4.4797680378
-0.312,1.316,1.668,4.5812859535
-0.216,0.42,2.044,4.6828510761
-0.268,1.048,1.792,4.7844698429
-0.368,0.136,2.044,4.8862159252
-0.14,2.044,1.464,4.9878220558
-0.74,0.3,2.044,5.0894780159
-2.048,-2.048,-2.048,5.1910359859
0.124,1.336,2.044,5.2934749126
-0.348,0.48,2.044,5.3949248791
-1.432,-0.228,1.964,5.4963810444
-0.452,0.084,2.044,5.5977809429
-0.224,0.384,2.044,5.6991670132
-0.756,1.976,1.532,5.8005859852
-0.116,1.036,1.44,5.9020059109
-0.608,0.984,2.044,6.0035660267
0.248,0.96,1.74,6.1049990654
-0.388,-0.024,2.044,6.2064468861
-0.54,-0.016,2.044,6.3079478741
-2.048,-2.048,2.044,6.4094898701
0.34,0.444,2.044,6.5109488964
-0.048,-0.436,2.044,6.6130959988
-0.848,1.792,1.66,6.7145888805
-0.772,1.144,2.044,6.8159220219
-0.22,0.804,2.044,6.9171669483
-0.344,0.424,2.044,7.0183439255
-0.348,0.008,2.044,7.1194770336
-0.636,0.296,2.044,7.2208509445
-0.456,1.224,2.028,7.3220639229
0.088,0.7,2.044,7.423199892
0.024,-0.648,2.044,7.5243740082
-0.62,1.744,1.408,7.6255259514
-0.864,1.708,2.044,7.7266600132
-0.548,1.072,1.596,7.8277988434
-0.304,0.404,2.044,7.9291729927
-0.352,-0.444,2.044,8.0303759575
-0.388,1.7,1.276,8.131510973
0.136,1.008,2.044,8.2327108383
0.08,0.732,2.044,8.3338780403
-0.208,-0.488,2.044,8.4350130558
-0.688,1.552,1.748,8.5361769199
-0.8,1.092,2.044,8.6373229027
-0.816,1.312,1.44,8.7384550571
-0.356,0.252,2.044,8.8395900726
-0.34,-0.196,2.044,8.9407310486
-0.192,1.58,1.792,9.0418710709
-0.336,1.532,2.036,9.1430199146
-0.076,0.6,2.044,9.2442569733
-0.424,0.752,2.044,9.3564219475
0.484,1.144,2.044,9.457821846
-0.616,0.296,2.044,9.5590748787
-0.512,0.912,2.044,9.6602320671
-0.4,0.104,2.044,9.761371851
-0.252,-0.6,2.044,9.8626539707
-1.312,2.044,-0.48,9.9638450146
-1.216,0.16,2.044,10.0649888515
-0.572,0.232,2.044,10.1661229134
-0.456,1.4,1.724,10.2673530579
-1.648,1.544,2.044,10.3685619831
-0.564,0.54,2.044,10.4696979523
-0.648,0.56,2.028,10.5709559917
-0.444,0.24,2.044,10.672221899
-0.22,-0.808,2.044,10.7733950615
-0.972,2.044,-1.072,10.874548912
-1.424,0.332,2.044,10.9759249687
-0.528,-0.196,2.044,11.077149868
-0.504,1.268,1.508,11.1785509586
-2.048,2.044,1.948,11.2797839642
-0.2,1.056,2.024,11.3811700344
-0.844,-0.38,2.044,11.4823799133
-0.408,-0.096,2.044,11.5835459232
-0.612,0.608,2.044,11.684689045
-1.476,0.532,2.044,11.7858259678
-0.212,0.392,2.044,11.8869700432
-0.284,0.388,2.044,11.988106966
-0.704,1.172,1.94,12.0892400742
-0.652,1.076,2.044,12.1906280518
-0.876,1.956,0.792,12.2918498516
-0.508,0.052,2.044,12.3929870129
-0.408,-0.524,2.044,12.4943449497
-0.532,2.044,-0.116,12.5955939293
-0.724,0.212,2.044,12.6967499256
-0.284,0.16,2.044,12.7978930473
-0.3,0.692,2.044,12.8990380764
-0.968,1.832,1.732,13.0001749992
-0.5,0.884,2.044,13.1013040543
-0.152,0.548,2.044,13.202434063
-0.292,0.028,2.044,13.3035669327
-0.32,0.012,2.044,13.4046969414
-2.048,0.136,2.044,13.5058269501
0,0.708,2.044,13.6069619656
-0.036,-0.184,2.044,13.7080938816
-0.432,1.488,1.668,13.8092279434
-0.7,1.444,2.044,13.9105849266
-0.404,1.412,1.804,14.0117900372
-0.432,0.188,2.044,14.1129279137
-0.452,-0.16,2.044,14.2140629292
-0.436,0.376,2.044,14.3151910305
-2.048,-1.56,2.044,14.4215989113
-0.144,0.588,2.044,14.5227999687
-0.228,-0.204,2.044,14.6239519119
-0.604,1.284,2.044,14.7250859737
-0.844,1.1,2.044,14.826351881
-1.432,1.044,0.9,14.9276530743
-0.376,0.12,2.044,15.0289530754
-0.38,-0.048,2.044,15.1302490234
0.684,2.044,1.112,15.231539011
-1.004,-0.136,2.044,15.3328340054
-0.728,0.904,2.044,15.4343659878
-0.5,0.736,2.044,15.5357298851
-2.048,1.736,2.044,15.6370289326
-0.652,0.688,2.044,15.738396883
-0.524,1.172,1.812,15.839715004
-0.448,0.356,2.044,15.9410190582
-0.272,-0.656,2.044,16.0423579216
-0.364,2.044,-1.292,16.1436619759
-1.144,1.016,2.044,16.2449810505
-0.436,-0.084,2.044,16.3462839127
-0.564,1.204,1.808,16.4475748539
-1.116,1.876,1.96,16.548874855
-0.54,1.168,1.764,16.6501719952
-0.384,0.228,2.044,16.7514660358
-0.472,-0.192,2.044,16.8527669907
-0.556,1.284,1.512,16.9543209076
-0.188,0.848,2.044,17.0556869507
0.476,1.308,1.564,17.1569778919
-0.156,0,2.044,17.2582628727
-1.188,1.72,2.044,17.3595590591
-0.396,1.4,1.82,17.4608469009
-0.924,1.632,1.328,17.5621409416
-0.3,0.392,2.044,17.6634368896
-0.288,-0.092,2.044,17.7647280693
-0.004,1.416,1.38,17.8660309315
-0.616,0.444,2.044,17.9673249722
-0.44,1.02,1.64,18.0687329769
-0.236,0.288,2.044,18.170019865
-1.94,2.044,2.044,18.2713220119
-0.468,1.28,2.044,18.3726248741
-1,1.636,1.416,18.4741580486
-0.36,0.448,2.044,18.5755269527
-0.36,-0.356,2.044,18.6768238544
-0.4,1.588,1.644,18.7781169415
-0.54,0.684,2.044,18.8794419765
-0.46,0.764,2.044,18.9807598591
-0.232,0.548,2.044,19.0820529461
-2.048,0.512,2.044,19.1833479404
-0.56,1.244,2.044,19.2846548557
-1.116,1.436,1.692,19.3859519958
-0.236,0.464,1.92,19.4872639179
-0.456,-0.336,2.044,19.588654995
-0.488,1.484,1.704,19.6899719238
-0.34,0.516,2.044,19.7912709713
-0.324,1.108,2.044,19.8925750256
-0.332,0.448,2.044,19.9941120148
-1.148,0.956,2.044,20.0955178738
-0.616,0.804,2.044,20.1968319416
-0.84,1.844,1.148,20.2981388569
-0.456,0.464,2.044,20.3994460106
-0.348,-0.48,2.044,20.500743866
0.376,2.044,0.32,20.6020410061
-1.068,0.116,2.044,20.7034480572
-0.564,0.924,1.724,20.804872036
-0.392,0.672,2.044,20.9062709808
-1.46,2.044,1.664,21.0077178478
-0.508,0.748,2.044,21.1091258526
-0.544,1.084,1.848,21.2102808952
-0.332,0.332,2.044,21.3114900589
-0.352,-0.924,2.044,21.4126448631
-1.372,2.044,-0.276,21.5140039921
-0.908,0.936,2.044,21.6153149605
-0.352,0.012,2.044,21.7164809704
-0.564,1.792,1.696,21.8176519871
0.072,1.244,2.044,21.9188380241
-0.436,0.668,2.044,22.0199799538
-0.284,0.924,1.88,22.1211149693
-0.404,-0.548,2.044,22.2224259377
-0.404,-0.252,2.044,22.3235640526
-0.952,1.504,1.684,22.4247250557
-0.508,0.832,1.9,22.5258710384
-0.212,-0.748,2.044,22.6270120144
-0.612,2,0.928,22.7281839848
-0.936,1.328,2.044,22.8293368816
0.036,1.376,1.396,22.9307050705
-2.048,-2.048,1.924,23.0319209099
-0.484,-0.176,2.044,23.1330599785
-0.78,1.06,1.924,23.2341928482
-1.228,1.824,1.976,23.3353259563
0.316,0.564,2.044,23.436455965
0.008,-0.188,2.044,23.5375928879
-0.7,1.432,1.848,23.638725996
-0.448,1.284,2,23.7398588657
-0.304,1.184,1.76,23.8409998417
-0.5,0.096,2.044,23.9421429634
-0.5,-0.084,2.044,24.0432779789
-0.424,0.596,2.044,24.1444139481
0.948,1.256,2.044,24.2455470562
0.024,0.916,2.044,24.3466770649
-0.268,-0.276,2.044,24.4480378628
-0.58,1.416,1.816,24.5492558479
-0.452,1.296,2.036,24.6504149437
-0.908,1.792,1.152,24.7516050339
-0.464,0.04,2.044,24.8528959751
-0.516,-0.096,2.044,24.9542019367
-0.12,1.436,1.132,25.055492878
-0.232,-0.832,2.044,25.1567850113
-0.056,1.396,1.44,25.2580828667
-0.292,-0.26,2.044,25.3593800068
-1.388,1.668,2.044,25.4606740475
-0.72,0.62,2.044,25.5619740486
-0.76,1.128,1.616,25.6632659435
-0.412,0.196,2.044,25.7645530701
-0.304,-0.732,2.044,25.8658549786
-0.624,2.044,-1.076,25.9674708843
-1.276,0.476,2.044,26.0688340664
-0.392,0.428,2.044,26.170124054
-0.528,0.836,1.852,26.2714159489
-0.8,1.816,1.696,26.3727059364
-0.104,1.576,1.704,26.4739968777
-0.4,0.264,1.82,26.575291872
-0.388,-0.576,2.044,26.6765830517
-0.6,0.276,2.044,26.7778730392
-0.272,1.044,2.044,26.8792300224
-0.048,1,2.024,26.9805278778
-0.148,-0.912,2.044,27.0818178654
-0.584,1.792,1.096,27.1831128597
-0.808,1.956,1.736,27.2844069004
-0.812,1.952,1.328,27.3857109547
-0.144,0.624,2.044,27.4872479439
-0.1,-0.296,2.044,27.5886280537
-0.02,0.524,1.88,27.689925909
-2.048,1.496,2.044,27.7912240028
-0.088,0.396,2.044,27.892524004
-0.196,-0.064,2.044,27.9938230515
-0.848,1.968,1.072,28.0951118469
-1.04,-0.128,2.044,28.1964058876
-1.064,0.6,2.044,28.2977199554
-0.676,-0.268,2.044,28.3990190029
-0.284,-0.568,2.044,28.5003139973
-1.256,2.044,-0.58,28.6016259193
-0.972,0.54,2.044,28.7029180527
-0.296,-0.16,2.044,28.8042089939
-0.412,1.28,1.492,28.9055140018
-0.86,2.044,1.284,29.0070559978
-2.048,1.116,0.752,29.1085119247
-0.02,1.216,2.008,29.2098379135
-0.48,0.124,2.044,29.3111310005
-0.404,0.404,2.044,29.4124219418
-2.048,-2.048,2.044,29.5137400627
0.356,0.484,2.044,29.6150350571
0.088,-0.396,2.044,29.7163259983
-0.22,1.812,1.284,29.8177468777
-1.052,1.176,2.044,29.9191219807
0.672,0.604,2.044,30.0204370022
-0.432,0.528,2.044,30.1217329502
-0.308,0,2.04,30.2230198383
0.132,1.804,0.552,30.3243079185
-0.592,0.62,2.044,30.4256019592
-0.46,0.904,1.888,30.527132988
-0.436,0.076,2.044,30.6285588741
-0.632,1.752,1.6,30.7298538685
-0.884,0.248,2.044,30.8311500549
-0.632,0.98,1,30.9324429035
-0.396,0.136,2.044,31.0339229107
0.012,-0.584,2.044,31.1353008747
-0.724,2.044,-0.556,31.2366070747
-0.972,0.952,2.044,31.3379039764
-0.332,0.16,2.044,31.4391980171
-0.272,0.704,2.044,31.5405020714
0.424,1.868,1.144,31.6417970657
-0.252,1.852,1.428,31.7430958748
-0.232,0.584,1.88,31.8443989754
-0.312,-0.276,2.044,31.9459500313
-0.42,-0.432,2.044,32.0473208427
-1.2,2.044,0.74,32.1487338543
-0.592,0.9,2.044,32.2500300407
-0.228,-0.192,2.044,32.351323843
-0.292,1.2,1.7,32.45261693
-1.748,2.032,2.044,32.5539219379
-0.844,1.78,1.456,32.6552200317
-0.04,0.42,2.044,32.7565209866
-0.308,0.032,2.044,32.857820034
-0.28,0.556,2.028,32.9591369629
0.216,0.812,2.044,33.0604579449
0.1,1.108,1.492,33.1616430283
-1.328,-2.048,1.1,33.2627909184
-0.708,2.044,-1.64,33.3639340401
-0.844,0.992,2.044,33.465323925
-0.38,1.776,0.82,33.56656003
-1.444,0.864,1.964,33.6677079201
-0.852,-0.044,2.044,33.7688939571
-0.764,2.044,0.52,33.870059967
-0.572,0.512,2.044,33.9714319706
-0.092,-0.068,2.044,34.0728518963
-0.448,1.86,1.5,34.174175024
-1.036,1.3,2.044,34.275359869
-0.42,0.924,2.044,34.3765208721
-0.368,0.764,1.968,34.4776608944
-0.388,-0.404,2.044,34.5788340569
-0.576,0.184,2.044,34.6799759865
-2.048,0.06,2.044,34.7811188698
0.396,0.636,2.044,34.8822908401
0.06,-0.6,2.044,34.983839035
-0.768,1.848,0.76,37.9142038822
-0.528,0.34,1.888,38.0158090591
-0.072,-0.376,2.044,38.1171848774
0.032,2.044,-1.68,38.2185380459
-0.92,0.236,2.044,38.3198339939
-0.04,0.496,2.044,38.4211220741
-0.252,-0.14,2.044,38.5224230289
-2.048,2.044,0.408,38.6237249374
-0.812,1.432,2.044,38.7250218391
-1.596,0.568,2.044,38.8263170719
-0.532,-0.028,2.044,38.9276189804
-0.348,0.472,1.532,39.0289208889
-2.048,1.36,2.044,39.13022995
-0.26,0.616,2.044,39.2315289974
-0.144,-0.688,2.044,39.332821846
-0.436,1.744,0.844,39.4341709614
-1.236,0.856,2.044,39.5357298851
-0.668,2.044,0.388,39.6370940208
-0.556,0.572,2.044,39.7384910583
-0.372,0.236,2.044,39.8398208618
-0.328,2.044,-0.548,39.9411289692
-1.188,-0.208,2.044,40.042427063
-0.308,0.8,1.424,40.1437399387
-0.308,0.476,1.824,40.2451109886
1.328,1.808,1.296,40.3464310169
-0.08,1.34,2.044,40.4477300644
-0.42,1.132,1.06,40.5490350723
-0.26,-0.296,2.044,40.6503808498
-0.28,-0.984,2.044,40.7516839504
-2.024,2.044,0.432,40.8529808521
-0.34,0.452,2.044,40.9545340538
-0.192,-0.22,2.044,41.055893898
-0.468,1.296,1.38,41.1571879387
-0.756,1.324,2.044,41.2585618496
-0.624,1.96,0.908,41.3598680496
-0.408,0.22,2.044,41.4611549377
-0.312,-0.324,2.044,41.5624568462
0.476,1.44,0.96,41.6637589931
-1.952,1.408,2.044,41.7650749683
-0.16,0.476,2.044,41.8663790226
-0.272,-0.54,2.044,41.9676868916
-0.488,2.044,0.612,42.0689890385
-0.696,0.64,2.044,42.1702768803
-1.456,0.9,2.044,42.2715690136
-0.868,0.296,2.044,42.3728559017
-0.164,0.248,2.044,42.4743928909
-1.12,1.84,1.032,42.5757770538
-0.948,0.872,2.044,42.6770670414
-0.216,-0.252,2.044,42.7784118652
-0.232,0.948,1.772,42.8797118664
-1.064,1.944,1.704,42.9810118675
-0.16,-0.104,1.256,43.0823099613
0.176,-0.316,2.044,43.1836018562
-0.556,0.308,2.044,43.2848958969
0.392,1.524,1.384,43.3861849308
-0.34,0.548,2.044,43.4875049591
-0.008,0.412,2.044,43.5888118744
-0.424,1.06,1.844,43.690103054
-0.956,1.648,1.736,43.7914049625
-2.048,-1.324,1.764,43.8926999569
-0.452,1.28,2.044,43.9942529202
-0.356,0.464,2.044,44.0956249237
-0.152,-0.376,2.044,44.1969280243
-0.916,2.044,-0.004,44.2982239723
-1.3,1.1,2.044,44.399518013
-0.304,0.092,2.044,44.5008049011
-0.452,0.836,2.044,44.6020979881
-0.932,1.792,1.996,44.7033889294
-0.448,1.492,1.788,44.8046810627
-0.284,0.476,2.044,44.9059839249
-0.444,-0.124,2.044,45.0073418617
-0.544,0.292,2.044,45.1085829735
-2.048,-2.048,2.044,45.2097580433
-0.088,0.524,2.044,45.3109309673
-0.104,0.004,2.044,45.4121398926
-1.228,1.524,1.98,45.5135190487
-0.9,1.512,2.044,45.6147248745
-0.96,1.784,1.02,45.7158780098
-0.324,0.204,2.044,45.8170590401
-0.224,-0.464,2.044,45.9182090759
0.16,1.684,1.452,46.0193870068
-0.812,1.512,1.852,46.1205618382
-0.264,0.136,2.044,46.2216999531
-0.508,0.6,2.044,46.3228390217
-0.724,1.46,1.896,46.4241960049
-0.792,0.532,2.044,46.5255489349
-0.708,1.128,1.644,46.6267478466
-0.352,0.284,2.044,46.7278900146
-0.26,-0.712,2.044,46.8290419579
-0.836,2.044,-0.672,46.9301829338
-0.628,-0.412,2.044,47.0315589905
-0.336,0.572,2.044,47.1327579021
-0.6,1.708,1.488,47.2338979244
-0.76,1.028,2.044,47.3350288868
-0.76,0.804,2.044,47.4361610413
-0.384,0.868,1.708,47.5372998714
-0.4,-0.232,2.044,47.6384348869
-0.232,-0.5,2.044,47.7395730019
-1.108,2.044,-0.32,47.8407149315
-0.804,0.364,2.044,47.9418890476
-0.356,0.008,2.044,48.0430710316
-0.38,1.336,1.572,48.1442379951
-1.524,1.82,2.044,48.2453858852
0.432,0.74,2.044,48.3465168476
-0.748,0.548,1.752,48.4476509094
-0.356,-0.164,2.044,48.5490050316
-0.36,-0.3,2.044,48.6501960754
-1.132,2.044,0.896,48.7513329983
-0.636,0.652,2.044,48.8524708748
-0.236,-0.236,2.044,48.9536068439
-0.464,1.208,1.836,49.0547389984
-0.688,1.736,2.044,49.1558730602
-0.764,2.044,0.42,49.2570040226
-0.524,0.4,2.044,49.3581390381
-0.336,-0.032,2.044,49.4594559669
-0.132,1.888,1.228,49.5607688427
-0.468,1.24,2.044,49.6619579792
-0.34,0.716,1.736,49.7631318569
-0.204,0.012,2.044,49.8644180298
-2.048,2.044,2.044,49.9659559727
-0.464,0.816,2.044,50.0673220158
-0.792,0.584,0.64,50.1686630249
-0.264,-0.46,2.044,50.2699530125
-0.204,0.224,2.044,50.3712449074
-1.056,2.044,0.228,50.472550869
-0.584,0.184,2.044,50.5739378929
-0.312,0.048,2.044,50.6752519608
-0.252,1.264,1.564,50.7765500546
-2.048,2.044,2.044,50.8778460026
-0.42,1.684,1.304,50.9791460037
-1.44,-1.26,1.744,51.0804400444
-0.36,-0.536,2.044,51.181730032
-0.516,0.636,1.848,51.2830240726
0.44,1.036,1.428,51.3843140602
0.364,0.604,2.044,51.48584795
0.076,-0.816,2.044,51.5872788429
-0.552,1.524,1.364,51.6885979176
-0.412,1.212,2.04,51.7898979187
-0.576,1.9,1.068,51.8911950588
-1.576,-1.488,1.96,51.9924860001
-0.404,-0.452,2.044,52.0937788486
-0.248,1.672,1.064,52.1950700283
-0.892,1.348,2.044,52.2963609695
-0.028,0.504,2.044,52.3976528645
-0.224,-0.36,2.044,52.4989459515
-0.78,1.824,1.388,52.6002449989
-0.792,0.744,2.044,52.7015419006
-0.464,1.412,1,52.8028419018
-0.468,-0.156,2.044,52.9041318893
-0.172,-0.352,2.044,53.0056769848
-0.208,2.044,-2.048,53.1070399284
-0.976,-0.32,2.044,53.2084150314
-0.548,0.98,1.768,53.3097069263
-0.212,-0.272,2.044,53.4109959602
-0.992,2.044,0.848,53.5122869015
-1.012,1.628,2.044,53.6135759354
-1.072,0.04,2.044,53.7148690224
-0.652,0.012,2.044,53.816161871
-0.708,1.012,1.836,53.9175300598
-1.824,-0.876,2.044,54.0188260078
-0.616,0.076,1.288,54.1201188564
-0.78,1.62,-2.048,54.221408844
-0.208,0.784,1.636,54.3227000237
-0.76,1.216,2.044,54.4239869118
-0.776,-0.164,2.044,54.5255379677
-0.724,0.788,2.044,54.6269009113
-0.464,-0.044,2.044,54.7282178402
0.3,0.932,1.788,54.8295328617
-1.064,0.956,2.044,54.9308259487
0.08,0.764,2.044,55.0321140289
-0.184,0.168,2.044,55.1334140301
-2.048,2.044,1.032,55.2349770069
-0.232,0.728,2.044,55.3363618851
-0.4,1,1.5,55.4376549721
-0.42,-0.192,2.044,55.5389509201
-0.152,-0.32,2.044,55.6402609348
-2.048,2.044,0.164,55.7416260242
-0.464,1.228,2.044,55.842954874
-0.24,0.172,2.044,55.9442648888
-0.296,0.68,1.824,56.0458030701
-0.496,1.856,1.76,56.14716506
-0.892,1.94,1.6,56.2485358715
-0.38,0.436,1.444,56.3498289585
-0.16,-0.496,2.044,56.4511158466
-0.38,0.424,2.012,56.5524089336
-1.636,0.992,2.044,56.653701067
-0.148,0.164,2.044,56.7550020218
-0.268,-0.496,2.044,56.856304884
-0.516,1.912,0.812,56.9576480389
-1.028,1.252,2.044,57.0588340759
-0.564,2.044,0.132,57.1599738598
-0.372,0.2,2.044,57.2611370087
-0.504,0.764,2.044,57.3622770309
-0.576,1.088,1.768,57.4636650085
-0.712,1.028,2.044,57.5649929047
-0.04,0.688,1.768,57.6661548615
-0.14,-0.028,2.044,57.7673318386
-1.384,1.94,1.22,57.8684809208
-0.508,0.96,2.044,57.9696929455
-0.412,1.268,0.908,58.0708479881
-0.424,-0.436,2.044,58.1719899178
-0.368,0.352,2.044,58.2731409073
-1.024,2.044,0.328,58.3742790222
-1.02,-0.524,2.044,58.4754168987
-0.5,0.6,1.652,58.576597929
-0.412,1.448,1.216,58.6777489185
-2.048,1.656,2.044,58.7788929939
-0.604,1.032,2.044,58.8800299168
-0.296,0.568,1.824,58.9813940525
-0.648,-0.5,2.044,59.082597971
-0.536,0.692,2.044,59.1837358475
-2.048,0.76,2.044,59.2848799229
-0.528,0.1,2.044,59.386015892
0.036,-0.908,2.044,59.4871490002
-0.348,2.004,0.576,59.5882868767
-0.82,1.956,2.044,59.6894378662
-0.708,1.936,0.856,59.7905740738
-0.388,0.284,1.932,59.8918418884
-0.072,-0.42,2.044,59.9931380749
0.028,1.564,1.332,60.0944290161
-0.916,1.608,1.748,60.1957199574
-0.364,0.528,1.936,60.297013998
-0.304,-0.776,2.044,60.3983108997
-0.256,1.848,1.324,60.4998588562
-0.712,1.184,2.044,60.6012439728
-1.124,-1.5,-1.392,60.7025518417
-0.348,0.264,2.044,60.8039729595
-0.06,-0.352,2.044,60.9053430557
0.144,1.504,1.032,61.0066568851
-1.16,0.528,2.044,61.1079540253
-0.26,0.828,1.716,61.2092490196
-0.272,-0.352,2.044,61.3105368614
-0.9,2.044,0.476,61.4118258953
-0.58,1.08,2.044,61.5131180286
-1.364,0.464,2.044,61.6144049168
-0.832,0.212,2.044,61.7157049179
-0.44,0.064,2.044,61.8170039654
-1.484,1.94,0.888,61.918307066
-0.408,0.488,2.044,62.0198478699
-0.104,-0.064,2.044,62.1212170124
-0.384,1.18,1.66,62.2225079536
-0.636,1.572,2.044,62.3238010406
-0.58,1.904,0.22,62.4250888824
-0.216,-0.684,2.044,62.5264420509
-0.28,0.344,2.044,62.6277348995
0.02,1.756,1.452,62.7290370464
-0.652,0.432,2.044,62.8303539753
-0.192,1.004,1.6,62.9316458702
-0.316,-0.204,2.044,63.033010006
-1.516,2.044,2.044,63.134362936
-0.216,1.008,2.044,63.2356538773
-0.448,0.656,1.768,63.3369488716
-0.588,-0.34,2.044,63.438256979
-0.212,0.36,2.044,63.5398068428
-1.524,2.044,0.212,63.6411738396
-0.172,0.148,2.044,63.7426998615
0.04,0.232,2.044,63.8440799713
-0.22,1.368,1.312,63.945376873
-1.204,1.632,1.936,64.0466718674
0.02,1.38,2.02,64.1479640007
-2.048,-2.048,1.8,64.2492668629
-0.512,0.072,2.044,64.3505690098
-0.372,0.772,1.616,64.4518618584
-0.364,0.312,2.044,64.553164959
-0.204,0.508,2.044,64.6544759274
-0.204,-0.66,2.044,64.7557749748
-0.412,1.64,1.156,64.857074976
-1.344,0.82,2.044,64.9584670067
-0.848,1.088,1.38,65.0600018501
-0.8,0.136,2.044,65.161356926
-0.288,-0.184,2.044,65.262668848
-0.36,1.704,0.9,65.363959074
-1.056,0.696,2.044,65.4652469158
-0.316,0.528,2.044,65.5665569305
-0.312,0.58,2.044,65.6678528786
-2.048,2.044,1.312,65.7691559792
-0.056,0.424,2.044,65.8704550266
-0.484,0.816,1.624,65.9717729092
-0.5,-0.112,2.044,66.0731458664
-0.288,0.292,2.044,66.1746299267
-2.048,2.044,2.044,66.2759850025
-0.348,0.368,2.044,66.3772799969
-0.048,-0.024,2.044,66.4788820744
-0.368,1.188,1.548,66.5802669525
0.432,1.68,1.572,66.6815750599
-0.112,-0.076,0.664,66.7829039097
0.268,-0.46,2.044,66.8842039108
-0.284,0.428,2.044,66.9854969978
-0.46,0.136,2.044,67.0868048668
-2.048,-1.264,2.044,67.1881868839
0.276,0.52,2.044,67.2896149158
0.184,-0.776,2.044,67.3909828663
-0.564,1.924,1.06,67.4922840595
-0.92,1.052,2.044,67.5936160088
-0.948,1.832,0.868,67.6949620247
-0.332,0.496,2.044,67.7965459824
-0.284,-0.128,2.044,67.8979349136
-0.252,1.076,1.74,67.9994790554
-0.968,-0.184,2.044,68.1008598804
-0.004,0.796,1.736,68.2021570206
-0.212,-0.492,2.044,68.3034498692
-0.204,1.384,2.044,68.4047429562
-0.364,1.212,2.044,68.5060338974
-0.836,1.896,0.448,68.607336998
-0.356,-0.348,2.044,68.7087390423
-0.328,0.152,2.044,68.8099298477
0.204,2.004,0.96,68.9110870361
-1.032,-0.216,2.044,69.0122289658
-0.656,0.032,2.044,69.1133658886
-0.604,1.056,1.488,69.2145030499
-2.048,2.044,2.044,69.315639019
-0.852,0.72,2.044,69.4167790413
-1.24,-0.004,2.044,69.5181050301
-0.7,-0.34,2.044,69.6192920208
-0.432,0.516,2.044,69.7204380035
-0.212,1.68,1.228,69.8215930462
-1.008,0.34,2.044,69.9228670597
-0.492,0.188,2.044,70.0240449905
-0.396,1.084,1.796,70.1251869202
0.388,1.48,1.68,70.226323843
-0.408,0.628,2.044,70.3274629116
-1.068,-2.048,1.316,70.4286000729
-0.312,-0.316,2.044,70.5297439098
-0.24,0.552,2.044,70.6308870316
-1.084,2.044,1.036,70.7320270538
-0.916,0.928,2.044,70.8331670761
-0.172,0.088,2.044,70.9343109131
-0.248,1.164,1.86,71.0356800556
-0.776,0.312,1.492,71.1370060444
-0.616,0.704,2.044,71.2382159233
-0.34,0.616,1.72,71.3393769264
-0.444,-0.136,2.044,71.4405138493
-0.472,-0.184,2.044,71.5416529179
-1.168,2.044,1.46,71.642788887
-1.256,0.94,2.044,71.7439279556
-0.316,0.372,2.044,71.8450670242
-0.14,-0.092,2.044,71.9462029934
-1.004,2.02,1.244,72.0473370552
-0.824,0.692,2.044,72.1484680176
-1.028,0.408,0.876,72.2496030331
-0.348,-0.232,2.044,72.3507359028
-0.308,-0.636,2.044,72.4518699646
-0.788,2.044,0.548,72.553235054
-1.296,0.828,2.044,72.6544349194
-0.248,-0.048,2.044,72.7555749416
-0.124,0.516,1.984,72.8567180634
0.944,2,0.668,72.9578549862
-0.84,1.884,1.512,73.0589878559
-0.38,0.176,1.62,73.1601209641
-0.332,-0.748,2.044,73.2612540722
-0.468,0.44,2.044,73.3623859882
-0.932,0.44,2.044,73.46352005
-0.292,0.516,2.044,73.5646920204
-0.244,-0.388,2.044,73.6658320427
-0.324,1.536,1.16,73.7669708729
-0.824,1.508,2.044,73.8681080341
-0.836,1.556,1.124,73.9692440033
-0.284,0.016,2.044,74.0706009865
-0.312,-0.004,2.044,74.171792984
-0.416,1.16,1.744,74.2729258537
-1.024,1.348,1.868,74.3740589619
-0.452,0.176,2.044,74.4751908779
-0.344,-0.24,2.044,74.5763268471
-0.468,1.68,1.376,74.6774640083
-1.18,1.756,1.928,74.7786018848
0.9,-0.204,1.936,74.8798859119
-0.292,1.068,1.952,74.9812378883
0.008,0.804,1.632,75.0825519562
-0.308,-0.736,2.044,75.1838760376
-0.732,2.044,2.044,75.2851650715
-0.312,-0.036,2.044,75.3864550591
-0.312,0.112,2.044,75.4880490303
-0.964,1.384,1.448,75.5894479752
-0.448,1.172,2.044,75.6907598972
-0.676,1.784,1.148,75.7920799255
-0.532,0.212,2.044,75.8933749199
-0.34,-0.74,2.044,75.9946649075
-0.128,2.044,-0.004,76.0959730148
-0.872,-0.488,2.044,76.1972620487
-0.624,1.056,1.684,76.2986769676
-0.384,-0.136,2.044,76.4000599384
-2.048,2.044,1.632,76.5013740063
-0.704,0.348,2.044,76.6026749611
-0.884,-0.096,2.044,76.7039790154
-0.532,0.336,2.044,76.805273056
-0.308,-0.364,2.044,76.9065639973
-0.968,2.044,-0.104,77.0081260204
-1.16,0.78,2.044,77.109500885
-0.312,0.344,2.044,77.2107989788
-0.32,0.708,2.044,77.3121008873
-2.048,2.044,1.728,77.4133899212
0.556,0.516,2.044,77.5146808624
-0.724,0.272,1.548,77.6159749031
-0.38,0.076,2.044,77.7172698975
-0.516,-0.68,2.044,77.8185670376
-0.96,2.044,0.828,77.9198589325
-0.456,0.784,2.044,78.0212190151
-0.22,-0.16,2.044,78.1225500107
-0.464,1.184,1.64,78.2238528728
-0.64,1.568,2.044,78.3251428604
-0.784,1.756,1.12,78.4264290333
-0.524,-0.44,2.044,78.527974844
-0.44,-0.312,2.044,78.6293389797
-0.484,1.18,1.444,78.7306389809
1.296,1.144,1.756,78.8319320679
-0.244,0.584,2.044,78.9332170486
-0.332,-0.104,2.044,79.0345058441
-0.416,1.296,1.776,79.1357970238
-1.016,0.704,2.044,79.2370839119
-0.436,1.596,0.76,79.3384199142
-0.372,-0.024,2.044,79.4397149086
-0.256,-0.792,2.044,79.5410139561
-1.024,2.044,-1.604,79.6423079967
-0.984,0.704,2.044,79.7436189651
-0.356,0.276,2.044,79.8449180126
-0.368,0.468,2.044,79.9462089539
1.132,1.724,1.328,80.047757864
-0.212,0.62,2.044,80.149116993
-1.336,-0.048,1.256,80.2504079342
-0.504,-0.136,2.044,80.3517129421
-0.292,0.076,2.044,80.4530010223
-1.04,2.044,0.396,80.554295063
-0.096,0.408,2.044,80.6556019783
-0.012,-0.248,2.044,80.7568039894
-0.356,1.884,1.136,80.8579599857
-1.152,1.456,2.044,80.9591050148
-0.836,1.608,1.324,81.060240984
-2.048,-2.048,1.328,81.1613759995
-0.628,-0.38,2.044,81.2625150681
-0.744,1.224,1.704,81.3636498451
-2.048,-2.048,2.044,81.4648048878
0.208,0.64,2.044,81.5661969185
0.04,-0.444,2.044,81.6674230099
-0.192,1.488,1.66,81.7685739994
-0.676,1.332,1.956,81.8697149754
-0.44,1.112,1.888,81.9708518982
-0.36,0.296,2.044,82.0719890594
-0.464,-0.408,2.044,82.1731228828
-0.8,0.688,2.044,82.2742578983
-1.976,0.556,2.044,82.3753910065
-0.1,0.72,2.044,82.4765269756
-0.104,0.016,2.044,82.5776669979
-0.384,0.996,1.96,82.6788070202
-0.472,1.384,2.044,82.7799448967
-1,1.956,0.764,82.8810780048
-0.36,-0.204,1.704,82.9822130203
-0.352,-0.456,2.044,83.0835800171
-0.672,1.36,1.78,83.1847748756
-0.42,0.08,2.044,83.2859079838
-0.272,0.804,1.792,83.3870389462
-0.104,-0.34,2.044,83.4881720543
-0.072,1.444,1.76,83.5893099308
-0.844,1.1,2.044,83.6904449463
-0.896,1.876,0.628,83.79160285
-0.4,0.012,2.044,83.8927769661
-0.472,-0.516,2.044,83.9939279556
0.664,2.044,-0.968,84.0950610638
-0.644,0.624,2.044,84.1961929798
-0.192,0.84,2.044,84.2973239422
-0.348,-0.312,2.044,84.3984558582
-1.444,2.044,1.04,84.4998128414
-0.324,0.416,2.044,84.6010758877
-1.3,0.68,0.848,84.7022230625
-0.52,-0.244,2.044,84.8033568859
-0.312,-0.36,2.044,84.9046368599
-1.256,2.044,-0.224,85.0059299469
-1.144,0.348,2.044,85.1072189808
-0.436,0.608,1.964,85.208509922
-0.172,0.956,1.816,85.3097970486
-0.408,1.596,1.788,85.4110839367
-0.516,0.852,2.044,85.512390852
-0.392,0.488,1.776,85.6136879921
-0.48,-0.236,2.044,85.7149760723
-0.216,0.028,2.044,85.8162848949
-0.984,1.976,0.736,85.9175779819
-0.672,0.532,2.044,86.019122839
-0.356,0,2.044,86.1204838753
-0.132,0.944,1.72,86.221777916
-0.72,1.644,1.988,86.3230659962
-0.716,1.952,1.096,86.4243679047
-0.436,0.256,1.968,86.5256669521
-0.308,-0.848,2.044,86.62698102
-0.648,0.888,1.664,86.7284550667
0.16,0.764,2.044,86.8297979832
-0.512,0.924,2.044,86.9310998917
-0.384,0.228,2.044,87.0323889256
-0.456,0.58,2.044,87.1336898804
-1.296,1.752,2.044,87.2349798679
-0.884,1.876,1.02,87.3362710476
-0.412,0.572,1.544,87.4375579357
-0.304,-1.228,2.044,87.5391039848
-0.308,2.044,0.352,87.6404578686
-1.056,0.816,2.044,87.741765976
-0.264,0.612,2.044,87.8430640697
-0.276,-0.44,2.044,87.9443609715
-0.604,2.04,0.788,88.0456528664
-0.9,0.376,2.044,88.1469428539
-0.6,1.56,0.668,88.2482318878
-0.404,-0.08,2.044,88.3495209217
-0.152,-0.448,2.044,88.4508090019
-0.048,2.044,-1.828,88.5521030426
-0.932,1.42,2.044,88.6533958912
-0.408,0.488,1.72,88.7546999454
-0.34,0.06,2.044,88.8559930325
1.34,1.612,1.308,88.95728302
0.18,0.948,2.044,89.0588150024
-0.46,0.612,1.536,89.1601729393
-0.368,-0.368,2.044,89.2614660263
-0.412,0.488,2.044,89.3627550602
-2.048,-0.5,0.016,89.4640500546
-0.692,0.04,2.044,89.5653460026
-0.296,0.328,2.044,89.6666328907
-0.32,1.192,1.532,89.7679209709
-0.872,1.58,2.044,89.8692200184
-0.388,0.708,2.044,89.9705119133
-0.692,0.316,1.88,90.071805954
-0.448,-0.124,2.044,90.1730949879
-0.472,0.06,2.044,90.2743849754
-2.048,1.212,2.044,90.3756730556
-0.636,0.588,2.044,90.4769630432
-0.372,-0.304,2.044,90.5785529613
-0.372,1.148,1.496,90.6799058914
-0.732,1.632,2.044,90.7811999321
-0.836,1.888,1.26,90.8824958801
-1.076,-0.232,1.456,90.9837949276
-0.072,-0.796,2.044,91.0850858688
-0.252,1.724,1.064,91.1863780022
-1.236,0.352,2.044,91.2876689434
0.308,0.876,1.796,91.388958931
-0.1,-0.572,2.044,91.4902579784
-0.796,1.932,1.22,91.5915570259
-0.504,1.188,2.044,91.6928489208
-0.448,1.612,0.836,91.7941939831
-0.264,0.004,2.044,91.8955819607
-0.184,0.204,2.044,91.9969010353
-0.188,1.756,1.352,92.0985109806
-0.792,0.62,2.044,92.1998720169
-0.192,0.82,1.724,92.3011679649
-0.268,-0.024,2.044,92.4024579525
-2.048,2.044,1.972,92.5037510395
-0.232,0.992,2.044,92.605052948
-0.364,0.952,1.276,92.7062399387
-0.496,-0.52,2.044,92.8074278831
-0.376,0.788,2.044,92.9085898399
-2.048,2.044,1.012,93.0097310543
-0.372,0.132,2.044,93.1108720303
-0.108,0.74,1.836,93.2120089531
-0.188,0.98,1.688,93.3131439686
-1.456,1.752,2.044,93.4142818451
-0.596,1.512,1.668,93.515650034
-0.752,0.02,1.82,93.6168599129
-0.32,-0.464,2.044,93.7180049419
-0.488,0.544,1.92,93.8191530704
-2.048,0.464,1.864,93.9202940464
-0.26,0.468,2.044,94.0214328766
-0.14,-0.024,2.044,94.1225700378
-0.364,0.884,1.716,94.2237029076
-0.776,1.564,2.044,94.3248379231
-0.768,2.028,0.644,94.4259729385
-0.376,0.304,2.044,94.5271110535
-0.224,-0.348,2.044,94.6282429695
-0.208,1.7,0.96,94.7293770313
-0.496,0.888,2.044,94.8306510448
0.044,1.036,1.58,94.9319419861
-0.324,-0.392,2.044,95.0335109234
-2.048,2.044,1.828,95.1348938942
-0.324,0.992,2.044,95.2361860275
-0.936,1.364,0.704,95.3375070095
-0.356,-0.12,2.044,95.4388129711
-0.464,0.1,2.044,95.540104866
-0.3,1.512,1.568,95.6413960457
-0.38,0.996,2.044,95.7427308559
0.376,1.104,1.548,95.8440339565
0.204,-0.716,2.044,95.9453270435
-2.048,2.044,1.328,96.0466148853
-0.612,0.784,2.044,96.1479048729
-0.628,1.42,1.004,96.2492010593
-0.388,0.036,2.044,96.3504910469
-0.224,-0.336,2.044,96.4517810345
-1.176,2.044,-0.324,96.5533230305
-1.056,-0.332,2.044,96.65467906
-0.732,0.716,1.728,96.7559659481
-0.344,0.804,1.764,96.8572618961
-2.048,2.044,2.044,96.9585728645
-0.456,1.24,2.044,97.0599429607
-0.332,0.404,1.844,97.1612529755
-0.432,-0.66,2.044,97.2625420094
-0.312,0.22,1.984,97.3638298512
-2.048,-0.348,2.044,97.4651198387
-0.384,0.372,2.044,97.5664129257
-0.096,-0.408,2.044,97.6677060127
-0.504,1.448,1.276,97.7690010071
-0.668,1.58,1.96,97.8703329563
-0.904,1.624,1.436,97.9716639519
-0.404,-0.096,1.944,98.0732119083
-0.156,-0.78,2.044,98.1745929718
-0.58,1.04,1.368,98.2758998871
-0.92,1.32,1.912,98.3772089481
-0.064,0.54,2.044,98.4785139561
-0.204,-0.612,2.044,98.5798199177
-0.372,1.2,1.66,98.6811180115
-1.172,1.752,1.828,98.7824189663
-0.056,0.444,1.848,98.8837239742
-0.432,1.428,1.92,98.9850180149
-0.208,-0.056,2.044,99.0863158703
-0.128,0.1,2.044,99.1876158714
-2.048,-0.672,2.044,99.2889170647
0.092,0.504,2.044,99.3902108669
-0.108,-0.348,2.044,99.4915099144
-0.656,1.428,1.32,99.5930528641
-1,0.812,2.044,99.6944110394
-1.068,1.736,0.952,99.7957110405
-0.16,0.864,0.612,99.8970148563
-0.26,-1.172,2.044,99.9983160496
-0.056,2.044,0.36,100.0996110439
-1.624,-0.928,2.044,100.200906992
-0.444,0.348,2.044,100.3022010326
-0.384,-0.064,2.044,100.4034950733
-0.796,2.044,0.988,100.5047860146
-1.016,-0.14,2.044,100.6060888767
-1.02,0.676,2.044,100.7074899673
-0.628,0.632,2.044,100.8087940216
-0.28,-0.008,2.044,100.9100930691
0.356,1.044,1.852,101.0114059448
-1.356,1.256,1.864,101.1129369736
-0.296,0.224,2.044,101.21428895
-0.084,0.484,2.044,101.3155889511
-0.264,1.596,1.672,101.4168930054
-0.472,0.524,2.044,101.5181908607
-0.716,0.876,1.396,101.6195180416
-0.444,-0.252,2.044,101.720813036
-0.272,-0.18,2.044,101.8221149445
-1.316,2.044,-0.516,101.9234259129
-1.272,0.692,2.044,102.0247180462
-0.344,0.236,2.032,102.1260290146
-0.072,0.604,1.884,102.2274999619
0.656,2.028,1.488,102.3288228512
-0.464,0.688,2.044,102.430120945
-0.8,1.036,2.044,102.5317008495
-0.424,0.068,2.044,102.6330618858
-0.248,-0.524,2.044,102.7343549728
-1.276,2.044,-0.228,102.8357059956
-0.412,0.636,2.044,102.937005043
-0.24,-0.256,2.044,103.0383019447
-0.312,1.388,1.348,103.1396188736
-2.048,2.044,2.044,103.240913868
0.012,1.044,2.012,103.3422029018
-0.38,0.356,1.98,103.4434938431
-0.448,-0.38,2.044,103.5447919369
-0.368,0.244,2.044,103.6460859776
-0.956,2.044,1,103.7474579811
-0.552,0.984,2.044,103.8487648964
-0.328,-0.156,2.044,103.9500689507
-0.48,1.228,1.672,104.0516140461
-0.796,1.7,1.82,104.1529829502
-0.496,1.376,1.548,104.2542769909
-0.188,0.496,2.044,104.3555738926
-0.36,-0.272,2.044,104.4568738937
-0.452,-0.148,2.044,104.5580608845
-2.048,2.044,2.044,104.659209013
-0.056,0.452,2.044,104.7603478432
-0.24,-0.628,2.044,104.8615050316
-0.548,1.688,1.048,104.9626550674
-0.584,1.788,2.044,105.0640089512
-1.36,1.044,0.52,105.1653409004
-0.356,0.536,1.992,105.266520977
-0.416,-0.548,2.044,105.3676638603
-0.58,0.1,2.044,105.4688029289
-0.1,1.16,2.044,105.5701658726
-0.132,0.948,2.044,105.6713719368
-0.236,-0.256,2.044,105.7726888657
-0.504,1.112,1.952,105.8739199638
-0.64,1.588,1.784,105.9750769138
-0.464,1.012,2.044,106.0762169361
-0.36,0.248,2.044,106.1773529053
-0.544,-0.46,2.044,106.2785160542
-0.788,0.528,2.044,106.3796560764
-2.036,0.076,2.044,106.4807929993
0.4,0.924,1.78,106.5819659233
0.044,-0.58,2.044,106.6831059456
-0.66,1.656,1.492,106.7842400074
-0.88,1.312,1.964,106.8853809834
0.116,1.048,2.044,106.9865179062
2.044,1.996,2.044,107.087875843
-0.492,0.072,2.044,107.1890850067
-0.576,0.48,2.044,107.2902338505
-2.048,0.78,2.044,107.391438961
-0.184,0.612,2.044,107.4925968647
-0.196,-0.124,2.044,107.5937409401
-0.34,0.96,2.044,107.6948759556
-0.64,1.556,2.02,107.7960109711
0.068,1.188,1.668,107.8971538544
-0.252,0.296,2.044,107.9983160496
-0.376,0.012,2.044,108.0994570255
-0.632,0.312,2.044,108.2005929947
-2.048,0.412,2.044,108.3017258644
-0.352,0.46,2.044,108.4028589726
-0.148,0.148,2.044,108.5039908886
-0.376,1.12,2.02,108.6053478718
-0.64,1.544,1.852,108.7065439224
-0.152,1.012,2.044,108.8078780174
-0.368,0.428,2.044,108.9090838432
-0.34,-0.252,2.044,109.0102250576
-0.644,0.576,2.044,109.1113600731
-0.98,1.492,1.592,109.2124989033
-0.416,0.496,2.044,109.3136310577
-0.136,0.16,2.044,109.4147689343
-0.576,1.172,2.044,109.5159049034
-0.676,1.588,1.872,109.6170430183
-0.576,1.128,1.864,109.7181758881
-0.388,0.388,2.044,109.819455862
-0.412,-0.128,2.044,109.9207708836
-0.504,-0.02,2.044,110.0220599175
-0.072,1.232,1.332,110.1235949993
0.436,0.776,2.044,110.2249560356
0.06,-0.552,2.044,110.3262479305
-0.568,1.636,1.66,110.4275548458
-0.408,1.24,2.044,110.5288529396
-0.188,1.284,1.34,110.6301438808
-0.584,0.208,2.044,110.7314338684
-0.412,0.068,2.044,110.8327310085
-0.632,0.96,2.044,110.9340209961
-2.048,-0.56,2.044,111.03531003
-0.164,0.516,2.044,111.1365978718
-0.14,0.132,2.044,111.237885952
-0.5,1.004,2,111.3391759396
-0.672,1.088,2.044,111.4404630661
-0.968,1.396,1.284,111.5420370102
-0.312,0.144,2.044,111.6433980465
-0.332,-0.28,2.044,111.7446918488
-0.516,1.232,1.844,111.8459899426
-1.08,0.084,2.044,111.9472820759
-0.132,0.336,2.044,112.0485680103
-0.308,-0.068,2.044,112.1498589516
-0.576,1.308,1.876,112.2511508465
-0.48,1.176,2.044,112.3524420261
-0.768,1.068,2.044,112.4537479877
-0.416,0.452,2.044,112.5551350117
-0.308,-0.556,2.044,112.6564569473
-0.524,1.372,1.496,112.7577488422
-0.492,1,2.044,112.8590519428
-0.08,0.88,1.76,112.9603469372
-0.236,-0.24,2.044,113.0618948936
-0.144,1.204,2.044,113.1632609367
-0.816,1.076,2.044,113.2645578384
-0.94,1.336,1.336,113.3658509254
-0.352,0.16,2.044,113.4671399593
-0.412,-0.356,2.044,113.5684878826
-0.56,1.768,1.3,113.6697809696
-0.556,0.984,2.044,113.7710700035
0.024,1.036,1.748,113.8723700047
-0.196,-0.172,2.044,113.9736609459
-0.764,1.152,2.044,114.0749518871
-0.564,1.088,2,114.17623806
-0.78,1.004,1.7,114.2775380611
0.304,0.2,2.044,114.3788268566
-0.452,-0.156,2.044,114.4801189899
-0.688,1.08,1.932,114.5816569328
-1.904,-0.092,2.044,114.6830260754
-0.26,0.536,2.044,114.7843210697
-0.26,-0.008,2.044,114.8856189251
-0.204,0.824,2.044,114.9869689941
-0.46,1.436,2.044,115.088285923
-1.264,1.136,1.564,115.189770937
-0.872,-0.796,1.828,115.291367054
-0.416,-0.416,2.044,115.3927240372
-0.744,0.976,2.044,115.4940178394
-2.048,-2.048,2.044,115.5953178406
-0.208,0.744,2.044,115.6966109276
-0.192,-0.584,2.044,115.7979080677
-0.648,1.512,1.716,115.8992168903
-0.82,1.336,2.044,116.0005249977
-0.324,1.156,1.688,116.10206604
-0.416,0.596,2.044,116.2034358978
-0.324,-0.312,2.044,116.3047299385
-0.764,0.592,2.044,116.4060258865
-2.048,0.424,1.628,116.5073299408
-0.428,0.188,2.044,116.6086318493
-0.304,0.352,2.044,116.7097709179
-0.624,1.116,2.044,116.8109169006
-0.74,1.228,2.044,116.9120600224
-2.048,1.792,1.084,117.0131969452
-0.396,0.3,2.044,117.1143329144
-0.408,-0.468,2.044,117.2154700756
-0.5,1.02,1.612,117.3166089058
1.652,0.572,2.044,117.4177780151
0.068,0.96,1.984,117.5189199448
-0.216,-0.196,2.044,117.6203939915
-0.7,1.528,1.596,117.7216620445
-0.532,0.836,2.044,117.8228459358
-0.764,2.044,0.46,117.9240009785
-0.344,0.24,2.044,118.0251410007
-0.38,-0.24,2.044,118.126324892
-0.368,1.976,1.224,118.2275080681
0.34,0.812,2.044,118.3286650181
0.052,0.524,2.044,118.4298028946
-0.228,0.356,2.044,118.5309388638
-2.048,2.044,2.044,118.6320710182
-0.468,0.608,2.044,118.7332029343
-0.492,0.788,1.692,118.8343448639
-0.508,0.076,2.044,118.9354810715
-0.304,-0.772,2.044,119.0368628502
-0.964,2.044,-0.928,119.1380748749
-1.06,0.436,2.044,119.239210844
-0.396,-0.26,2.044,119.3403458595
-0.468,1.316,1.536,119.4414849281
-0.932,1.244,2.044,119.5426230431
-0.436,1.232,1.78,119.6437609196
-0.376,0.164,2.044,119.7448949814
-0.476,-0.384,2.044,119.8461780548
-0.576,0.616,2.044,119.9475388527
-0.728,1.116,2.044,120.048830986
0.876,1.232,1.576,120.1501159668
-0.208,-0.304,2.044,120.2514078617
-2.048,0.708,2.044,120.3526968956
-0.472,1.352,2.044,120.4540150166
-0.864,1.668,1.356,120.5555548668
-0.22,0.004,2.044,120.65691185
-0.28,-0.156,2.044,120.7582108974
-0.496,1.424,1.892,120.8595118523
-0.844,0.504,2.044,120.9608049393
-0.556,0.78,1.488,121.0621089935
-0.424,0.156,2.044,121.1633989811
-2.048,2.044,2.044,121.264688015
-0.668,0.668,2.044,121.3659958839
-0.756,1.44,0.992,121.4672839642
-0.376,-0.08,2.044,121.568582058
-0.364,-0.484,2.044,121.6698789597
0.48,2.044,-0.344,121.7711670399
-1.8,-1.332,2.044,121.8724720478
-0.7,1.088,1.612,121.973772049
-0.404,0.892,1.972,122.075314045
-0.34,1.568,1.696,122.1766748428
-0.524,0.764,2.044,122.2779710293
-2.028,0.156,1.232,122.3792619705
-0.276,0.364,2.044,122.4805500507
-0.38,-0.656,2.044,122.5818500519
-0.952,2.044,-0.396,122.6831479073
-1.532,-0.52,2.044,122.7844600677
-0.78,0.616,2.044,122.8858690262
-0.496,1.348,1.684,122.987195015
-1.576,1.024,2.044,123.0884969234
-0.744,0.364,2.044,123.1897969246
-0.684,1.172,1.84,123.2910928726
-0.484,0.312,2.044,123.392385006
-0.396,-0.36,2.044,123.4936800003
-1.148,2.044,-0.008,123.5952198505
-0.752,0.992,2.044,123.6965830326
-0.144,-0.184,2.044,123.7978830338
-0.58,1.292,1.616,123.8991868496
-2.048,2.044,2.044,124.0004770756
-0.32,1.204,1.728,124.1017680168
-0.44,0.104,2.024,124.2030549049
-0.48,-0.348,2.044,124.3043429852
-0.7,0.948,2.044,124.4056339264
-2.048,-0.124,2.044,124.5069260597
-0.084,0.608,2.044,124.6082220078
-0.124,-0.836,2.044,124.7095310688
-0.6,2.044,0.516,124.8108358383
-0.788,1.124,2.044,124.9121289253
-0.516,1.848,0.476,125.0134210587
-0.356,0.216,2.044,125.1149740219
-0.384,-0.388,2.044,125.2163379192
0.452,2.044,-0.4,125.3176310062
-1.164,1.14,2.044,125.4189360142
-0.488,0.252,1.908,125.5202300549
-0.388,0.492,2.032,125.6215238571
-2.048,1.66,2.044,125.7228269577
-0.296,1.012,2.044,125.8241260052
-0.388,0.256,2.044,125.9254179001
-0.424,-0.508,2.044,126.026706934
-0.504,0.884,1.8,126.1279990673
-0.856,1.968,1.952,126.2294559479
-0.448,0.632,2.044,126.3308160305
-0.448,-0.404,2.044,126.4321088791
-0.476,1.58,1.672,126.5334088802
-1.236,0.844,1.816,126.6349480152
-0.056,0.52,2.044,126.7363078594
-0.296,0.524,2.044,126.8376119137
-0.396,-0.256,2.044,126.938906908
-0.652,0.48,2.044,127.0401968956
-0.208,1.28,1.824,127.1414859295
-0.192,0.532,2.044,127.2429358959
-0.032,-0.276,2.044,127.3442988396
-0.324,1.644,1.408,127.4455928802
-0.64,1.596,1.896,127.5469110012
-0.668,1.236,1.456,127.6482229233
-0.56,-0.932,2.044,127.7495210171
-0.456,-0.264,2.044,127.851088047
0.148,1.632,1.276,127.9722850323
-1.068,0.708,2.044,128.0738449097
-0.308,0.764,1.788,128.1753430367
-0.252,-0.576,2.044,128.2766878605
-1.848,1.624,2.044,128.3779950142
-0.384,1.04,2.044,128.4792919159
-0.8,1.544,0.96,128.5804870129
-0.368,0.08,2.044,128.6816320419
-0.384,0.14,2.044,128.7827720642
-0.284,1.74,1.528,128.8839230537
-0.812,0.72,2.044,128.9850668907
-0.488,0.312,2.044,129.0862078667
-0.468,0.46,2.044,129.1873450279
0.916,1.276,1.412,129.2885000706
-0.16,1.044,1.98,129.3896369934
-1.448,0.708,1.168,129.490778923
-0.44,-0.176,2.044,129.5921449661
-0.368,0.368,2.044,129.6933510304
-0.004,1.808,1.436,129.7944920063
-0.732,0.088,2.044,129.8956458569
-0.36,0.888,1.652,129.9969270229
-0.264,0.54,2.044,130.0981190205
-1.724,2.044,1.552,130.1992719173
-0.664,0.84,2.044,130.3004119396
-0.512,0.988,1.84,130.4015438557
0.048,-0.124,2.044,130.5026769638
-0.152,0.136,2.044,130.6038138866
-0.58,1.932,0.86,130.7049469948
-0.756,0.712,2.044,130.8060829639
-0.336,0.268,2.044,130.9072229862
-0.264,1.104,1.888,131.0083749294
-2.048,1.092,2.044,131.1097319126
-0.608,0.196,2.044,131.21093297
-0.608,0.936,1.936,131.3120689392
-0.388,0.02,2.044,131.4132020473
-0.384,0.12,2.044,131.5143370628
-2.048,2.044,0.72,131.6154768467
-0.544,0.552,2.044,131.7166080475
-0.256,0.3,2.044,131.8177449703
-0.412,1.208,1.832,131.9188909531
-0.192,1.468,1.9,132.0200250149
-0.332,0.6,2.044,132.1211559773
-0.468,0.36,2.012,132.2222878933
-0.512,-0.056,2.044,132.3234200478
-0.272,-0.036,2.044,132.4245500565
-1.744,2.044,0.192,132.5256860256
-0.668,-0.06,2.044,132.6270470619
-0.26,-0.268,2.044,132.7282440662
-0.788,1.616,1.308,132.8293988705
-0.776,1.296,1.936,132.9305438995
-0.74,1.768,1.36,133.0519518852
-0.28,0.284,2.044,133.1531400681
-0.428,-0.72,2.044,133.2542920113
-0.564,1.004,1.568,133.3554229736
0.296,0.832,2.044,133.4565529823
0.728,0.86,1.868,133.5576879978
-0.024,-0.448,2.044,133.6588220596
-2.048,2.016,2.044,133.7599549294
-0.324,1.096,2.044,133.861093998
-0.736,1.668,1.012,133.9622280598
-0.856,-0.668,2.044,134.0635859966
-0.348,-0.868,2.044,134.1647880077
-0.7,2.044,-2.048,134.2659239769
-1.584,0.012,2.044,134.3670558929
-0.832,0.192,1.98,134.4681880474
-0.652,1.96,0.552,134.5693268776
-0.88,1.296,2.044,134.6704599857
-0.544,1.024,1.856,134.7715950012
-1.484,-0.736,2.044,134.8728690147
-0.468,-0.224,2.044,134.9741659164
-0.688,0.412,2.044,135.0754580498
-1.632,1.432,1.288,135.1767430305
-0.388,-0.1,2.044,135.2780320644
-0.144,-0.332,2.044,135.3793280125
-0.632,1.844,1.012,135.4806199074
-0.692,1.356,2.044,135.5821518898
-0.692,1.932,0.888,135.6835110188
-0.54,-0.392,2.044,135.7848079205
-0.336,-0.256,2.044,135.8861088753
-0.084,1.9,0.884,135.9874479771
-1.34,0.452,2.044,136.0887420177
-0.152,0.732,2.044,136.1900289059
-0.408,-0.12,2.044,136.2913269997
-0.884,1.788,1.176,136.3926188946
-0.62,0.648,2.044,136.4939148426
-0.46,0.844,1.336,136.5952110291
-0.484,-0.292,2.044,136.6965050697
-0.144,-0.06,2.044,136.7977969646
-1.304,1.98,1.288,136.8991029263
-0.648,0.996,2.044,137.0003938675
-0.14,0.16,2.044,137.1019308567
-0.228,0.604,2.028,137.2032928467
1.144,1.956,1.032,137.3045840263
-0.476,1.716,1.564,137.4058718681
-0.296,0.252,1.224,137.5071680546
-0.216,-0.632,2.044,137.608536005
-0.688,0.86,2.044,137.7098278999
-2.02,-0.56,2.044,137.811123848
0.08,0.56,2.044,137.912432909
-0.136,-0.684,2.044,138.0137300491
-0.808,1.664,2.044,138.1779749393
-0.88,2.044,0.824,138.2793500423
-2.048,-2.048,0.236,138.3806769848
-0.344,-0.78,2.044,138.4819710255
-0.272,1.796,0.96,138.5835258961
-2.048,2.044,2.044,138.6848928928
0.824,0.236,2.044,138.786190033
0.08,-0.444,2.044,138.8875238895
-0.316,1.768,0.924,138.988820076
-0.408,0.928,2.044,139.0901589394
-0.748,1.712,0.764,139.1914680004
-0.352,0.072,2.044,139.2927699089
-0.324,-0.252,2.044,139.3940608501
0.92,2.044,0.6,139.4953529835
-1.016,0.164,2.044,139.5966689587
-0.588,0.776,1.66,139.6979649067
-0.424,0.508,2.044,139.799259901
-0.98,2.044,2.044,139.900562048
-0.592,0.432,2.044,140.0018539429
-0.932,0.752,1.652,140.1033909321
-0.464,0.084,2.044,140.2047879696
-0.36,-0.552,2.044,140.3061850071
-1.408,2.044,0.112,140.4073660374
-0.876,-0.504,2.044,140.5085370541
-0.512,0.58,2.044,140.6097109318
-0.276,1.136,1.596,140.7108509541
-0.696,1.292,2.04,140.8120079041
-0.236,1.108,2.044,140.9133028984
-0.364,0.72,1.768,141.014441967
-0.448,-0.504,2.044,141.1155838966
-0.548,-0.056,2.044,141.2167298794
-1.688,1.856,2.044,141.3178708553
0.352,-0.024,2.044,141.4190480709
0.164,-1.324,2.044,141.5201909542
-0.972,2.044,0.576,141.6215519905
-1.112,1.3,2.044,141.7227530479
-0.436,1.492,1.556,141.8239090443
-1.688,-0.972,1.692,141.9250838757
-0.368,-0.36,2.044,142.0262210369
-0.688,0.12,2.044,142.1273589134
1.888,1.28,1.588,142.2285199165
0.348,0.304,2.044,142.3296508789
0.116,-0.784,2.044,142.4307830334
-0.636,2.012,1.02,142.5319180489
-0.056,1.248,2.044,142.6330509186
-0.424,1.972,0.556,142.7341809273
-0.248,0.276,2.044,142.8353190422
-0.26,-0.108,2.044,142.9364519119
0.044,1.608,1.16,143.0375819206
-0.592,1.592,1.98,143.1389560699
0.088,0.744,2.044,143.2402420044
-0.264,-0.148,2.044,143.3414139748
-1.696,1.456,1.816,143.4425530434
0.092,1.172,2.036,143.5436918736
-0.76,1.288,1.448,143.644826889
-0.416,0.036,2.044,143.7459599972
-0.264,-0.232,2.044,143.8471088409
-0.088,2.044,-0.572,143.9482488632
-1.004,-0.432,2.044,144.0493860245
-0.608,1.32,1.292,144.15052104
-0.392,-0.14,2.044,144.2516560555
-0.904,2.044,2.012,144.3527910709
-0.212,1.068,2.044,144.453925848
-0.356,0.784,1.424,144.5550658703
-0.432,-0.46,2.044,144.6564249992
-0.152,-0.36,2.044,144.7576248646
-0.844,2.044,0.16,144.8589098454
-0.368,0.432,2.044,144.9602179527
-0.036,-0.296,2.044,145.0615930557
-0.316,1.272,1.376,145.1629128456
-0.32,1.932,1.888,145.2642250061
-0.744,2.044,0.404,145.3655149937
-0.608,-0.284,2.044,145.4668078423
-0.284,-0.128,2.044,145.5681099892
-1.928,2.044,-1.456,145.6694078445
-2.048,0.308,2.044,145.7706980705
-0.172,-0.096,2.044,145.87200284
-0.184,1.564,1.776,145.9732949734
-0.804,0.484,2.044,146.0748250484
-0.684,0.74,2.044,146.1761958599
-0.572,-0.216,2.044,146.2775058746
-1.516,1.42,2.044,146.3788030148
-0.652,1.724,1.584,146.4800958633
-1.296,0.188,2.044,146.5814020634
-0.276,0.968,1.692,146.6827020645
-0.2,-0.476,2.044,146.7840030193
-0.776,1.72,1.564,146.8853058815
-1.256,1.408,2.044,146.9866039753
-0.236,-0.296,1.168,147.0878989697
-1.024,0.888,2.044,147.189193964
-0.76,0.396,2.044,147.2904908657
-0.608,0.62,2.044,147.3917880058
-2.048,-2.048,2.044,147.4930839539
-0.112,0.42,2.044,147.5946190357
0,-0.4,2.044,147.6959760189
-0.424,1.964,0.94,147.7972719669
-0.48,1.188,2.044,147.8985960484
-1.7,-1.604,-1.208,147.9998960495
-0.228,-0.14,2.044,148.1011929512
-0.116,0.22,2.044,148.2024869919
-0.596,2.044,-1.12,148.3211870193
-1.64,0.844,2.044,148.422533989
-0.408,-0.556,2.044,148.5238518715
-0.484,1.66,0.928,148.6251540184
0.54,1.692,1.364,148.7264418602
-2.048,0.58,0.648,148.8277468681
0.08,1.272,1.908,148.9290430546
-0.264,-0.324,2.044,149.0303330421
0.124,0.152,2.044,149.131870985
-0.32,1.468,2.044,149.2332408428
0.572,0.912,1.752,149.3345360756
-0.036,-0.656,2.044,149.4358329773
-0.916,2.032,0.74,149.5371329784
0.12,1.296,2.024,149.6385090351
-0.624,1.568,1.02,149.7398068905
-0.556,-0.196,2.044,149.8411159515
-0.496,-0.04,2.044,149.9424638748
0.588,1.956,0.692,150.0437569618
-0.552,0.728,2.044,150.1450629234
0.024,0.872,1.788,150.2463510036
-0.24,-0.388,2.044,150.3476428986
-0.836,1.456,1.824,150.4489510059
-0.52,1.18,2.044,150.550262928
-0.82,1.952,0.472,150.6518008709
-0.308,-0.044,2.044,150.7531609535
-0.324,-0.44,2.044,150.854462862
0.7,2.044,1.092,150.9557569027
-0.584,0.8,2.044,151.0570578575
-0.268,0.764,2.016,151.1584479809
-0.352,0.04,2.044,151.2597498894
-2.048,2.044,2.044,151.3610548973
-0.536,0.6,2.044,151.4623479843
-0.696,1.404,1.076,151.563644886
-0.404,0.124,2.044,151.6649398804
-0.232,-0.376,2.044,151.7662329674
-0.7,2.044,-0.6,151.8675348759
-1.316,0.404,2.044,151.968832016
-0.648,0.236,2.044,152.0701289177
-0.468,0.656,2,152.1717438698
0.868,1.372,1.736,152.2729890347
-0.364,0.676,2.044,152.3741538525
-1.18,0.552,1.112,152.4752969742
-0.512,-0.492,2.044,152.5764439106
-0.404,0.124,2.044,152.6775920391
-1.216,2.044,0.508,152.7787389755
-0.684,0.36,2.044,152.8799190521
-0.192,-0.276,2.044,152.9810760021
-0.128,1.352,1.268,153.0824170113
-0.48,1.572,2.044,153.1837339401
-0.316,1.412,1.648,153.2849318981
-0.332,0.628,2.044,153.3861060143
-0.32,-0.276,2.044,153.4873280525
-0.664,0.176,2.044,153.5887379646
-0.82,1.444,1.736,153.690007925
0.188,0.524,2.044,153.7912209034
-0.008,-0.528,2.044,153.8923950195
-0.664,1.56,1.448,153.9935479164
-0.46,1.4,2.044,154.094689846
-0.78,2.04,0.692,154.1958239079
-0.732,-0.224,2.044,154.296957016
-0.252,-0.352,2.044,154.3980929852
-0.192,1.508,1.284,154.4992249012
-0.708,0.964,2.044,154.6003620625
-0.404,1.072,1.756,154.7014968395
-0.392,-0.392,2.044,154.8026330471
-0.568,1.544,1.592,154.9039039612
-0.784,0.524,2.044,155.0052628517
-0.764,1.82,0.308,155.1068470478
-0.408,-0.316,2.044,155.2082149982
-0.316,-0.412,2.044,155.3095140457
-0.088,2.044,0.404,155.4108028412
-1.18,0.668,2.044,155.5121018887
-0.352,0.272,2.044,155.6133918762
-0.34,0.752,1.888,155.7147099972
1.144,1.928,1.196,155.815997839
-0.176,0.736,2.044,155.9172899723
-0.5,0.768,1.348,156.0185930729
-0.456,-0.504,2.044,156.1200709343
-0.176,0.056,2.044,156.2214119434
-0.908,2.044,0.52,156.3227238655
-0.304,0.364,2.044,156.4240159988
-0.124,0.004,2.044,156.5253100395
-0.32,1.128,1.568,156.6268908978
-0.632,1.624,1.968,156.7282509804
-0.776,1.5,1.62,156.8295588493
-1.772,-0.996,1.472,156.930877924
-0.352,-0.264,2.044,157.0321719646
-0.524,0.636,2.044,157.1334660053
0.148,-0.176,2.044,157.2347738743
-0.06,0.648,2.044,157.3360660076
-0.272,-0.376,2.044,157.4373538494
-0.544,1.82,0.888,157.5387370586
-0.924,0.856,2.044,157.6400299072
-0.636,1.636,0.596,157.7413208485
-0.508,0.28,1.292,157.842651844
-0.092,-0.588,2.044,157.9439589977
0.064,2.044,-1.02,158.0452539921
-1.376,0.912,2.044,158.1467950344
-0.48,0.784,1.516,158.24822402
-0.396,0.092,2.044,158.349547863
0.808,1.976,1.348,158.4508578777
-0.964,1.96,1.008,158.5720660687
-0.188,0.648,1.448,158.6734149456
-0.196,-1,2.044,158.7747168541
-0.556,0.556,1.464,158.8760168552
-2.048,1.48,2.044,158.9773108959
-0.244,0.428,2.044,159.0786459446
-0.232,-0.46,2.044,159.1799390316
-0.624,1.408,1.104,159.2812309265
-0.832,0.964,2.044,159.3825218678
-0.528,1.62,0.812,159.4838168621
-0.572,0.136,2.044,159.5853638649
-0.44,-0.036,2.044,159.6867470741
-0.164,1.812,1.12,159.78805089
-1.012,0.456,2.044,159.8893518448
-0.248,0.392,2.044,159.9906549454
-0.32,0.028,2.044,160.0919480324
-0.76,2.016,1.136,160.1932449341
-0.572,0.676,2.044,160.2945358753
-0.488,0.928,1.404,160.3958289623
-0.512,-0.192,2.044,160.4971199036
-0.492,-0.544,2.044,160.5984618664
-2.048,0.828,2.044,160.6997539997
-0.596,-0.308,2.044,160.8010978699
-0.584,1.248,1.276,160.9024019241
-0.148,0.296,2.044,161.0036928654
-1.108,1.828,2.044,161.1052238941
-0.608,0.964,2.044,161.2065870762
-0.416,0.74,1.756,161.3078839779
-0.56,-0.436,2.044,161.4091799259
-0.356,-0.068,2.044,161.5104780197
-0.88,2.044,0.104,161.6117699146
-0.384,0,2.044,161.7130548954
-0.072,0.388,2.044,161.8143398762
-0.272,1.136,1.62,161.9156470299
-2.048,1.804,2.044,162.0169360638
-0.632,1.328,2.044,162.1182279587
-0.248,0.524,1.82,162.2195439339
-0.432,-0.476,2.044,162.3208360672
-0.448,-0.004,2.044,162.4221248627
-2.048,-0.928,2.044,162.5234229565
0.08,0.404,2.044,162.6249549389
0.06,-0.176,2.044,162.7263140678
-0.26,1.448,1.352,162.827641964
-0.956,1.728,1.968,162.928935051
-0.748,1.324,1.776,163.0302288532
-0.348,0.368,2.04,163.1315188408
-0.34,-0.256,2.044,163.2329158783
-0.7,0.172,2.044,163.3342449665
-2.048,1.228,2.044,163.435544014
-0.252,0.66,2.044,163.5368440151
-0.492,-0.264,2.044,163.6585888863
-0.492,1.536,1.504,163.7599589825
-0.776,0.852,2.044,163.8612790108
-0.768,1.788,0.664,163.9625780582
-0.428,0.048,2.044,164.0638759136
-0.232,-0.424,2.044,164.1654179096
0.124,2.044,0.1,164.2666678429
-1.084,1.28,2.044,164.3678159714
-0.184,0.452,1.824,164.4689528942
-0.22,0.368,2.044,164.5701019764
-2.048,2.044,1.316,164.6712429523
-0.22,0.492,2.044,164.772382021
0.308,0.792,1.844,164.8735349178
-0.488,0.096,2.044,164.9748129845
-0.088,-0.592,2.044,165.0759940147
-1.296,2.044,-1.356,165.1771359444
-1.024,0.388,2.044,165.2782759666
-0.136,0.432,2.044,165.3794128895
-0.128,0.516,2.044,165.4805510044
-0.796,1.484,1.908,165.5816960335
-0.964,2.044,0.736,165.683054924
-2.04,-1.556,1.208,165.7842588425
-0.328,-0.444,2.044,165.8854169846
-0.12,1.648,0.992,165.9865748882
0.584,1.152,2.044,166.0877180099
-0.228,0.848,2.044,166.1888558865
-0.144,-0.584,2.044,166.2899899483
-0.752,1.28,1.816,166.3911259174
-0.532,1.332,2.044,166.4922590256
-0.8,1.464,1.06,166.5934000015
-0.364,0.252,2.044,166.6945359707
-0.26,-0.272,2.044,166.7956769466
-0.348,1.896,1.404,166.8968179226
-1.232,0.18,2.044,166.9979579449
-0.564,0.568,2.044,167.0993199348
-0.54,0.244,2.044,167.2005259991
-0.308,1.336,1.712,167.3016638756
-0.652,0.796,2.044,167.4027998447
-0.52,1.272,1.232,167.5039329529
-0.768,0.3,1.752,167.6050710678
-0.228,-0.328,2.044,167.706207037
0.216,2.044,0.308,167.8073379993
-0.972,1.384,2.044,167.9085450172
-0.028,0.64,1.524,168.0096828938
-0.2,-0.296,2.044,168.110820055
-2.048,2.044,2.044,168.2119669914
-0.692,1.68,1.988,168.31310606
-0.8,0.912,2.044,168.4142398834
-1.04,0.7,2.044,168.5153779984
-0.536,0.716,1.992,168.6167449951
-2.048,0.576,2.044,168.7405879498
-0.2,0.524,2.044,168.8417899609
-0.364,0.44,2.044,168.9429409504
-0.82,1.516,2.028,169.0440819263
-1.108,0.636,2.044,169.1452169418
-0.376,1.276,0.988,169.2463519573
-0.484,0.176,2.044,169.3474879265
-0.408,-0.044,2.044,169.4486348629
-0.352,1.184,1.528,169.5497729778
-0.756,0.672,2.044,169.6509108543
-0.72,0.872,2.04,169.7520458698
-0.196,-0.14,2.044,169.8533170223
-0.74,1.704,1.324,169.954611063
-0.952,0.192,2.044,170.0559010506
-1.08,0.54,2.044,170.1574969292
-0.68,0.352,2.044,170.2588589191
-0.356,0.12,2.044,170.3601570129
-0.62,1.688,0.86,170.4614489079
-0.892,0.896,2.044,170.562746048
-0.22,0.412,2.044,170.6640379429
-0.284,0.5,2.044,170.7653269768
0.292,1.58,1.728,170.8666288853
-0.284,0.34,2.044,170.9679250717
-0.852,-0.468,1.784,171.0692219734
-0.512,-0.132,2.044,171.1705138683
-0.464,-0.012,2.044,171.2718069553
-1.052,2.044,-0.492,171.3730988503
-0.368,0.184,2.044,171.4743919373
-0.116,-0.188,2.044,171.5756900311
-0.22,1.136,1.508,171.6772799492
-1.204,1.656,2.008,171.7786989212
-0.164,1.616,1.576,171.8800039291
-0.8,0.216,1.664,171.9812960625
-0.428,-0.384,2.044,172.0825910568
-0.208,0.356,2.044,172.1838829517
-2.048,1.26,2.044,172.285173893
-0.08,0.588,2.044,172.3864629269
-0.212,-0.46,2.044,172.4877569675
-0.54,1.624,0.988,172.5890660286
-1.36,1.796,2.044,172.6903600693
1.66,-2.048,-0.704,172.7916500568
-0.496,0.9,2.044,172.8929760456
-0.388,0.188,2.044,172.9942719936
-0.388,-0.188,2.044,173.095582962
-0.712,2.044,1.64,173.1971490383
-0.44,1.176,2.044,173.2985320091
-0.436,-0.364,2.044,173.3998289108
-0.528,1.128,1.82,173.5011429787
-0.588,1.472,2.044,173.6024429798
-1.02,1.988,1.044,173.7037339211
-0.764,0.476,2.044,173.8247139454
-0.712,0.416,2.044,173.9260730743
-0.552,1.388,1.088,174.0274338722
-2.048,-2.048,0.464,174.1287300587
-0.488,0.244,2.044,174.2300238609
-0.432,2.028,0.924,174.3313188553
-1.128,1.512,2.044,174.4326069355
-0.792,0.284,2.044,174.5339000225
-0.512,1.34,1.424,174.6354808807
-0.304,0.448,1.8,174.7368440628
-0.332,-0.032,2.044,174.8381528854
-1.2,2.044,0.172,174.9394478798
-0.82,1.012,2.044,175.0407440662
-0.104,0.372,2.044,175.1420359612
-0.264,0.476,2.024,175.2436640263
-1.332,2.044,1.896,175.3450698853
-0.452,0.772,2.044,175.4463679791
-0.376,0.472,1.992,175.5476660728
-0.42,-0.004,2.044,175.648966074
-0.16,-0.18,2.044,175.7502570152
-1.868,2.044,0.56,175.8515589237
-0.12,0.252,2.044,175.952865839
0.176,0.268,2.044,176.0541639328
-0.02,0.852,1.724,176.1555879116
-1.612,1.72,2.044,176.2567920685
-0.524,0.996,2.044,176.3579380512
-0.292,0.42,2.044,176.4590780735
-0.38,-0.2,2.044,176.5602209568
-0.54,0.228,2.044,176.6613609791
0.84,1.488,1.34,176.7624959946
-0.464,1.272,2.044,176.8636519909
-0.168,-0.416,2.044,176.9647939205
-0.692,1.132,1.508,177.0659308434
-1.368,1.332,2.044,177.1670658588
-1,1.724,1.12,177.268198967
-0.392,0.716,2.044,177.3693408966
-0.456,0.02,2.044,177.4704759121
-0.272,0.372,1.972,177.5716199875
0.968,0.836,2.044,177.6730029583
-0.256,0.704,2.044,177.7742130756
-0.38,-0.248,2.044,177.8753700256
-0.396,1.444,1.536,177.9765129089
-1.372,-0.496,2.044,178.0776500702
1.336,-0.204,1.768,178.1787860394
-1.056,0.452,2.044,178.2799248695
-0.564,0.052,2.044,178.3810579777
0.412,1.048,1.58,178.4821920395
-0.756,0.708,2.044,178.583327055
0,0.088,2.044,178.6844570637
-0.088,0.864,1.808,178.7855870724
0.844,2.044,1.048,178.8867950439
-0.5,0.552,2.044,178.9879620075
-0.44,0.54,1.752,179.0891029835
-0.5,-0.136,2.044,179.1904900074
-0.228,0.052,2.044,179.291697979
-1.444,2.044,0.692,179.3928358555
-0.56,0.692,2.044,179.493970871
-0.036,-0.38,2.044,179.5951089859
-0.5,1.636,1.004,179.6962409019
-2.048,2.044,2.044,179.7974100113
-0.768,1.268,1.588,179.8986949921
-0.32,0.184,2.044,180.0000009537
-0.512,-0.376,2.044,180.1012978554
-0.512,1.756,0.652,180.2025978565
-0.848,0.172,2.044,180.3038909435
-0.092,0.664,1.924,180.4051890373
-0.24,-0.464,2.044,180.506485939
-0.504,1.26,1.904,180.6080579758
-0.764,1.488,2.044,180.7094519138
-0.816,0.988,1.724,180.8107540607
-0.484,0.472,2.044,180.9120550156
-0.2,-0.3,2.044,181.0133559704
0.452,1.716,0.372,181.1146469116
-0.724,0.756,2.044,181.2159409523
-0.34,0.604,2.044,181.317234993
-0.012,-0.068,2.044,181.4185259342
-2.048,2.044,0.924,181.5198259354
-0.388,1.592,2.044,181.6211218834
-0.26,0.664,2.044,181.7224199772
-0.496,0.256,2.044,181.8237190247
-0.496,0.208,2.044,181.92501688
-2.048,2.044,1.24,182.0263090134
-0.28,0.54,2.044,182.1278698444
-0.044,-0.2,2.044,182.2293498516
-0.636,1.704,1.228,182.3306529522
-0.744,1.608,1.988,182.4319429398
-0.688,1.844,0.608,182.533290863
-0.864,-1.236,2.044,182.6345880032
-0.404,-0.104,2.044,182.7358798981
0.244,1.628,1.028,182.8371789455
-1.288,1.276,2.044,182.9385499954
-0.036,0.692,1.808,183.0398478508
-0.14,-0.576,2.044,183.1411418915
-0.84,2.044,0.824,183.2424888611
-0.728,0.444,2.044,183.3438220024
-0.552,1.036,1.068,183.4451189041
-0.628,-0.14,2.044,183.5464220047
-0.14,-0.352,2.044,183.6479928494
-1.168,2.044,-0.668,183.749366045
-0.768,0.364,2.044,183.8506848812
-0.08,0.236,1.916,183.952008009
-0.26,0.88,1.616,184.0533750057
-2.048,2.044,2.044,184.1546928883
-0.648,1.612,1.212,184.2559919357
-0.32,0.376,1.964,184.3572859764
-0.42,-0.544,2.044,184.4585800171
-0.66,0.756,1.496,184.5598778725
-1.2,1.396,2.044,184.6611669064
-0.556,0.836,2.044,184.7624568939
-0.42,-0.48,2.044,184.8637619019
-0.26,0.936,1.736,184.9650549889
-1,1.356,2.044,185.0664079189
-1.256,1.86,0.676,185.1679909229
-0.516,0.692,2.044,185.2693669796
-0.28,0.116,2.044,185.3706688881
-0.088,1.052,1.46,185.4719600677
-0.884,0.896,2.044,185.5732629299
-0.488,0.696,1.972,185.6745560169
-0.22,0.056,2.044,185.7758450508
-0.996,2.036,0.92,185.8773398399
-0.68,0.808,2.044,185.9787828922
-0.388,0.5,1.764,186.0800769329
-0.3,-0.38,2.044,186.1815378666
0.056,0.096,2.044,186.2828879356
-2.048,2.044,1.504,186.3841860294
-0.412,-0.236,2.044,186.4854779243
-0.288,0.256,2.044,186.5867819786
-0.4,1.128,1.42,186.6883728504
-0.932,1.372,2.044,186.7897548676
-0.572,1.74,1.076,186.8910729885
-2.048,-2.048,1.392,186.9923739433
-0.364,-0.448,2.044,187.0936758518
-0.664,0.904,1.72,187.1950478554
-0.628,0.992,2.044,187.2964808941
-0.724,0.268,2.044,187.3978259563
-0.376,-0.34,2.044,187.4991278648
-0.74,1.496,1.352,187.600427866
-0.436,0.988,2.044,187.7017240524
-0.66,1.608,0.676,187.8033139706
-0.436,-0.02,2.044,187.9047288895
-0.232,-0.144,2.044,188.0060539246
-0.308,1.816,1.148,188.1073608398
-0.86,0.492,2.044,188.2089140415
0.096,0.796,1.78,188.3101289272
-0.16,0.004,2.044,188.4112699032
-2.048,2.044,2.044,188.5124120712
-0.508,0.984,2.044,188.6135518551
-0.44,0.256,2.02,188.7146930695
-0.456,0.04,2.044,188.8158340454
-0.144,0.124,2.044,188.916975975
-2.048,2.044,1.468,189.0181150436
-0.564,0.16,2.044,189.1193199158
-0.384,-0.428,2.044,189.2205410004
-0.452,1.828,0.704,189.3217060566
-1.032,1.868,1.944,189.4228439331
-0.4,0.388,2.044,189.5240130425
-0.588,0.692,2.044,189.6254060268
-0.436,0.092,2.044,189.7267029285
-0.344,-0.004,2.044,189.8280050755
-1.528,1.12,2.044,189.9293119907
-0.304,0.14,2.044,190.0306060314
-0.012,0.616,2.044,190.131911993
-0.46,0.94,1.772,190.2332079411
-1.624,1.1,2.044,190.3345048428
-0.172,0.44,2.044,190.435792923
-0.428,0.18,2.044,190.5370929241
-0.52,-0.064,2.044,190.6384449005
-0.196,0.584,2.044,190.7397370338
-2.048,2.044,1.928,190.841037035
-0.236,0.124,2.044,190.9423310757
