0	0	0	0.0067129135
-1.976	2.044	1.324	0.1189789772
-0.372	0.804	1.112	0.2206039429
-0.38	0.812	2.044	0.322191
0.388	-0.252	2.044	0.4237670898
-2.048	-2.048	-1.532	0.525386095
0.176	1.532	1.756	0.6268119812
-0.236	0.048	2.044	0.7282719612
-0.552	0.836	1.584	0.8297431469
-0.892	1.008	2.044	0.9312050343
-1.16	1.388	2.044	1.0326530933
-1.692	-1.072	0.5	1.1341021061
-0.392	0.308	2.044	1.2355151176
0.072	0.54	1.736	1.3369240761
-2.048	-2.048	-0.316	1.4383060932
-1.26	0.852	2.044	1.5397269726
-0.168	-0.216	2.044	1.6411221027
-0.364	1.008	1.324	1.7425019741
-0.768	1.024	2.044	1.8439531326
-0.516	1.676	0.24	1.9453310966
-0.268	0.668	2.044	2.0467600822
-0.06	0.048	2.044	2.1481800079
-0.6	1.036	1.736	2.2496271133
-0.9	0.704	2.044	2.3510069847
0.764	0.816	1.64	2.4523761272
-0.228	0.056	2.044	2.5537729263
1.14	1.964	0.844	2.6552290916
-0.908	2.044	-0.308	2.7567050457
-0.016	0.608	2.044	2.8581180573
-0.196	0.144	2.044	2.9595069885
-0.012	-0.116	2.044	3.0609459877
-1.036	1.836	1.48	3.1623511314
0.38	0.552	1.332	3.2637429237
-0.284	-0.488	2.044	3.3653609753
-1.132	1.7	1.54	3.4668610096
-1.552	0.04	2.044	3.5683150291
2.044	-2.048	0	3.6696929932
-0.16	0.016	2.044	3.7710700035
-0.348	-0.316	2.044	3.8725719452
-1.248	0.392	2.044	3.973981142
-0.372	0.436	2.044	4.0753691196
0.212	0.132	2.044	4.1768500805
-0.564	1.088	1.808	4.278263092
-0.384	1.692	1.844	4.3796839714
-0.972	2.044	-0.296	4.4812760353
-0.204	0.136	1.86	4.5827629566
-0.296	-0.076	2.044	4.6842069626
-0.364	1.348	1.316	4.7859251499
-0.44	1.32	2.044	4.8876490593
-0.14	0.928	1.704	4.9893109798
-0.08	-0.524	2.044	5.0908119678
-0.936	2.044	0.1	5.1924209595
-0.976	0.76	2.044	5.2939651012
1.876	-1.204	-0.644	5.395471096
-0.256	0.468	2.044	5.4970190525
0.544	-0.044	2.044	5.5985491276
-1.828	1.4	2.044	5.7000479698
-0.288	0.68	1.768	5.8014409542
0.032	-1.58	2.044	5.9028310776
-0.428	2.044	-0.22	6.0042910576
-1.312	1.192	2.044	6.1057269573
-1.192	2.044	-1.068	6.2072310448
-1.016	1.136	2.044	6.3086850643
-0.648	0.376	2.044	6.4101340771
-1.232	0.736	1.572	6.5115959644
-0.728	0.232	2.044	6.6130599976
0.152	0.396	2.044	6.7145769596
-0.552	0.752	2.044	6.8160259724
-1.692	1.98	2.044	6.917361021
-0.872	1.976	0.96	7.0185410976
-0.1	0.16	2.044	7.1199331284
-0.552	0.148	2.044	7.2211420536
-0.556	0.448	1.792	7.3222799301
-0.16	1.092	2.044	7.4234111309
-0.472	0.988	1.872	7.5245780945
-0.312	-0.692	2.044	7.6257209778
-0.404	1.776	0.88	7.7268559933
-0.348	0.944	2.044	7.8279941082
-0.752	1.852	-0.14	7.9291229248
-0.26	0.452	2.044	8.0303621292
0.024	-0.08	2.044	8.1317849159
-1.352	2.044	-1.316	8.2330060005
-0.668	0.492	2.044	8.3341400623
-0.12	0.352	2.016	8.4352679253
-0.444	1.112	1.28	8.5364029408
-1.26	1.868	1.768	8.6375589371
-1.04	2.044	-0.324	8.7386889458
-1.92	-2.048	1.044	8.8398201466
-0.392	-0.148	2.044	8.9409589767
-0.392	1.504	1.056	9.0422461033
-0.964	1.22	2.044	9.1435070038
-0.252	0.968	1.424	9.2446789742
-0.108	-0.72	2.044	9.3458271027
-0.36	2.044	-0.216	9.4469671249
-1.072	0.624	2.044	9.5481340885
0.268	1.304	-0.932	9.649559021
-0.62	0.68	2.044	9.7507741451
-0.48	0.14	2.044	9.8520469666
-1.396	1.872	0.072	9.9532220364
-0.832	0.888	2.044	10.0544791222
-0.068	-0.772	2.044	10.1556830406
-0.204	1.196	1.488	10.2568249702
-1.424	1.256	2.044	10.3579571247
0.256	1.092	-0.176	10.4590880871
0.684	0.708	2.044	10.5604231358
-0.372	0.244	2.044	10.6616539955
0.396	0.868	1.94	10.7627959251
-0.072	2.044	2.044	10.8639380932
0.532	1.116	1.096	10.9651551247
-0.008	-0.668	2.044	11.0665299892
-1.18	2.044	-0.32	11.1679720879
-0.388	0.26	2.044	11.2692041397
-0.284	0.656	1.292	11.3703420162
-0.468	0.076	2.044	11.4714689255
-0.184	0.16	2.044	11.5726029873
-2.048	1.308	0.664	11.6737310886
-1.228	0.516	2.044	11.7748601437
-0.092	-1.124	2.044	11.8759899139
-0.272	1.732	0.464	11.9771161079
-1.268	0.496	2.044	12.0785300732
-0.868	1.972	-0.1	12.1797749996
0.5	0.732	2.044	12.2809100151
0.02	-0.108	2.044	12.3820390701
0.128	1.24	1.98	12.483191967
-1.032	0.628	2.044	12.584332943
-0.092	1.02	1.536	12.68572402
-0.06	-0.608	2.044	12.7869529724
-2.048	2.044	1.196	12.8880929947
-1.188	0.496	2.044	12.9892230034
-0.78	-2.048	-1.728	13.0903520584
-0.412	0.376	2.044	13.1914849281
-0.444	0.988	1.372	13.2926249504
-0.776	0.216	0.632	13.3937871456
-0.7	0.512	2.044	13.494920969
-0.272	-0.528	2.044	13.5960509777
-0.356	1.044	1.808	13.6971790791
-1.172	0.676	2.044	13.7983119488
-0.988	1.952	-0.164	13.8994410038
-0.408	0.32	2.044	14.0005700588
-0.112	-0.104	2.044	14.1019599438
0.092	0.292	2.044	14.2031800747
-0.5	0.796	2.044	14.3043141365
-0.168	0.432	1.98	14.4054460526
-0.216	-0.108	2.044	14.5065760612
-1.268	2.044	0.692	14.6077060699
-1.992	0.084	2.044	14.7127780914
1.108	0.492	2.044	14.8140809536
-0.704	-0.236	2.044	14.9153780937
-0.824	1.256	1.376	15.0166649818
-1.012	0.98	0.5	15.1179499626
-0.588	0.648	2.044	15.2192420959
-0.128	-0.496	2.044	15.3205339909
-0.488	1.7	1.12	15.4218139648
-0.748	0.836	2.044	15.5231029987
-0.572	1.428	0.308	15.6246819496
-0.516	0.24	2.044	15.7261209488
-0.248	0.076	2.044	15.8275020123
-0.192	1.108	2.044	15.9287950993
-0.248	0.468	2.044	16.0300810337
0.284	0.568	1.668	16.1313669682
-0.368	0.392	1.852	16.232656002
-1.628	1.716	1.876	16.3341419697
-1.24	1.348	2.044	16.4355270863
-0.24	0.484	1.252	16.5368421078
-0.356	-0.176	2.044	16.6381409168
-0.28	1.032	1.344	16.739426136
-1.004	0.568	0.864	16.8407149315
-1.224	0.436	2.044	16.9419989586
-0.328	-0.868	2.044	17.0432860851
-0.404	1.436	1.256	17.1448509693
-1.064	1.192	2.044	17.2462160587
-1.28	2.044	-0.98	17.3475489616
-0.156	0.688	2.044	17.4488360882
-0.484	0.14	2.044	17.55012393
-0.436	0.964	2.044	17.6514139175
-0.764	0.12	2.044	17.7527010441
-0.46	0.744	1.672	17.8539850712
-0.036	0.32	2.044	17.9552669525
-0.788	1.868	1.192	18.0565941334
-0.032	1.184	2.044	18.1578850746
-0.364	-0.496	1.824	18.2591700554
-1.012	-0.46	2.044	18.360450983
0.212	0.212	2.044	18.4617290497
-2.048	2.044	-1.104	18.5630180836
-0.672	-0.484	2.044	18.6645860672
-0.388	-0.108	2.044	18.7659621239
-0.652	0.884	1.744	18.8672509193
-0.796	1.488	2.044	18.968542099
-0.916	2.044	0.192	19.0698270798
-1.164	-1.416	1.788	19.1711230278
-0.108	-0.404	2.044	19.2724189758
-0.14	1.016	1.924	19.3737139702
-0.924	0.596	2.044	19.474998951
0.264	1.444	-1.88	19.5762870312
-0.052	-0.048	2.044	19.677601099
-0.696	2.044	0.688	19.7789580822
-1.832	1.58	2.044	19.8802700043
2.044	-1.556	-2.048	19.9815731049
-0.788	0.7	2.044	20.082857132
0.788	0.944	-1.868	20.1844189167
-0.276	0.224	2.044	20.2858450413
-0.72	0.748	2.024	20.3871560097
-0.428	-0.764	2.044	20.4884560108
-0.468	2.036	0.616	20.5897710323
-0.088	0.924	2.044	20.6910600662
-0.864	1.76	-0.368	20.7923500538
-0.048	0.008	2.044	20.8937649727
0.996	0.404	2.044	20.9951560497
-1.752	2.044	0.024	21.0964519978
-0.976	-0.2	2.044	21.1977360249
-0.412	0.056	2.044	21.2989070415
-0.388	0.34	1.984	21.4000411034
-1.248	1.264	2.044	21.5011861324
-0.6	1.924	0.784	21.6023490429
-2.048	-2.048	0.144	21.703742981
-0.216	-0.064	2.044	21.8050289154
-0.22	0.844	2.044	21.9061980247
-0.776	0.376	2.044	22.0073609352
-0.252	1.14	1.272	22.1085240841
-0.148	-0.712	2.044	22.2096669674
-0.692	2.044	1.104	22.3108179569
-1.188	0.988	2.044	22.4123370647
-0.328	0.86	0.952	22.5134749413
-0.304	0.336	2.044	22.6146380901
-0.236	0.3	2.044	22.7157740593
-2.048	-0.428	-1.12	22.816920042
-0.316	0.612	2.044	22.9180569649
-0.148	-0.28	2.044	23.0191879272
-0.5	1.28	1.492	23.1205699444
-1.592	1.636	1.896	23.2218000889
-1.64	1.696	0.928	23.3229389191
-0.904	0.064	2.044	23.4240689278
-0.708	0.216	2.044	23.5252020359
-0.624	1.256	1.168	23.6263320446
0.104	0.672	2.044	23.7274610996
-0.208	0.796	1.464	23.8285911083
0.2	-0.552	2.044	23.9297230244
0.608	1.316	1.688	24.0308499336
-0.552	0.364	2.044	24.1320090294
-0.5	0.3	2.044	24.2331440449
-0.624	0.172	2.044	24.3342730999
-0.14	0.156	2.044	24.4353981018
-0.608	1.312	1.048	24.5365269184
-0.456	-0.7	2.044	24.6379151344
-0.172	-0.5	2.044	24.7391149998
-0.84	1.336	1.524	24.8453071117
-0.42	0.588	2.044	24.9466581345
-0.464	1.128	0.848	25.0479631424
-0.384	0.524	2.044	25.1492760181
-0.284	-0.58	2.044	25.2505691051
-1.104	1.956	1.208	25.3518540859
0.052	0.38	2.044	25.4531369209
-0.26	1.096	0.94	25.5544240475
-0.252	1.2	1.504	25.6557090282
-1.708	1.664	2.044	25.756994009
-0.432	1.712	1.348	25.8582811356
-0.704	-0.668	2.044	25.9595680237
-0.52	-0.048	2.044	26.0608551502
-0.176	-0.348	2.044	26.1624209881
-2.048	-0.488	2.044	26.2637910843
-0.92	-0.488	2.044	26.3650779724
-0.636	-0.096	2.044	26.4663641453
-0.232	1.44	1.14	26.5677480698
-1.216	1.548	2.044	26.6690330505
-1.004	1.992	-0.236	26.7703199387
-0.824	-1.128	1.98	26.8716039658
-0.332	-0.308	2.044	26.972892046
-0.412	1.596	1.264	27.0741739273
-1.056	0.556	2.044	27.1754601002
-0.148	0.796	1.496	27.2767450809
-0.032	-0.116	2.044	27.3780319691
-2.048	2.044	0.488	27.4793181419
-1.5	1.28	2.044	27.5805969238
-0.712	0.144	1.764	27.6821630001
-0.152	0.152	2.044	27.7835419178
-0.908	0.96	1.592	27.8848350048
-1.42	-0.14	1.836	27.9861171246
-1.212	0.356	2.044	28.0875000954
-0.416	-0.384	2.044	28.188794136
-0.252	1.568	1.164	28.290086031
-1.156	0.904	2.044	28.3913691044
-0.752	2.044	-0.948	28.4926569462
-0.608	0.648	2.044	28.5939409733
-0.348	0.184	2.044	28.6952259541
0.7	0.164	2.044	28.7965531349
-0.376	0.656	2.044	28.8978359699
0.632	0.532	2.032	28.9991250038
-0.292	0.336	2.044	29.1004121304
-0.592	1.452	1.336	29.2019879818
-1.408	1.404	1.944	29.3033730984
-1.024	-0.044	2.044	29.404665947
-0.764	-0.072	2.044	29.5059580803
0.376	1.172	1.228	29.6072471142
-0.66	1.168	2.044	29.7085371017
-0.596	0.216	2.044	29.8098261356
-0.304	-0.872	2.044	29.9147620201
-0.544	1.88	0.76	30.0160880089
-0.456	1.116	2.044	30.117385149
-0.472	1.284	0.544	30.2186779976
-1.772	0.276	2.044	30.319963932
-0.696	0.036	2.044	30.4212560654
2.044	-0.936	-2.036	30.5225470066
-1.036	0.592	2.044	30.6241109371
-0.676	0.308	1.876	30.7254941463
-0.292	-0.14	2.028	30.8267910481
-0.588	1.28	2.044	30.9280800819
-0.284	2.044	-0.552	31.0295860767
-0.196	0.888	2.044	31.1309609413
-0.368	-0.056	2.044	31.2322630882
-0.444	1.012	1.636	31.3335559368
-0.84	0.776	2.044	31.4348471165
-0.34	0.636	1.56	31.5361430645
-0.264	0.348	2.044	31.6375010014
-1.488	2.044	0.688	31.7387959957
-0.956	0.984	2.044	31.8400900364
-0.564	0.32	1.876	31.9413990974
-0.584	0.084	2.044	32.0426909924
0.136	0.328	2.044	32.1442489624
-2.048	2.044	-1.268	32.2456250191
-0.284	0.308	2.044	32.3469231129
-0.172	-0.676	2.044	32.4482200146
-0.808	1.28	1.136	32.5495150089
-1.068	1.928	1.768	32.6508059502
-1.428	2.044	1.016	32.7521030903
-0.912	0.684	2.044	32.853454113
-0.36	0.424	2.044	32.9546470642
-0.152	1.28	1.18	33.0557920933
0	0.532	2.044	33.156938076
-0.38	0.94	1.752	33.2580771446
-0.148	-0.136	2.044	33.3592870235
-0.836	1.844	0.788	33.4604990482
0.104	0.692	2.044	33.5616531372
-0.512	1.184	0.44	33.6631169319
-0.304	0.496	2.044	33.7643399239
0.3	-0.04	2.044	33.8654820919
-2.048	2.044	-0.192	33.9669649601
-0.428	0.192	2.044	34.0684139729
-0.148	-0.04	2.044	34.1697731018
-0.508	1.292	0.992	34.2710030079
-1.292	1.624	2.044	34.3721439838
-1.176	2.044	0.928	34.4732849598
-1.072	0.632	2.044	34.5744290352
-0.504	-0.068	2.044	34.675565958
-0.168	1.072	1.472	34.7768340111
-0.536	-0.056	2.044	34.8781239986
-0.728	1.072	1.788	34.9794340134
0.5	0.188	2.044	36.4686090946
-2.048	-2.048	0.224	36.5700669289
-0.776	0.28	2.044	36.6716620922
-0.352	-0.572	2.044	36.7730429173
-0.208	1.324	1.188	36.8743331432
-0.968	0.952	2.044	36.9756159782
-0.936	2.044	-0.472	37.0769040585
-0.112	0.608	2.044	37.1781930923
-0.192	0.136	2.044	37.2794790268
-0.144	0.932	1.94	37.3807659149
-0.736	0.096	2.044	37.4820511341
-0.14	0.776	1.44	37.5833370686
-0.076	0.284	2.044	37.6846210957
-0.992	2.044	0.94	37.7859089375
-1.32	0.548	2.044	37.8872001171
-0.084	0.34	1.272	37.9885070324
-0.224	0.344	2.044	38.0898151398
0.464	0.196	2.044	38.1913950443
-2.048	-0.936	-0.568	38.292757988
-0.696	0.276	2.044	38.3940451145
-0.144	-0.932	2.044	38.4953341484
-0.16	1.096	1.364	38.5966200829
-0.956	1.064	2.044	38.6979110241
-0.252	2.044	-0.24	38.7992200851
-0.832	0.704	2.044	38.9005100727
-0.336	-0.412	2.044	39.0018010139
-0.648	1.54	1.632	39.1030910015
-0.636	0.528	2.044	39.2043840885
-0.108	1.136	0.956	39.3056709766
0.008	0.112	2.044	39.4069521427
-2.048	2.044	1.428	39.5082471371
-1.06	1.012	2.044	39.6095280647
0.564	-2.048	0.572	39.7111001015
-0.88	0.128	2.044	39.8124830723
0.344	-0.14	2.044	39.9137721062
-2.048	2.044	-0.448	40.0150671005
-0.844	0.944	2.044	40.1402311325
-0.396	-0.348	2.044	40.2415671349
-0.612	1.448	1.264	40.3428709507
-1.084	0.664	2.044	40.4441549778
-0.508	2.044	-1.016	40.5454480648
-0.568	0.324	2.044	40.6467339993
-0.276	-0.128	2.044	40.7480211258
0.068	1.824	0.9	40.8493049145
-1.064	0.9	2.044	40.9505870342
0.068	1.012	1.024	41.0518760681
-0.248	-0.064	2.044	41.1534359455
1.324	1.876	0.912	41.2548120022
-1.316	1.192	2.044	41.3560991287
-2.048	-2.048	-2.048	41.4573850632
-0.416	0.164	2.044	41.5586810112
0.612	0.02	2.04	41.6599700451
-2.048	-2.048	0.76	41.7612550259
-0.648	0.568	2.044	41.862541914
-0.284	-0.644	2.044	41.9638259411
-0.424	1.368	1.052	42.0651171207
-1	1.328	2.044	42.1663970947
-0.644	2.044	-0.748	42.2677681446
-0.504	0.42	2.044	42.3690519333
-0.2	0.08	2.044	42.4703330994
-0.196	0.648	2.044	42.5716171265
-1.964	0.98	2.044	42.6731851101
0.228	1.06	1.208	42.7745649815
-0.072	-0.532	2.044	42.8758580685
-2.048	2.044	1.856	42.9771430492
-0.268	0.868	2.044	43.0784389973
0.676	-2.048	-1.448	43.1797299385
-0.684	0.348	2.044	43.2810149193
1.46	-0.108	2.044	43.3823039532
-1.38	1.752	0.436	43.4835910797
-1.448	0.588	2.044	43.5848889351
-0.296	-0.648	2.044	43.6861710548
-0.52	1.472	0.868	43.7874951363
-1.256	1.004	2.044	43.8887910843
-1.432	2.044	0.34	43.9900810719
-0.392	1.144	2.044	44.091365099
-0.464	0.392	2.044	44.1929650307
-0.348	1.712	0.668	44.2943389416
0.228	-0.004	2.044	44.3956260681
-0.284	1.072	1.468	44.4969410896
-0.06	0.112	2.044	44.5982339382
-1.008	2.044	0.544	44.6995239258
0.048	0.3	2.044	44.8007750511
-0.416	0.788	1.168	44.9023449421
-0.488	0.376	2.044	45.003485918
0.308	-0.248	2.044	45.1046419144
-1.308	1.784	0.688	45.2057850361
-0.408	0.452	2.044	45.3070011139
0.084	-0.592	2.044	45.4081790447
-0.572	1.064	1.256	45.5093200207
-0.936	1.556	1.916	45.6104681492
-1.924	1.904	1.6	45.7118611336
0.34	-1.436	0.728	45.8130700588
-0.352	-0.236	2.044	45.9142091274
-0.296	0.092	2.044	46.0153460503
1.104	1.684	1.764	46.116492033
0.216	0.88	1.432	46.2176239491
-0.172	-0.844	2.044	46.3189339638
-1.296	2.044	-0.416	46.4201209545
-0.8	1.036	2.044	46.5213220119
-0.744	1.736	-0.664	46.6225061417
0.192	0.84	2.044	46.7236640453
0.004	0.64	2.044	46.8248231411
-0.672	0.464	1.444	46.925962925
-0.772	0.42	2.044	47.0270969868
-0.408	0.304	2.044	47.1282269955
-0.14	0.012	2.044	47.2296180725
-1.272	1.724	1.88	47.3308179379
-1.424	2.044	0.496	47.4319839478
-1.392	0.264	2.044	47.5331199169
-0.388	0.012	2.044	47.6342499256
-0.596	0.904	1.456	47.735378027
-0.14	0.812	2.044	47.8365111351
-1.176	0.952	2.044	47.9376420975
-0.212	-0.828	2.044	48.0387730598
-0.788	1.824	0.616	48.1399030685
-0.396	0.6	2.044	48.2410521507
-0.324	1.296	0.304	48.3422179222
-0.392	0.56	2.044	48.4433619976
0.036	0.084	2.044	48.5445010662
-2.004	2.044	-0.88	48.6458890438
-0.44	-0.048	2.044	48.7471120358
-0.16	-0.172	2.044	48.8482480049
-0.196	0.912	1.62	48.9493789673
-1.244	1.492	2.044	49.0505080223
-1.28	2.044	-0.224	49.151638031
-1.128	0.504	2.044	49.2527639866
-0.568	-0.084	2.044	49.3540771008
-0.772	0.784	1.784	49.4552631378
-0.648	0.368	2.044	49.556401968
0.172	1.124	1.58	49.6575670242
-0.172	-0.324	2.044	49.7588660717
0.476	1.756	1.212	49.8601520061
-1.236	0.308	2.044	49.9614400864
2.044	-2.048	-2.048	50.0627260208
-0.652	0.34	2.044	50.1642849445
0.192	0.056	2.044	50.2656860352
-1.788	-2.048	1.744	50.3874001503
-0.74	0.468	2.044	50.4887650013
-0.348	-0.404	2.044	50.5900700092
-0.384	1.14	1.372	50.6913559437
-0.42	1.18	2.044	50.7926459312
-0.472	1.712	0.112	50.8939430714
-0.54	0.112	2.044	50.9952261448
0.124	-0.292	2.044	51.0965740681
0.532	0.96	1.844	51.1978571415
-1.108	0.164	2.044	51.2991421223
0.424	0.16	2.044	51.4004280567
-0.416	0.476	1.952	51.5017230511
0.648	1.576	1.452	51.6030049324
-1.408	0.804	2.044	51.7045791149
-0.996	-0.38	2.044	51.8059499264
-0.768	-0.032	2.044	51.9072399139
-0.308	0.804	1.392	52.0085229874
-0.388	1.112	1.892	52.1098079681
-0.48	0.304	2.044	52.2110879421
-0.328	-1.292	2.044	52.3123800755
-0.632	1.644	1.156	52.4136641026
-1.224	1.108	2.044	52.5149490833
-1.116	2.044	-1.512	52.616230011
0.128	1.02	2.044	52.7175810337
-0.52	0.66	2.044	52.8188700676
-0.508	1.484	1.284	52.9201569557
-0.876	0.572	2.044	53.0214390755
-0.448	1.048	1.256	53.1227200031
-0.016	0.224	2.044	53.2242929935
-2.048	2.044	1.512	53.3256800175
-0.728	0.66	2.044	53.4269709587
1.804	-2.048	-2.048	53.5282709599
-0.644	0.256	2.044	53.6295630932
0.02	-0.08	2.044	53.7308459282
-2.048	2.044	-1.176	53.8321321011
0.04	0.2	2.044	53.9334089756
0.008	-0.632	2.044	54.034692049
-0.632	0.84	1.32	54.1359751225
-0.868	2.044	1.4	54.2372579575
-1.82	1.508	1.86	54.3385429382
-1.464	0.224	2.044	54.439827919
-0.812	0.096	2.044	54.5411159992
-0.188	1.664	0.94	54.6424100399
0.268	1.172	1.884	54.7439780235
-0.388	1.088	1.636	54.8453540802
-0.072	-0.152	2.044	54.9466490746
-0.86	1.948	0.768	55.0482580662
-1.084	0.832	2.044	55.1496551037
0.1	1.916	-0.444	55.2509450912
-0.82	-0.544	2.044	55.3522400856
-0.14	0.044	2.044	55.4762470722
-2.048	0.308	0.992	55.5775930882
-0.9	-0.788	2.044	55.6788921356
-0.364	0.1	2.044	55.7801921368
-0.5	0.94	1.492	55.8814940453
-0.916	1.172	2.044	55.9827821255
-1.116	2.044	0.312	56.0840659142
-0.964	0.96	2.044	56.1856429577
-0.332	0.164	2.044	56.2870090008
0.572	0.208	2.044	56.3882980347
-1.204	1.212	2.044	56.4896020889
-0.404	1.248	1.536	56.5908999443
-0.124	-0.544	2.044	56.6920750141
-0.88	2.044	0.076	56.793213129
-1.052	0.976	2.044	56.8943450451
-0.416	1.34	0.556	56.9954750538
-0.656	0.176	2.044	57.0966079235
0.312	0.344	2.044	57.1977379322
-1.524	2.044	-1.576	57.2988679409
-1.092	0.024	2.044	57.4000060558
-0.268	-0.608	2.044	57.5011489391
-0.512	1.176	1.092	57.6022830009
-0.708	1.848	1.584	57.7036719322
-1.7	1.136	1.376	57.8048870564
0.16	1.076	1.184	57.9060230255
0.156	0.52	2.044	58.0071530342
0.72	-0.416	2.044	58.1082861423
-0.728	1.456	1.94	58.2094209194
0.292	0.988	1.884	58.310557127
-0.264	0.6	1.756	58.4117231369
0.236	1.612	1.644	58.5128619671
-1.1	2.044	-0.504	58.6139950752
-1.308	-2.048	-1.052	58.7151260376
-0.408	-0.096	2.044	58.8162550926
0.684	0.776	1.9	58.9174039364
1.564	1.332	1.516	59.0185351372
0.464	0.748	1.648	59.1196630001
-0.208	-0.62	2.044	59.2210459709
-2.048	2.044	-0.164	59.3222749233
-1.06	0.332	2.044	59.4234170914
-0.18	0.812	1.16	59.5245499611
-0.232	0.536	2.044	59.6256790161
0.224	-0.128	2.044	59.7268071175
-0.816	2.044	0.068	59.8280670643
-0.86	0.016	2.044	59.9293520451
-0.06	-0.924	2.044	60.0306370258
-0.296	1.264	1.232	60.1319191456
-1.088	0.968	2.044	60.2332069874
-0.968	1.604	0.352	60.3344960213
-0.588	0.048	2.044	60.4357800484
0.18	-0.248	2.044	60.5566079617
-1.924	2.044	-1.472	60.6582081318
-0.968	0.228	2.044	60.7595889568
-0.188	-0.368	2.044	60.8608820438
-0.248	1.184	0.932	60.9621829987
-1.368	1.54	1.796	61.0634679794
-1.876	0.332	2.044	61.1647500992
0.76	0.012	1.616	61.2660291195
-0.308	0.688	2.044	61.367331028
-0.084	-0.284	2.044	61.4686219692
-2.048	-2.048	0.856	61.5700120926
0.26	0.788	1.564	61.6713540554
0.056	-0.34	2.044	61.7726459503
-0.36	2.044	-0.356	61.8739380836
-1.616	0.236	2.044	61.9752240181
1.608	-0.004	1.516	62.0765740871
-0.612	0.412	2.044	62.178153038
0.332	0.42	1.972	62.2795419693
-0.988	2.044	-0.82	62.3808379173
-1.8	-0.656	2.044	62.4821369648
-0.504	0.148	2.044	62.583425045
-0.452	1.012	1.628	62.6847109795
-0.756	1.264	2.044	62.7860031128
-0.876	1.764	0.492	62.8872921467
-1.036	0.036	2.044	62.9885840416
-0.308	-0.136	2.044	63.0898721218
-0.268	1.224	0.156	63.1911590099
-0.792	0.492	2.044	63.2924449444
-0.22	0.288	2.044	63.393736124
-0.32	0.252	1.848	63.4950320721
-1.328	2.032	1.196	63.5963189602
-2.048	0.336	2.044	63.6978640556
0.812	0.184	1.852	63.7992601395
-0.316	0.36	2.044	63.9005570412
-0.056	0.408	2.044	64.001857996
-2.048	1.348	1.672	64.103194952
0.712	0.592	1.428	64.2044930458
-0.116	-0.344	2.044	64.305783987
-0.648	2.044	0.312	64.4070799351
-0.532	0.704	2.044	64.508382082
0.744	-0.356	1.4	64.6096711159
-0.38	0.276	1.672	64.710955143
0.496	-0.424	2.044	64.8122451305
-1.764	2.044	-1.34	64.9135329723
-1.396	0.804	2.044	65.0148179531
-0.26	-0.46	2.044	65.1161019802
-0.26	0.652	1.496	65.2177150249
-1.1	1.404	2.044	65.3191001415
-1.368	2.044	0.528	65.4203951359
-2.048	0.172	2.044	65.5216939449
-0.068	0.412	2.044	65.6472620964
-0.752	1.428	0.568	65.7486019135
-0.996	0.8	2.044	65.8499119282
-0.328	-0.036	2.044	65.9512031078
-0.308	0.516	2.036	66.052489996
-1.28	1.772	1.528	66.1537771225
-1.516	0.236	2.044	66.2550621033
0.06	0.788	1.296	66.3563539982
-0.572	1.004	2.044	66.4578230381
0.188	0.18	2.044	66.5592019558
-0.06	2.044	0.02	66.6622710228
-0.348	0.388	1.372	66.7638521194
-0.156	-0.024	2.044	66.8651731014
-2.048	2.044	0.412	66.9665510654
-0.428	0.896	2.044	67.0678601265
0.044	0.412	2.044	67.1691451073
-0.392	0.444	2.044	67.2704319954
-0.38	-0.1	2.044	67.371833086
-1.184	1.78	0.252	67.4732849598
-1.156	-0.088	2.044	67.5746409893
-0.308	-0.608	2.044	67.6759531498
-0.66	1.064	1.356	67.7772450447
-1.248	1.032	2.044	67.8785390854
-0.224	1.556	0.74	67.9816360474
-0.364	0.292	2.044	68.0830600262
-0.396	-0.108	2.044	68.1846499443
-0.408	1.832	0.62	68.28602314
-1.908	0.228	2.044	68.387321949
-0.156	1.328	1.46	68.4886260033
-0.068	-0.696	2.044	68.5899231434
-2.048	2.044	0.884	68.6912310123
-0.272	1.276	2.044	68.7924089432
-0.572	1.364	0.424	68.8935520649
-0.208	0.132	2.044	68.9946880341
0.108	-0.156	2.044	69.0958220959
-1.4	2.044	-1.14	69.196958065
-1.312	0.076	2.044	69.2980949879
-0.24	-0.264	2.044	69.3992359638
-0.264	0.864	1.78	69.5004580021
-0.688	0.736	2.044	69.6016139984
-1.18	1.96	0.176	69.7030069828
-1.248	-0.004	2.044	69.8042471409
-0.192	0.304	2.044	69.9055199623
-0.652	1.364	1.484	70.0066950321
-2.048	0.688	2.044	70.1078341007
0.34	1.108	1.312	70.2089650631
-0.212	0.072	2.044	70.3101029396
-2.048	2.044	1.46	70.4112391472
-0.86	2.044	1.036	70.5123820305
-0.364	-0.056	2.044	70.6135120392
-0.368	0.352	2.044	70.7340750694
0.012	1.788	0.908	70.8352501392
-0.46	1.632	2.044	70.9363889694
0.552	0.812	1.5	71.0375170708
-0.152	-0.296	2.044	71.1386461258
-2.048	2.044	1.28	71.2400360107
-0.088	1.116	2.044	71.341244936
-0.624	1.228	1.308	71.4423811436
-0.764	0.22	2.044	71.5435171127
0	-0.508	2.044	71.6446421146
-1.124	2.044	-1.388	71.7457680702
-0.604	0.508	2.044	71.8468990326
-0.18	0.208	2.044	71.9480280876
-0.212	0.34	1.812	72.0491549969
0.072	1.748	1.288	72.1502809525
-0.708	2.044	-0.144	72.2514100075
-1.132	-2.048	0.364	72.3525431156
-0.256	0.024	2.044	72.4536709785
0.168	1.356	1.028	72.5548000336
-0.712	0.964	2.044	72.6559281349
0.156	0.9	1.64	72.7573180199
-0.488	-0.116	2.044	72.8585450649
-0.632	2.044	0.524	72.9596800804
-0.896	1.868	2.044	73.0608100891
-0.304	0.624	1.768	73.1619391441
-0.124	0.04	2.044	73.2630660534
-0.16	1.252	1.46	73.3641979694
-2.048	2.044	1.32	73.4653260708
0.036	0.66	2.016	73.5664880276
-0.116	-0.952	2.044	73.6676189899
-1.172	2.044	0.032	73.7687499523
0.236	0.756	2.044	73.8698780537
-0.592	0.692	1.512	73.9710321426
-0.636	0.44	2.044	74.0721580982
-0.18	-0.728	2.044	74.1735439301
-1.02	2.044	0	74.2747540474
-1.444	0.264	2.044	74.3758900166
-0.232	-0.452	2.044	74.4770269394
-0.352	0.696	1.788	74.5781569481
-0.988	1.376	2.044	74.6792869568
-0.276	1.572	1.208	74.7805430889
-2.048	-0.84	-1.2	74.8818309307
-0.312	-0.336	2.044	74.9831111431
-0.028	1.364	0.688	75.0843999386
-2.048	1.256	2.044	75.185683012
0.396	1.316	1.532	75.2869639397
-0.176	-0.756	2.044	75.3882579803
-2.048	2.044	-0.024	75.4895489216
-0.492	0.952	2.044	75.5908370018
-0.408	0.724	1.284	75.6923999786
-0.484	-0.472	2.044	75.793856144
-0.516	0.364	1.836	75.8952009678
-2.048	-0.52	2.044	75.996587038
-0.188	0.656	1.952	76.0978770256
0.22	-1.12	2.044	76.1991660595
-0.532	2.044	-0.34	76.3004500866
-1.576	-0.424	2.044	76.4017429352
-0.676	1.58	0.492	76.5030341148
-0.604	0.56	2.044	76.604375124
-0.24	-0.052	2.044	76.7056939602
-1.024	0.732	1.492	76.8069839478
-1.68	0.04	2.044	76.9082860947
-0.416	0.296	2.044	77.009567976
-0.476	0.748	2.044	77.1108491421
-0.508	0.828	2.044	77.2124390602
-0.376	1.296	1.352	77.3138201237
-0.4	0.356	2.044	77.4151120186
-0.116	-0.18	2.044	77.5164151192
-1.428	2.044	-0.664	77.6177721024
-0.788	-0.296	2.044	77.7190599442
-0.02	0.892	1.876	77.8203561306
-0.572	1	1.564	77.9216561317
-1.108	0.564	2.044	78.0229411125
-0.116	1.888	0.788	78.1242289543
-0.856	-0.552	2.044	78.2255280018
-0.328	-0.66	2.044	78.3268201351
-0.728	2.044	0.22	78.4281079769
-0.632	0.736	2.044	78.5293989182
0.7	1.136	1.44	78.6306841373
-0.076	0.132	2.044	78.732252121
-2.048	2.044	2.044	78.8336269856
-0.124	1.832	1.564	78.9349179268
-0.5	0.2	1.84	79.036203146
-0.428	0.088	2.044	79.1375279427
0.348	1.884	0.76	79.2388100624
-0.304	1.504	2.044	79.3401069641
0.184	1.036	1.68	79.4413950443
-0.172	-0.388	2.044	79.5426840782
-1.436	2.044	-0.044	79.6439731121
-1.388	0.452	2.044	79.7452580929
0.104	-2.048	-2.048	79.8465731144
-0.612	0.46	2.044	79.9478600025
-0.32	1.096	1.488	80.049145937
-2.048	-0.572	2.044	80.1504280567
-0.092	0.788	1.968	80.2519979477
-0.228	-0.372	2.044	80.3533849716
-0.448	2	0.444	80.4546830654
-0.844	1.184	2.044	80.5560259819
1.916	-0.484	-0.656	80.657323122
-0.696	1.012	2.044	80.7584991455
-0.476	0.5	2.044	80.882846117
-0.068	1.448	0.132	80.9840300083
-1.176	0.14	2.044	81.0851759911
-0.212	0	2.044	81.1863040924
-0.26	0.836	1.972	81.2874350548
-0.72	1.216	2.044	81.3885750771
-0.364	1.456	0.536	81.4897110462
-0.608	0.296	2.044	81.5908939838
-0.564	-0.22	2.044	81.6922900677
-0.908	1.552	0.984	81.793514967
-0.772	0.856	2.044	81.8946530819
0.156	1.048	1.124	81.9957830906
-0.2	-0.296	2.044	82.0969150066
-2.048	2.044	1.188	82.1980469227
-0.5	0.82	2.044	82.299175024
-2.048	-2.048	-1.044	82.4003081322
-0.792	-0.1	2.044	82.5014441013
-0.436	0.608	1.76	82.6025719643
-2.048	-2.048	0.172	82.7037000656
-0.492	0.804	2.044	82.8048329353
-0.192	-0.936	2.044	82.9059669971
-0.54	1.58	0.944	83.0070941448
-1.268	0.88	2.044	83.1082561016
-1.312	2.044	-0.744	83.2096590996
-0.588	0.796	2.044	83.3108711243
-0.612	0.296	2.044	83.4120061398
-0.36	1.048	1.584	83.5131371021
-0.272	0.392	2.044	83.6142671108
-0.344	0.844	1.912	83.7153930664
-0.472	0.244	2.044	83.8165230751
-2.048	2.044	1.376	83.9176530838
-0.912	0.612	2.044	84.0187849998
-0.448	0.344	1.808	84.119918108
-0.712	0.172	2.044	84.2210481167
1.012	0.312	2.044	84.3221719265
-2.048	1.984	0.18	84.4232981205
-0.596	0.668	2.044	84.5244269371
-0.22	-0.236	2.044	84.6255559921
-0.492	0.712	1.66	84.7269461155
-0.976	1.664	2.044	84.8282921314
-1.168	2.044	0.052	84.9295909405
-0.32	0.812	2.044	85.030878067
-0.292	0.104	2.044	85.1321730614
-0.128	0.976	1.644	85.2334620953
-0.824	0.264	2.044	85.334747076
0.084	0.88	1.54	85.4360301495
-0.12	0.412	2.028	85.5373170376
-0.324	2.028	1.116	85.638600111
-1.7	1	2.044	85.7398779392
-0.868	-0.748	2.044	85.8411641121
-0.608	-0.056	2.044	85.9659800529
-0.08	1.924	0.66	86.0673160553
-0.976	0.848	2.044	86.1686239243
0.324	0.724	1.804	86.2701940536
-0.132	0.136	2.044	86.3715600967
-2.048	2.044	1.92	86.4728441238
-1.288	1.044	2.044	86.5741360188
0.248	-0.504	1.932	86.6754190922
-0.752	0.38	2.044	86.7767059803
0.436	-0.196	2.044	86.8779981136
-1.456	1.252	1.948	86.9792821407
-0.904	0.164	2.044	87.0805690289
-0.248	-0.42	2.044	87.1818599701
-0.36	1.696	0.628	87.2831449509
-1.372	0.58	2.044	87.3844249249
-0.132	1.712	0.248	87.4857239723
-0.332	0.756	2.044	87.5870130062
-0.148	0.188	2.044	87.6885881424
-1.236	1.956	0.1	87.7899739742
-0.864	0.296	2.044	87.8912649155
0.104	-0.184	2.044	87.9925479889
-0.272	0.76	1.7	88.0938510895
0.216	2.044	1.32	88.1951360703
-0.572	2.044	-0.02	88.2964229584
-0.308	0.268	2.044	88.3977730274
-0.32	-0.412	2.044	88.499076128
0.104	-0.08	2.044	88.6003620625
-2.048	0.916	2.044	88.7016510963
-0.904	0.668	2.044	88.8029460907
-0.32	-0.088	2.044	88.9042270184
-0.092	1.052	1.656	89.0055119991
-1.424	0.732	2.044	89.1068000793
2.044	-2.048	-2.048	89.2083640099
-0.688	0.192	2.044	89.3097441196
-0.112	0.064	2.044	89.411055088
-1.392	1.844	0.204	89.5123460293
-0.84	0.04	2.044	89.6136350632
-0.096	-0.404	2.044	89.7149181366
-0.488	1.244	1.292	89.8162019253
-0.768	1.444	2.044	89.9175601006
-1.14	2.044	0.1	90.0188469887
-0.588	0.996	2.044	90.1201341152
-0.236	0.176	2.044	90.221419096
-0.568	2.036	0.384	90.3227009773
-1.044	0.796	2.044	90.4239830971
0.104	0.672	1.496	90.5252690315
-0.268	-0.14	2.044	90.6265969276
-2.048	2.044	1.32	90.7281661034
-1.156	0.84	2.044	90.8295390606
-1.892	-2.048	0.576	90.9308331013
-0.516	0.356	2.044	91.0520141125
0.396	0.248	1.876	91.1533529758
-1.152	1.432	2.044	91.2546560764
-0.376	0.856	1.916	91.3559410572
-0.256	-0.948	2.044	91.4572350979
-0.628	1.632	0.908	91.5585300922
-0.96	0.712	2.044	91.6599340439
-0.076	0.8	1.544	91.7612531185
-0.992	0.076	1.568	91.8625440598
-0.188	-0.66	2.044	91.9638280869
-0.568	2.044	-0.396	92.0651171207
-0.396	0.368	2.044	92.1664030552
0.528	0.548	1.844	92.2680659294
-0.3	0.324	1.952	92.3694400787
-0.712	1.82	1.656	92.4706151485
-1.2	2.044	0.816	92.5717530251
-0.88	0.608	2.044	92.6728861332
-0.4	0.34	2.044	92.7740240097
-0.176	0.336	1.904	92.8752291203
-0.86	1.66	2.044	92.9763641357
-0.412	0.704	1.956	93.0774450302
-0.492	1.148	2.044	93.1785929203
-1.784	1.348	2.044	93.2797269821
-1.92	1.672	2.044	93.3808951378
-1.124	-1.364	2.044	93.4823579788
-0.072	0.484	2.044	93.583493948
-0.764	0.748	2.044	93.684636116
-0.88	0.596	2.004	93.7860281467
-0.612	0.128	2.044	93.8872830868
-0.244	-0.548	2.044	93.9884810448
-0.772	1.216	1.96	94.0896279812
-0.612	1.14	2.044	94.1908159256
-0.324	1.328	0.552	94.2919509411
-0.46	0.104	2.044	94.3930821419
-0.152	-0.216	2.044	94.4942140579
-0.628	2.044	-2.048	94.5953440666
-1.188	-1.192	2.044	94.6964969635
0.408	2.044	-2.048	94.7977540493
-0.304	0.952	-0.74	94.8990421295
-0.144	2.044	-2.048	95.0003230572
-2.048	-0.572	2.044	95.1016161442
-0.992	2.044	-1.416	95.2031900883
-1.088	2.044	-2.048	95.3045670986
0.748	-0.896	1.304	95.4058520794
1.36	0.876	1.224	95.5071389675
-0.736	1.94	-0.428	95.6084320545
-0.56	-0.104	2.044	95.7097151279
-0.48	0.224	2.044	95.8110029697
-0.34	1.38	1.912	95.9122860432
-0.932	1.988	0.284	96.0135669708
-1.032	1.36	1.852	96.1352109909
-0.112	-0.264	2.044	96.2365739346
-0.416	2.044	-0.536	96.3378810883
-0.98	0.788	2.044	96.4391670227
-0.172	0.032	2.044	96.5404579639
-0.308	0.132	1.98	96.6417810917
-0.548	2.044	0.328	96.7433600426
-1.336	1.844	1.768	96.8447420597
-1.28	0.732	2.044	96.9460351467
-0.62	0.312	2.044	97.0473229885
-0.252	1.116	1.196	97.1486129761
-2.048	-1.544	2.044	97.2498991489
-0.456	0.844	1.992	97.3511869907
-0.304	-0.472	2.044	97.4524710178
-0.46	1.396	1.12	97.5537610054
-0.684	1.336	2.044	97.6550590992
-1.352	2.044	-1.108	97.7563450336
-0.464	0.7	2.044	97.8576550484
-0.728	0.028	2.044	97.9589629173
-0.656	1.036	2.044	98.060256958
-0.54	0.632	2.044	98.1615431309
0.448	0.94	1.732	98.2631371021
-0.092	0.344	2.044	98.3645210266
-0.16	1.864	0.976	98.4658091068
-1.092	1.792	0.824	98.5671129227
-0.112	-0.04	2.044	98.6684200764
-0.56	0.512	2.044	98.7697041035
-0.384	0.892	1.696	98.8709909916
-2.048	-2.048	2.044	98.9722709656
-0.636	0.82	1.48	99.0735621452
-0.1	-0.636	2.044	99.174849987
-0.636	1.972	-0.116	99.2761371136
-1.588	-0.26	2.044	99.3775110245
-0.48	0.968	1.448	99.4788000584
-0.704	0.324	2.044	99.5800859928
-0.048	0.548	1.684	99.6813659668
-1.232	1.04	1.128	99.782941103
-0.968	0.2	2.044	99.8843021393
-0.316	-0.16	2.044	99.9855921268
-0.44	0.696	1.672	100.0868830681
-0.332	1.016	2.044	100.1881780624
-0.356	1.412	0.896	100.2894639969
-0.828	0.64	1.912	100.3907499313
-0.02	-0.52	2.044	100.4920370579
-0.628	2.044	-2.048	100.593323946
-0.944	0.716	2.044	100.6946089268
-0.372	-0.076	2.044	100.7958960533
-0.256	0.188	1.816	100.8971960545
0.924	1.32	0.492	100.9984800816
-0.916	2.044	-0.6	101.0997741222
-0.572	0.704	2.044	101.2253141403
0.04	0.02	2.044	101.3267140388
-0.892	1.216	0.268	101.4280240536
-0.868	0.472	2.044	101.5293130875
0.084	0.584	1.936	101.6306340694
-0.12	0.208	2.02	101.7319340706
-0.264	1.856	1.136	101.8332209587
-1.7	1.188	2.044	101.9345059395
0.952	0.756	2.044	102.0357859135
-0.612	-0.252	2.044	102.1370761395
0.048	1.924	0.56	102.2383611202
-1.024	2.044	2.044	102.3396451473
-0.028	1.072	1.524	102.4409279823
-0.172	-0.124	2.044	102.5422210693
-2.048	2.044	0.636	102.6435050964
-1.208	0.656	2.044	102.7451379299
-0.12	0.16	1.84	102.8465509415
-0.376	0.404	2.044	102.9478449821
-0.296	1.032	1.38	103.0491359234
-2.048	-2.048	2.044	103.1504240036
-0.456	0.728	1.972	103.2517080307
-0.284	-0.576	2.044	103.3529939651
-0.6	1.92	0.052	103.4542760849
-1.9	-0.512	2.044	103.5555610657
-0.448	-1.364	0.524	103.6568601131
-0.524	0.112	2.044	103.758149147
0.084	0.616	1.58	103.8594341278
-0.98	1.352	1.172	103.9607310295
-0.744	0.488	2.044	104.0621199608
-0.272	-0.368	2.044	104.163449049
-0.192	1.092	1.3	104.2650530338
-0.732	1.268	2.044	104.3664169312
-0.748	1.832	0.088	104.4676480293
-0.772	0.9	2.044	104.5688009262
-0.472	-0.188	2.044	104.6699471474
-0.988	1.344	0.784	104.7715320587
-0.688	0.204	2.044	104.8726799488
0.092	0.58	1.852	104.9739909172
-0.352	0.588	1.8	105.0751740932
0.212	1.844	1.216	105.1763160229
-1.5	1.78	1.756	105.2774429321
1.068	-2.048	-0.848	105.3785779476
-0.532	-0.024	2.044	105.4797310829
0.536	1.34	1.176	105.5811021328
-2.048	-0.812	1.216	105.6823079586
0.128	0.668	1.492	105.7837510109
-0.02	-0.364	2.044	105.8849649429
-0.66	2.044	-0.108	105.9861021042
-1.692	-0.132	2.044	106.0873029232
2.044	-2.048	-0.82	106.1884429455
-0.772	0.288	2.044	106.2895839214
-0.596	0.432	2.044	106.3907840252
-1.228	1.476	0.12	106.4919390678
-1.192	0.44	2.044	106.5930790901
-0.2	-0.38	2.044	106.6942110062
-0.26	1.212	1.376	106.7953460217
-0.76	1.228	2.044	106.8964960575
-1.248	1.668	0.28	106.9976260662
-0.208	-0.156	2.044	107.0987620354
-0.236	0.024	2.044	107.1998901367
-0.644	1.252	2.044	107.301295042
-0.816	-0.092	2.044	107.4024999142
0.556	0.324	2.008	107.5036361218
-0.272	0.46	2.016	107.6047661304
-1.068	2.044	0.836	107.7058939934
-2.048	0.488	2.044	107.8070280552
2.044	0.516	1.02	107.9081559181
-0.508	0.312	2.044	108.0092840195
-0.28	0.708	1.724	108.1104149818
-1	0.936	1.096	108.2115409374
-0.516	0.196	2.044	108.3126690388
-0.26	-0.24	2.044	108.413795948
-0.156	1.648	0.596	108.5149250031
-1.072	0.54	2.044	108.6162359715
-0.872	2.044	-1.204	108.7177050114
-0.792	0.948	2.044	108.8189220428
-0.24	-0.3	2.044	108.920058012
-0.72	1.576	0.444	109.0211889744
-1.304	0.212	2.044	109.1223220825
0.148	0.432	2.044	109.2234520912
-0.252	0.588	1.78	109.3245830536
1.752	1.06	0.992	109.4257099628
-1.884	2.044	0.432	109.5268421173
-1.112	0.876	2.044	109.6279730797
-0.584	0.108	2.044	109.7291030884
-0.332	1.632	0.816	109.8303630352
0.352	1.116	1.776	109.9316470623
-0.252	0.86	1.872	110.0329449177
-0.36	-0.016	2.044	110.1342401505
-0.968	1.856	0.428	110.2358090878
-1.648	0.056	2.044	110.337198019
-0.364	0.516	1.644	110.438491106
-0.66	0.312	2.044	110.5397820473
0.24	0.244	2.044	110.6410710812
-1.56	2.044	-1.2	110.742358923
-1.144	-0.888	2.044	110.8436479568
-0.448	0.096	2.044	110.9449329376
-0.556	1.16	1.068	111.0462179184
-0.712	0.996	2.044	111.1475479603
-0.632	1.92	0.16	111.2488360405
-2.048	-2.048	-1.88	111.350137949
-0.34	-0.36	2.044	111.4734950066
-0.452	0.9	1.504	111.5748310089
-0.764	0.428	2.044	111.6761319637
0.24	0.98	1.544	111.7777431011
-0.136	0.216	2.044	111.8791069984
-2.048	2.044	2.044	111.980394125
-1.276	2.044	0.364	112.0816879272
-0.264	0.096	2.044	112.1829731464
-0.424	-0.056	2.044	112.2842559814
0.1	0.664	1.492	112.3855390549
-0.412	1.272	1.612	112.486823082
-0.388	0.86	1.736	112.5881180763
-0.324	-0.94	2.044	112.6894030571
-0.724	2.044	-0.292	112.7906911373
-0.864	0.66	2.044	112.8919761181
-0.452	1.476	0.364	112.9932620525
-0.632	0.54	2.044	113.0945539474
0.168	0.044	2.044	113.1958379745
-1.096	2.044	-2.048	113.297410965
-0.508	0.564	2.044	113.3987760544
-0.068	0.436	1.756	113.5000700951
-0.364	0.116	2.044	113.6014089584
-1.54	2.044	2.044	113.7026979923
-0.408	2.044	0.016	113.8039820194
-2.048	-2.048	-0.216	113.9052760601
-0.136	-0.12	2.044	114.0066020489
1.34	0.672	2.044	114.1078989506
-0.816	1.276	2.044	114.2091960907
0.016	0.748	1.42	114.3104929924
-0.152	-1.072	2.044	114.4117770195
-0.776	1.732	0.476	114.5130660534
-0.604	0.46	2.044	114.6143510342
-0.336	0.78	1.148	114.7179830074
-0.356	-0.284	2.044	114.8193919659
-0.248	-0.024	2.044	114.9206910133
-1.136	2.044	-2.048	115.0220079422
-0.86	0.992	2.044	115.123593092
-0.14	-0.012	2.02	115.2249429226
-0.268	1.012	1.216	115.326225996
-2.048	2.044	0.836	115.4275510311
-0.74	1.3	2.044	115.5288341045
-1.048	0.732	2.044	115.6301169395
-0.7	-0.132	2.044	115.7313959599
-0.256	0.416	1.66	115.8326809406
-2.048	-2.048	1.212	115.9339640141
-0.648	0.548	2.044	116.0352470875
-0.16	-0.62	2.044	116.1365599632
-0.328	1.168	1.048	116.238090992
-1.364	0.436	2.044	116.3394560814
-0.652	1.236	0.592	116.4406330585
-0.428	0.636	2.044	116.5417871475
-0.184	0.052	2.044	116.6429970264
-1.372	2.044	-0.632	116.7441549301
-0.968	0.048	2.044	116.8452880383
-0.036	0.024	2.044	116.9464161396
-0.408	0.692	1.576	117.0475749969
1.268	1.652	0.948	117.1487081051
-1.628	1.548	1.62	117.2498350143
-1.22	1.004	2.044	117.3509640694
-1.1	0.424	2.044	117.4520931244
-0.884	0.74	1.688	117.5532319546
-2.048	-1.876	2.044	117.6543669701
-0.708	0.976	1.86	117.75572896
-0.368	-0.62	2.044	117.8569951057
-0.496	1.58	0.936	117.9581339359
-1.304	1.136	2.044	118.0593080521
-0.924	2.044	-0.896	118.1604440212
-0.508	0.964	2.044	118.2615721226
-0.328	0.36	2.044	118.3626959324
-0.112	0.692	2.044	118.4638190269
-0.884	0.296	2.044	118.5649459362
-0.14	0.768	1.568	118.6660709381
-0.212	0.196	2.044	118.7671990395
-2.048	2.044	1.476	118.8683271408
-0.128	0.86	2.044	118.9694521427
-0.584	-1.536	1.44	119.0705869198
-0.688	-0.12	2.044	119.1717150211
0.356	0.496	1.892	119.273072958
-1.512	1.476	0.92	119.3742721081
-0.516	0.544	2.044	119.475399971
-0.188	-0.496	2.044	119.5765299797
-0.436	1	1.176	119.6776580811
-1.28	1.644	1.856	119.7789120674
-1.4	2.044	-0.676	119.8801960945
-0.752	1.092	2.044	119.9814770222
-0.556	0.34	2.044	120.0827660561
-0.428	1.168	1.608	120.18404603
0.136	0.768	2.044	120.285323143
0.24	0.732	1.884	120.3866019249
-0.16	0.188	2.044	120.4878821373
-2.048	2.044	1.34	120.5891680717
-1.22	0.684	2.044	120.6904489994
-0.08	-2.048	0.28	120.7919931412
-0.676	0.012	2.044	120.8933389187
-0.4	0.976	1.424	120.9946250916
-1.588	-2.048	-0.376	121.0959119797
-0.48	0.632	2.044	121.1971950531
-0.296	-0.724	2.044	121.2984790802
-0.584	1.544	0.828	121.3997559547
-1.304	1.124	2.044	121.5010340214
-1.204	2.044	-1.032	121.6023221016
-0.472	0.916	2.044	121.7036731243
-0.448	0.476	2.044	121.8049929142
-0.272	0.776	2.044	121.9062781334
-1.34	0.616	2.044	122.0075969696
-0.212	0.724	1.716	122.1088840961
-0.232	0.052	2.044	122.2101659775
-0.908	1.996	0.436	122.3117079735
-1.408	0.624	2.044	122.4130570889
-1.156	-2.048	-2.048	122.514343977
-0.664	0.632	2.044	122.6156251431
-0.016	0.092	2.044	122.7169020176
-0.916	0.84	1.296	122.8181960583
-0.816	0.5	2.044	122.9194750786
-0.132	-0.348	2.044	123.0207569599
-0.54	0.816	1.556	123.1220469475
-0.76	1.224	2.044	123.2233259678
-1.236	1.804	0.06	123.3246049881
-0.22	0.228	2.044	123.4258811474
-0.452	-0.116	2.044	123.5271630287
-0.144	0.808	1.644	123.6284430027
-2.048	2.044	2.044	123.7299771309
-0.06	0.844	1.544	123.8313610554
-0.208	-0.908	2.044	123.9326550961
-0.444	1.952	-0.02	124.0339419842
-1.168	0.3	2.044	124.1352300644
-0.38	1.04	0.584	124.236563921
-0.604	0.74	2.044	124.3378949165
-0.12	0.332	2.044	124.4391829968
-1.396	1.508	0.16	124.5404660702
-0.72	-0.148	2.044	124.6417520046
-0.116	0.776	1.688	124.7430341244
-0.38	0.64	1.856	124.8443191051
-1.192	2.044	2.044	124.9456009865
-0.972	2.044	-0.252	125.0468869209
-0.424	-0.096	2.044	125.1481781006
-0.556	0.192	2.044	125.2497110367
-0.048	0.736	1.62	125.3510711193
-0.268	1.128	1.264	125.4523580074
-0.624	0.516	2.044	125.5536420345
-0.356	-1.804	2.044	125.654925108
-2.048	1.96	1.632	125.756207943
-0.76	1.512	1.932	125.8575649261
-0.292	2.044	-0.42	125.9588489532
-0.576	0.668	2.044	126.0601320267
-0.452	-0.06	2.044	126.1614220142
-0.044	0.372	2.044	126.2627019882
-1.032	1.92	2.044	126.3640229702
-0.16	0.908	1.456	126.4654359818
0.088	-0.776	2.044	126.5667719841
-0.884	2.044	-0.224	126.6681859493
-1.84	1.148	2.044	126.7697849274
2.044	-2.048	-1.776	126.871201992
-0.06	0.576	2.044	126.9725091457
-0.16	1.644	0.928	127.0738010407
-0.544	1.964	-0.28	127.1750891209
-0.868	0.544	2.044	127.2763750553
-0.228	-0.64	2.044	127.3778059483
-0.324	0.98	1.572	127.4792349339
-1.04	0.992	2.044	127.5805640221
-0.608	1.128	0.76	127.6818521023
-0.88	0.588	2.044	127.7831420898
-0.388	-0.144	2.044	127.8844270706
-0.668	1.636	0.224	127.9860169888
-0.492	0.26	2.044	128.1020259857
-0.272	0.476	1.948	128.2033529282
-0.512	0.304	1.952	128.3048081398
-0.544	1.908	1.436	128.4060051441
-1.848	0.704	2.044	128.5071511269
1.724	-2.048	-0.684	128.6083629131
-0.844	0.588	2.044	128.7094941139
-0.532	0.488	2.044	128.8107550144
-0.808	0.716	1.516	128.9123339653
-1.008	0.312	2.044	129.0134620667
-0.248	-0.424	2.044	129.114700079
-0.468	0.928	1.484	129.2158379555
-0.704	1.32	2.044	129.3170030117
-0.9	2.044	0.04	129.4181571007
-0.42	0.88	2.044	129.5193340778
-0.636	0.22	2.044	129.6205971241
-0.228	1.196	1.348	129.7217640877
-1.2	2.044	2.044	129.8231320381
0.104	0.98	1.192	129.9245080948
-0.072	-1.124	2.044	130.0256829262
-0.748	2.036	0.124	130.1268250942
-1.372	0.604	2.044	130.2279589176
-0.376	1.432	0.052	130.3290860653
-0.452	0.912	2.044	130.4302139282
-0.116	0.208	2.044	130.531345129
-0.172	1.08	0.76	130.6324729919
-0.644	0.968	2.044	130.7336001396
0.516	1.028	1.34	130.8347280025
-0.02	-0.316	2.044	130.9358551502
-2.048	2.044	2.044	131.0369799137
-1.532	0.548	2.044	131.1381089687
-0.98	-2.048	1.96	131.2394659519
-0.64	0.356	2.044	131.3406629562
-0.66	0.056	2.044	131.4417951107
-2.048	-2.048	2.044	131.5429239273
-1.092	0.344	2.044	131.644053936
-0.264	-0.72	2.044	131.7451851368
-0.676	1.752	0.472	131.8463160992
-1.108	0.756	2.044	131.9474570751
-1.084	2.044	-0.188	132.0486469269
-0.376	1	2.044	132.1497919559
-0.3	0.256	2.044	132.2509191036
-0.272	0.972	1.892	132.3520469666
-1.772	-0.544	2.044	132.4531729221
0.124	0.956	1.284	132.5543060303
-0.104	0.352	2.044	132.6554350853
-0.808	2.044	0.708	132.7568011284
-2.024	0.488	2.044	132.8580091
1	-0.18	1.236	132.9591429234
-0.24	0.868	2.02	133.0602779388
0.396	-0.112	2.044	133.1614079475
-0.484	2.044	-0.904	133.2625350952
-1.548	-0.052	2.044	133.3636651039
-0.324	-0.268	2.044	133.4647920132
-0.328	1.268	0.864	133.5659201145
-0.788	0.172	2.044	133.6670470238
-0.944	1.564	0.396	133.7681789398
0.388	-1.988	2.044	133.8693070412
-0.284	-0.524	2.044	133.9704329968
-0.308	2.044	-1.52	134.0715670586
-0.668	0.3	2.044	134.1727011204
0.732	1.184	1.016	134.2740659714
-0.144	0.356	1.98	134.3752610683
0.368	2.044	0.276	134.4763920307
-1.092	2.044	1.044	134.5775201321
-0.156	0.884	2.044	134.6786510944
-0.624	0.168	2.044	134.7799091339
-0.148	1.62	0.928	134.8812010288
0.088	1.268	2.044	134.9824831486
-0.084	0.236	1.992	135.0837740898
-0.1	-0.244	2.044	135.1851091385
-2.048	2.044	0.408	135.2863950729
-1.1	0.54	2.044	135.3877379894
-2.048	0.752	1.444	135.4890210629
-0.504	0.284	2.044	135.5903029442
0.016	-0.36	2.044	135.691587925
-1.512	2.044	-1.94	135.7931270599
-1.236	-0.056	2.044	135.8944709301
-0.384	0.116	2.044	135.9957540035
-0.468	0.8	1.328	136.0970411301
-0.588	1.432	2.044	136.1983280182
-0.856	2.044	-1.492	136.2996101379
-0.692	0.976	2.044	136.4008920193
-0.54	-0.28	2.044	136.5021750927
-0.244	1.488	1.072	136.6034591198
-0.576	0.988	2.044	136.7047970295
0.58	1.048	1.38	136.8061161041
-0.068	-0.208	2.044	136.9074919224
-2.048	2.044	1.796	137.0087749958
-1.22	0.988	2.044	137.1100771427
1.252	-2.048	-0.684	137.2114300728
-0.736	0.028	2.044	137.3129761219
-0.324	0.38	2.044	137.4143249989
-2.048	-1.608	2.044	137.5156109333
-0.812	-0.148	2.044	137.6168940067
-0.236	-0.316	2.044	137.7181830406
-0.624	1.904	0.712	137.8194699287
-0.708	1.468	1.796	137.9207551479
-0.604	1.624	0.916	138.0220329762
-1.648	-2.048	-0.436	138.12332201
-0.408	-0.272	2.044	138.2246029377
-0.816	0.716	1.764	138.3258850575
0.944	1.252	1.972	138.4271659851
0.232	0.672	1.884	138.5284559727
0.212	-0.988	2.044	138.6297390461
-0.844	1.76	0.54	138.7310259342
-0.764	0.864	2.044	138.8325591087
-0.648	1.72	0.348	138.9339079857
-2.048	-2.048	0.892	139.0351939201
-0.388	-0.1	2.044	139.1365461349
-0.004	1.108	1.308	139.2378299236
-2.048	0.8	2.044	139.3391180038
0.104	0.816	1.332	139.4403989315
-0.096	-0.98	2.044	139.5416841507
-0.908	1.84	0.52	139.6429669857
-1.548	-0.088	2.044	139.7442479134
2.044	-2.048	-0.52	139.8455340862
-0.884	0.628	2.044	139.9468169212
-0.352	-0.232	2.044	140.0481760502
-0.216	0.752	1.62	140.149474144
-0.684	0.64	2.044	140.2510960102
0.044	1.216	0.824	140.3523881435
-0.136	0.184	2.044	140.4535319805
-2.048	2.044	1.956	140.5547029972
-0.508	0.636	2.044	140.6558320522
-0.968	-1.816	1.328	140.7570319176
-0.72	-0.1	2.044	140.8582351208
0.868	0.46	2.044	140.9593629837
-2.048	1.208	-0.392	141.0605931282
-0.404	0.012	2.044	141.1617591381
0.112	-0.468	2.044	141.2628850937
-0.316	1.104	1.296	141.3640520573
-0.992	1.476	1.96	141.465182066
-0.98	2.044	0.056	141.5663130283
-0.6	0.204	2.044	141.6674461365
-0.4	0.256	2.044	141.7688081265
0.272	-0.02	1.86	141.8701269627
-1.74	0.812	1.068	141.9712629318
-0.644	0.572	2.044	142.07239604
-0.232	-1.04	2.044	142.1735260487
-0.552	1.924	0.356	142.2746610641
-0.98	1.604	1.932	142.3758490086
-0.868	2.044	-1.044	142.4769949913
-0.832	1.188	2.044	142.578122139
-0.648	0.348	2.044	142.6792480946
-0.384	0.864	1.656	142.7803750038
-1.472	0.632	2.044	142.8815031052
-0.2	1.068	1.312	142.9826290607
-0.2	-0.16	2.044	143.0837590694
-0.716	1.976	0.6	143.1848840714
-1.628	0.676	2.044	143.2862460613
2.044	-1.56	-0.208	143.387460947
-0.18	-0.008	2.044	143.4885931015
0.364	0.132	2.044	143.5897200108
-0.392	0.952	0.944	143.6908490658
-0.884	0.696	2.044	143.7919781208
-0.088	0.108	2.044	143.8931069374
-0.3	0.4	1.788	143.9942309856
0.56	1.672	1.16	144.095457077
-1.056	2.044	1.376	144.19662714
-0.948	0.688	2.044	144.2977540493
-0.552	0.48	2.044	144.3988790512
-0.712	0.756	1.716	144.5000059605
-2.048	-0.84	1.76	144.601131916
-0.804	0.464	2.044	144.702256918
-0.208	-0.78	2.044	144.8037650585
-0.524	1.616	0.828	144.9051101208
-1.272	0.404	2.044	145.0063929558
-0.816	2.044	-1.32	145.1077809334
-0.668	0.444	2.044	145.2090659142
-0.36	-0.164	2.044	145.3103499413
-0.56	0.924	1.664	145.411634922
-1.704	1.088	2.044	145.5129151344
0.264	0.74	1.52	145.6141979694
-0.012	-0.484	2.044	145.7154779434
-0.78	2.044	-0.184	145.8167619705
-1.564	0.984	2.044	145.9180960655
-0.352	1.884	-0.924	146.0193841457
-0.8	1.224	2.044	146.1206660271
-0.168	0.508	2.044	146.2219460011
-1.284	1.744	-0.388	146.323485136
-1.184	0.688	2.044	146.4248309135
-0.4	-0.048	2.044	146.5261161327
-0.416	0.84	1.8	146.6274869442
-0.844	1.04	2.044	146.7287750244
-1.844	1.336	1.472	146.8300631046
-0.828	-0.216	2.044	146.9313509464
-0.912	-0.252	2.044	147.0326340199
0.4	1.688	0.876	147.1339221001
-2.048	0.792	2.044	147.2352039814
0.356	1.144	1.04	147.3365609646
0.084	-0.16	2.044	147.4378659725
-0.336	1.1	0.404	147.5392329693
-0.484	1.144	2.044	147.6405351162
-0.16	0.372	1.768	147.741822958
-0.264	-0.108	2.044	147.8433570862
-0.104	0.412	1.552	147.9447009563
-2.048	2.044	2.044	148.0459830761
-0.984	0.04	1.568	148.1472649574
-0.404	-1.168	2.044	148.2485530376
-0.568	2.044	-0.124	148.3498370647
-1.86	0.092	2.044	148.451125145
-0.372	0.964	1.068	148.5524089336
-0.604	0.384	2.044	148.6536979675
0.008	0.052	2.044	148.7549779415
-1.456	2.044	-0.444	148.8562610149
-1.092	-0.044	2.044	148.9575440884
-0.416	-0.028	2.044	149.0588400364
-0.584	0.964	1.328	149.1601240635
-0.576	1.192	2.044	149.2616510391
-0.6	1.956	0.584	149.3630211353
-0.64	0.924	2.044	149.4643061161
-0.584	0.26	2.044	149.5655939579
-0.184	1.84	0.528	149.6668739319
0.532	1.256	2.044	149.7681620121
0.608	1.228	0.808	149.8694419861
-0.312	-0.504	2.044	149.9707269669
-2.048	2.044	0.796	150.0720140934
-1.432	0.884	2.044	150.1733000278
-0.344	1.016	0.964	150.2745780945
-1.04	0.792	2.044	150.3758590221
-0.372	-0.892	2.044	150.4771440029
-1.36	2.044	-2.048	150.5784270763
-0.636	-0.296	2.044	150.679708004
-0.136	0.292	2.044	150.7812430859
-0.292	0.948	1.32	150.8825950623
0.368	2.044	1.66	150.9838759899
-0.34	2.044	-0.004	151.085160017
-2.048	-2.048	-2.048	151.1865279675
-0.308	-0.108	2.044	151.2878191471
0.04	1.46	1.24	151.3890969753
-1.312	2.044	2.044	151.4903819561
0.42	1.22	1.248	151.5916631222
-0.132	-0.532	2.044	151.6929421425
-0.56	1.9	0.328	151.7942280769
-0.828	0.864	2.044	151.8955061436
-0.548	1.54	0.424	151.9968450069
-0.18	0.412	1.96	152.0980260372
0.332	-0.628	2.044	152.1992349625
-0.508	2.044	-1.564	152.3006389141
-1.272	0.636	2.044	152.4018390179
-0.332	-0.204	2.044	152.5029799938
-0.168	0.08	1.768	152.6041259766
-2.048	2.044	2.044	152.7053210735
-0.632	2.044	1.484	152.8065240383
-0.572	0.968	0.62	152.9081499577
-0.012	-0.5	2.044	153.0094270706
-0.632	1.004	1.532	153.1106929779
-2.048	2.044	1.884	153.2118301392
-0.02	0.656	1.548	153.3129720688
-0.196	-0.804	2.044	153.4141039848
-0.664	1.428	0.84	153.5152361393
-0.564	0.372	2.044	153.6164190769
-0.492	1.28	1.328	153.7175819874
-0.416	0.996	1.816	153.8189721107
-0.412	-0.108	2.044	153.9201700687
0.292	0.82	1.38	154.0213041306
1.12	0.504	1.772	154.1224370003
0.856	1.464	0.672	154.223564148
-0.616	0.448	2.044	154.3246879578
-1.472	1.788	1.028	154.425812006
-0.868	0.4	2.044	154.5269370079
-0.608	1.284	0.672	154.6280610561
-0.608	0.368	2.044	154.7291889191
-0.512	-0.44	2.044	154.8305029869
-0.404	1.644	1.088	154.9317920208
-0.4	0.88	2.044	155.0330760479
-2.048	-2.048	2.044	155.1343619823
-1.992	-2.048	2.044	155.2356441021
-0.256	2.044	-0.372	155.3371860981
-0.764	1.128	2.044	155.4385480881
-0.604	1.368	0.48	155.5398409367
-0.108	0.404	2.044	155.6411249638
-0.156	-0.072	2.044	155.7424089909
-1.068	1.876	-0.208	155.8436939716
-1.532	-0.724	2.044	155.9451620579
-0.364	-0.772	2.044	156.0465590954
-0.62	2.044	-0.368	156.1478500366
-0.548	1.276	1.768	156.249131918
1.244	0.212	-0.348	156.3504140377
-0.176	0.576	2.044	156.4516940117
0.16	0.196	2.044	156.5529789925
0.752	-0.052	1.956	156.6542589664
-0.516	0.816	2.044	156.7556550503
0.26	0.416	1.956	156.8572030067
-0.376	0.932	1.272	156.9585671425
-0.192	1.624	1.764	157.0598609447
-0.38	1.972	-0.092	157.1611480713
-1	-0.468	1.428	157.2624261379
-0.2	-1.096	2.044	157.3637030125
0.188	0.988	0.872	157.4649779797
-0.368	2.044	2.044	157.5662610531
0.768	0.988	0.956	157.6675970554
-0.008	-1.484	2.044	157.7689139843
-1.284	2.044	-0.956	157.8702690601
-1.408	0.944	2.044	157.9715669155
-0.492	1.072	0.38	158.0728540421
-0.42	0.708	2.044	158.1741359234
-0.716	0.16	2.044	158.2756631374
0	-0.356	2.044	158.3770151138
-0.288	0.752	0.94	158.4783079624
0.16	-0.268	2.044	158.579595089
-0.732	2.044	-0.008	158.680877924
-2.048	0.544	2.044	158.7821669579
2.044	-2.048	-1.792	158.8834490776
-0.256	0.816	2.044	158.9847271442
-0.328	0.372	2.044	159.0860159397
-0.732	0.324	2.044	159.1872990131
-0.78	0.312	1.708	159.2885799408
-0.124	-0.668	2.044	159.389868021
-0.704	2.044	-0.496	159.4911551476
-1.08	1.176	2.044	159.5924351215
-1.012	2.044	-1.176	159.6937160492
-0.572	1.144	1.812	159.7952511311
0.408	0.484	2.044	159.896613121
-0.368	1.172	-0.18	159.9978990555
-1.516	0.536	2.044	160.099189043
-0.428	-0.484	2.044	160.2004730701
-0.38	1.068	1.272	160.3017771244
-0.44	0.344	2.044	160.4030530453
-0.66	2.044	-0.428	160.5043411255
-0.788	0.544	2.044	160.6056249142
-0.516	-0.164	2.044	160.7069060802
-0.468	1.68	-0.084	160.8082001209
-0.924	0.284	2.044	160.9094769955
0.152	0.9	1.392	161.0107541084
0.028	-0.172	2.044	161.1120431423
-1.04	2.044	0.364	161.21332407
-1.88	1.04	2.044	161.3148570061
2.044	-2.048	-2.048	161.4161999226
-0.48	0.576	2.044	161.5175509453
-0.352	0.764	1.992	161.6188390255
-2.048	1.004	2.044	161.7201581001
0.3	0.688	1.14	161.8214941025
0.136	-0.292	2.044	161.9227881432
-0.78	1.816	0.748	162.024075985
-1.052	1.456	1.44	162.1253609657
-0.796	-0.856	0.9	162.2266421318
-0.216	0.448	2.044	162.3279819489
-0.496	0.984	1.72	162.4292681217
-1.196	1.484	0.76	162.5305509567
-0.644	0.288	2.044	162.6318371296
-0.22	-0.724	2.044	162.7331190109
-0.632	1.492	0.572	162.8346590996
-0.6	1.032	2.044	162.9360580444
-0.752	1.596	0.756	163.0374810696
-0.712	0.78	1.64	163.1387970448
0.248	-0.16	1.956	163.2400829792
0.192	1.448	-0.688	163.34136796
-0.164	0.62	2.044	163.442647934
1.128	0.844	1.26	163.5439360142
-0.284	-0.596	2.044	163.6452181339
-0.412	1.888	0.772	163.7465569973
0.084	2.044	-1.364	163.8621189594
-2.048	-2.048	-0.48	163.9634079933
-0.26	-0.508	2.044	164.0646190643
0.072	1	1.976	164.1657569408
-1.484	1.288	2.044	164.2669301033
0.1	0.82	1.156	164.368366003
0.064	-0.66	2.044	164.4695630074
-0.996	2.044	0.228	164.5708119869
-1.928	0.688	2.044	164.6723520756
0.488	-0.672	0.44	164.7734889984
0.012	0.224	2.044	164.87479496
-0.588	0.968	1.684	164.975965023
-2.048	-2.048	2.044	165.0771450996
-0.112	0.684	1.404	165.1783599854
0	-0.344	2.044	165.279487133
-0.804	2.044	-0.344	165.3807499409
-1.396	0.864	2.044	165.482334137
2.044	-2.048	0.188	165.583466053
-0.272	0.988	2.044	165.6846880913
-0.364	1.128	1.428	165.7860579491
-0.684	1.64	-0.008	165.8872520924
-1.432	0.432	2.044	165.9883830547
-0.484	-0.236	2.044	166.0895130634
-0.44	1.488	0.752	166.1906409264
-0.78	0.772	2.044	166.2917659283
-1.456	2.044	-2.048	166.3928930759
-1.408	0.956	1.66	166.4940190315
0.06	0.26	2.044	166.595140934
0.024	-0.016	2.044	166.6962640286
0.372	1.14	0.96	166.7974131107
-0.08	0.52	2.044	166.8985419273
-0.308	0.228	2.044	166.9996681213
-1.076	1.38	1.748	167.1007990837
-2.044	0.768	2.044	167.2019240856
-1.992	-0.38	2.044	167.3032770157
-0.816	0.148	2.044	167.4044690132
0.12	-0.06	2.044	167.5055980682
-2.048	2.044	2.044	167.6067550182
0.476	0.36	1.98	167.7078840733
0.228	-0.364	2.044	167.8090119362
-1.168	2.044	0.148	167.9101390839
-1.42	0.348	2.044	168.0112631321
2.044	-2.048	-2.048	168.1124060154
-0.668	0.432	2.044	168.2135851383
-0.628	0.712	1.772	168.3147211075
-2.048	-1.66	2.044	168.4158470631
-0.468	0.792	1.78	168.516972065
-0.264	-0.548	2.044	168.6180989742
-0.536	1.564	0.928	168.7192249298
-0.808	0.656	2.044	168.8205859661
0.032	0.024	2.044	168.9217741489
-0.344	0.284	2.044	169.0229010582
0.064	-0.488	2.044	169.1240320206
-1.52	1.12	1.444	169.2251601219
-1.212	-0.096	2.044	169.3262851238
-0.384	0.68	1.832	169.4274380207
-0.284	-0.032	2.044	169.5285670757
1.932	1.168	1.716	169.629693985
-0.984	2.044	-0.104	169.7308199406
-0.572	0.076	1.912	169.8320810795
-0.148	-0.296	2.044	169.9333679676
-0.024	-0.36	2.044	170.0346479416
-1.072	2.044	2.044	170.1359329224
0.6	0.524	1.26	170.2372131348
0.16	-1.248	2.044	170.3387489319
-1.224	2.044	-1.26	170.4401059151
-1.1	0.828	2.044	170.5413930416
-1.472	-0.64	1.428	170.6426749229
-0.204	0.276	2.044	170.74395895
-0.24	-0.98	2.044	170.8452451229
-2.048	2.008	2.044	170.9465661049
-0.664	-1.916	2.036	171.047852993
2.044	-1.116	0.916	171.1491401196
-0.776	1.064	2.044	171.2504191399
-0.516	1.196	2.044	171.351706028
-0.488	-1.236	1.52	171.452986002
-0.716	0.068	2.044	171.5542740822
-0.036	-0.248	2.044	171.6555550098
-1.152	1.62	1.116	171.7568430901
-1.428	0.84	2.044	171.8583850861
-0.44	-0.312	2.044	171.9597439766
-0.396	0.752	1.212	172.0610339642
-0.276	1.404	2.044	172.1623139381
-1.072	2.016	0.032	172.2635951042
-2.048	0.612	2.044	172.3648729324
-0.192	0.096	2.044	172.4661519527
-0.7	1.232	0.936	172.5675251484
-0.768	0.74	2.044	172.6688060761
-0.144	0.196	2.044	172.77008605
-0.1	0.016	2.044	172.8713750839
-0.92	1.808	1.304	172.9726569653
-1.008	2.044	0.108	173.0739490986
-0.436	-1.024	0.616	173.1752319336
-0.444	-0.436	2.044	173.2765650749
-0.44	1.116	1.144	173.3781330585
-1.384	1.996	2.044	173.4794960022
0.024	0.936	1.2	173.5807819366
-0.036	-0.876	2.044	173.6820669174
-0.972	2.044	-0.032	173.7833509445
-0.444	0.244	2.044	173.8846309185
-0.18	0.528	1.612	173.9859120846
0.004	0.192	2.044	174.0871989727
0.308	-0.032	1.752	174.1884870529
-1.28	1.748	0.34	174.2897679806
-0.712	1.132	2.044	174.391051054
-0.308	-0.676	2.044	174.4923341274
-0.476	0.78	1.312	174.5936210155
-0.772	1.568	2.036	174.6949019432
-0.944	2.044	-0.98	174.7964260578
-0.92	0.4	2.044	174.8978750706
-0.468	0.06	2.044	174.999158144
-0.216	0.568	1.948	175.1007130146
-1.84	1.172	1.892	175.2020869255
-0.184	0.904	1.204	175.3033730984
-0.312	-0.316	2.044	175.4046530724
-0.776	1.84	0.496	175.5059349537
-1.1	0.76	2.044	175.6072161198
-0.124	1.504	-0.424	175.7085011005
-0.596	0.516	2.044	175.8098080158
-0.404	0.196	2.044	175.9111001492
-0.088	0.764	0.82	176.0122730732
-0.48	0.672	2.044	176.1134150028
0.192	0.808	1.572	176.2145469189
-0.236	0.404	1.904	176.3159620762
-0.344	2.044	1.204	176.4171659946
-1.16	1.776	1.508	176.518378973
-0.272	0.488	1.384	176.6196000576
-0.36	0.296	2.044	176.7207319736
0.952	0.232	2.044	176.821901083
-0.988	2.044	-0.796	176.9230339527
-0.716	-0.172	2.044	177.0241649151
-0.328	-0.108	2.044	177.1253499985
-0.296	0.68	1.516	177.2264969349
0.092	0.708	2.044	177.3276720047
-0.448	2.044	-0.312	177.4288110733
-2.048	-2.048	-2.048	177.5299479961
-0.352	-0.036	2.044	177.6311769485
-0.74	0.768	1.808	177.7323100567
0.204	1.9	2.044	177.8336701393
-0.124	-0.284	1.404	177.9348640442
0.032	-1.388	2.044	178.0359909534
-0.704	1.592	0.372	178.1371209621
-1.512	0.248	2.044	178.2382481098
-0.432	0.852	1.632	178.3393719196
-0.552	1.308	0.168	178.4427800179
0.148	-1.408	2.044	178.5439510345
-1.44	2.044	-2	178.6450841427
-1.752	-0.396	2.044	178.7462091446
-0.852	0.32	1.98	178.8473370075
-0.424	-0.236	2.044	178.9484651089
-0.588	1.212	1.764	179.0495951176
0.004	1.716	1.34	179.1507279873
-1.224	-1.428	1.692	179.2518539429
-0.336	-0.272	2.044	179.3532249928
-0.632	0.612	2.044	179.454419136
-1.804	1.916	2.044	179.5555510521
0.152	1.04	1.208	179.6566751003
-0.184	-0.72	2.044	179.7578530312
-0.768	1.968	0.228	179.8591399193
-1.28	0.5	2.044	179.9604179859
-0.108	1.036	0.764	180.0617039204
-0.236	0.452	2.044	180.1629920006
0.108	-0.168	2.044	180.2642710209
0.612	2.044	-0.544	180.3655481339
-0.764	0.752	2.044	180.4668269157
0.044	0.26	1.836	180.5681121349
-0.264	-0.396	2.044	180.6693909168
-2.008	2.044	0.2	180.7706770897
-0.408	0.832	2.044	180.8722140789
-0.632	0.772	0.904	180.9735679626
-0.932	0.936	2.044	181.0748641491
-0.248	0.34	2.044	181.1761469841
-0.936	-0.32	1.9	181.2774939537
-1.024	0.86	2.044	181.3787739277
-0.352	-0.312	2.044	181.4800560474
-0.556	0.504	1.86	181.5813379288
-0.532	0.812	2.044	181.6826210022
-0.188	2.044	-0.588	181.7839069366
-0.66	0.692	2.044	181.885187149
-0.432	-0.116	2.044	181.9865589142
-0.136	0.948	1.652	182.0878479481
-0.612	1.556	1.696	182.1891341209
-0.14	1.184	1.256	182.2904160023
-0.14	-0.62	2.044	182.3919429779
-0.82	1.876	0.524	182.4932961464
-1.612	0.876	2.044	182.5945880413
-0.316	1.396	-0.076	182.6958711147
-0.444	0.528	2.044	182.7971539497
0.352	-0.028	2.044	182.8984410763
-1	1.64	0.256	182.9997169971
-0.744	0.34	2.044	183.1010000706
-0.248	0.272	2.044	183.202286005
-0.248	0.4	1.924	183.3035690784
0.888	0.912	1.996	183.4048449993
-1.62	1.104	2.044	183.5061509609
-0.98	0.788	1.56	183.6075930595
-0.612	0.388	2.044	183.708894968
0.104	0.468	2.044	183.8104240894
-1.304	2.044	-1.532	183.9117760658
-0.856	-0.132	2.044	184.0131409168
-0.084	-0.336	2.044	184.1144721508
-0.292	0.86	1.416	184.2157599926
0.008	1.052	2.044	184.3170380592
-0.928	2.044	-0.7	184.4183199406
-2.048	-2.048	-1.884	184.5196080208
-0.464	-0.004	2.044	184.6208851337
-0.116	1.088	1.468	184.7221701145
-1.556	1.748	2.044	184.8235030174
-0.216	1.076	1.12	184.9247839451
-0.088	-0.972	2.044	185.0260629654
-0.688	1.976	-0.196	185.127352953
-1.184	0.712	2.044	185.2286350727
-0.4	1.848	-0.264	185.3301770687
-0.7	0.432	1.788	185.4315299988
-0.22	-0.52	2.044	185.5328149796
-0.228	0.476	1.928	185.634098053
-1.692	0.916	2.044	185.7353799343
-0.712	1.084	0.72	185.8368580341
-0.472	-0.84	2.044	185.938215971
-2.048	2.044	0.924	186.0395081043
-1.204	1.02	2.044	186.1407949924
-0.808	0.732	1.328	186.2420809269
-0.276	0.332	2.044	186.343364954
0.232	-0.124	1.616	186.4448349476
-1.524	2.044	-1.168	186.5462090969
-1.352	-0.3	2.044	186.6475360394
0	0	0	0.0059320927
-0.58	0.532	1.932	0.1181671619
0.308	2.044	0.432	0.2196371555
-1.06	2.044	0.344	0.3210370541
-0.54	-0.064	2.044	0.4224350452
-0.216	0.128	2.044	0.5238380432
-0.332	0.22	1.616	0.6252889633
-0.244	2.044	0.836	0.7267820835
0.668	1.004	1.74	0.8282361031
-0.124	-0.824	2.044	0.9296131134
-0.56	1.608	0.728	1.0310161114
-2.048	1.42	2.044	1.1324279308
-1.54	0.012	2.044	1.2338330746
-0.66	0.116	2.044	1.3352601528
-0.612	0.664	1.64	1.4368081093
-1.616	2.044	2.044	1.5384030342
0.204	0.3	1.828	1.6398639679
0.028	-0.676	2.044	1.7412490845
-0.712	1.752	0.744	1.8426339626
-1.5	0.624	2.044	1.94404006
-1.056	-1.648	0.136	2.0454750061
-0.344	0.356	2.044	2.1468780041
-0.124	-0.024	2.044	2.2482631207
-1.264	0.9	1.26	2.3496389389
-1.384	-0.94	2.044	2.451002121
-0.364	0.008	2.044	2.5524001122
-0.344	1.416	0.88	2.6538951397
-0.944	0.72	2.044	2.7552981377
-0.168	1.304	1.188	2.8567221165
-0.424	0.848	2.044	2.9581019878
-0.464	-0.396	2.044	3.0595099926
-1.32	2.044	-1.548	3.1787929535
-0.544	0.276	2.044	3.2802820206
-0.24	0.644	1.88	3.3818321228
-0.46	0.596	1.964	3.4832260609
-1.296	2.044	2.044	3.5846619606
-0.468	2.044	-0.26	3.6867630482
-2.048	-2.048	0.1	3.7882330418
-0.428	-0.356	2.044	3.8897221088
-0.396	1.368	1.1	3.9911439419
-0.668	1.044	2.044	4.0925300121
0.268	0.74	1.604	4.1939680576
-0.312	-0.848	2.044	4.2953939438
-2.048	2.044	0.168	4.3968250751
-0.992	1.392	2.044	4.5049469471
-0.344	0.884	1.064	4.606413126
-0.124	-0.008	2.044	4.7079131603

