0.0,0.0,0.0,0.006285905838012695
-0.94,1.868,2.044,0.31850099563598633
-0.848,0.576,2.028,0.6203339099884033
-0.696,-0.324,2.044,0.9221630096435547
-1.304,2.044,2.044,1.2239727973937988
-0.436,0.192,2.044,1.5258219242095947
-0.376,-0.452,2.044,1.8274438381195068
-1.724,2.044,2.044,2.12892484664917
-0.316,-0.056,2.044,2.4303269386291504
-0.3,-0.456,2.044,2.7319068908691406
-1.8,2.044,2.044,3.033545970916748
-0.06,0.268,2.044,3.3371708393096924
-0.26,-0.372,2.044,3.6387739181518555
-1.156,2.044,2.044,3.94051194190979
-0.608,0.392,2.044,4.242208003997803
-0.876,-0.328,2.044,4.565922975540161
-0.672,1.248,2.044,4.887256860733032
-0.416,1.82,2.044,5.194931983947754
-0.804,-0.176,2.044,5.497557878494263
-0.828,1.304,2.044,5.799304962158203
-0.84,1.084,2.044,6.101037979125977
-0.724,0.02,2.044,6.403008937835693
-0.404,0.676,2.044,6.7048399448394775
-1.42,2.044,2.044,7.006513833999634
-0.648,-0.004,2.044,7.308123826980591
-0.56,-0.352,2.044,7.609790802001953
-1.356,2.044,2.044,7.911463975906372
-0.38,0.168,2.044,8.213112831115723
-0.356,-0.056,2.044,8.514678955078125
-1.344,2.044,2.044,8.816099882125854
-0.44,0.148,2.044,9.117553949356079
-0.356,0.172,2.044,9.419157981872559
-0.54,2.044,2.044,9.72061800956726
-0.532,0.096,2.044,10.02197790145874
-0.328,0.284,2.044,10.323410987854004
-1.52,2.044,2.044,10.62512493133545
-0.38,-0.032,2.044,10.926807880401611
-0.06,-0.14,2.044,11.22845196723938
-2.048,2.044,2.044,11.529870986938477
-0.596,0.152,2.044,11.831226825714111
0.12,-0.532,2.044,12.132653951644897
-2.048,2.044,2.044,12.434228897094727
-0.296,0.164,2.044,12.73572587966919
-0.172,-0.344,2.044,13.037099838256836
-1.664,2.044,2.044,13.338681936264038
-0.42,0.044,2.044,13.64014196395874
-0.344,-0.324,2.044,13.941722869873047
-1.62,2.044,2.044,14.243141889572144
-0.3,0.14,2.044,14.54451584815979
-0.432,-0.148,2.044,14.845870018005371
-1.692,2.044,2.044,15.147205829620361
-0.68,0.092,2.044,15.448767900466919
-0.824,1.78,2.044,15.750415802001953
-0.964,0.408,1.512,16.05194902420044
-0.636,-0.944,2.044,16.353460788726807
-0.736,1.98,2.044,16.655059814453125
-0.7,0.02,2.044,16.956827878952026
-0.48,-0.608,2.044,17.258474826812744
-1.092,1.976,2.044,17.560024976730347
-0.916,0.568,1.904,17.86176085472107
-0.432,0.052,2.044,18.163379907608032
-0.648,2.044,2.044,18.46513080596924
-0.724,0.088,2.044,18.766738891601562
-0.528,-0.596,2.044,19.068249940872192
-1.004,2.044,2.044,19.3697509765625
-0.228,-0.004,2.044,19.671279907226562
-0.404,-0.428,2.044,19.973028898239136
-1.24,2.044,2.044,20.274652004241943
-0.428,0.032,2.044,20.576181888580322
-0.372,-0.284,2.044,20.87772297859192
-1.312,2.044,2.044,21.179170846939087
-0.412,0.028,2.044,21.480751991271973
-0.252,-0.396,2.044,21.782272815704346
-0.452,0.068,2.044,24.2033748626709
-0.232,-0.14,2.044,24.50500202178955
-1.584,2.044,2.044,24.806421995162964
-0.968,0.468,2.044,25.10776400566101
-0.496,-0.068,2.044,25.409097909927368
-1.0,1.828,2.044,25.710599899291992
-1.0,0.316,2.044,26.012346982955933
-0.708,-0.212,2.044,26.313917875289917
-1.12,1.604,2.044,26.615444898605347
-1.088,0.504,2.044,26.9169499874115
-0.532,-0.228,2.044,27.218509912490845
-0.248,-0.388,2.044,28.526326894760132
-1.528,2.044,2.044,28.827935934066772
-0.464,0.028,2.044,29.12968397140503
-0.576,-0.328,2.044,29.431265830993652
-0.688,0.916,2.044,29.732785940170288
-2.048,2.044,2.044,30.034284830093384
-0.772,-0.084,2.044,30.33578085899353
-0.172,0.304,2.044,30.63752579689026
-2.004,2.044,2.044,30.939085960388184
-0.78,0.248,2.044,31.24058485031128
-0.284,-0.244,2.044,31.542085886001587
-2.048,1.84,2.044,31.843586921691895
-1.216,1.24,1.984,32.14536690711975
-0.58,-0.268,2.044,32.446934938430786
-1.176,1.16,2.044,32.74855089187622
-2.048,2.044,2.044,33.04998588562012
-0.792,-0.06,2.044,33.35134196281433
-0.508,0.72,2.044,33.652911901474
-1.776,2.044,2.044,33.954590797424316
-0.628,0.12,2.044,34.25602984428406
-0.18,-0.164,2.044,34.55740284919739
-1.784,2.044,2.044,34.85875391960144
-1.428,1.268,2.044,35.160329818725586
-0.516,-0.248,2.044,35.461763858795166
-0.508,0.152,2.044,35.76326894760132
-1.544,2.044,2.044,36.06478190422058
-1.08,0.968,2.044,36.366294860839844
-0.52,-0.268,2.044,36.66803979873657
-0.708,0.348,2.044,36.96959590911865
-1.736,2.044,2.044,37.27108597755432
-2.048,2.044,2.044,37.572582960128784
-0.528,0.072,2.044,37.87411689758301
-0.18,-0.376,2.044,38.175896883010864
-0.66,0.408,2.044,38.477468967437744
-1.104,1.576,2.044,38.77899384498596
-1.468,2.044,2.044,39.080498933792114
-0.676,0.024,2.044,39.38199996948242
-0.308,-0.336,2.044,39.68374490737915
-1.028,1.312,2.044,39.98530697822571
-1.38,2.044,2.044,40.28681683540344
-0.748,-0.068,2.044,40.58831787109375
-0.324,0.424,2.044,40.88981485366821
-1.448,2.044,2.044,41.19155693054199
-0.712,0.192,2.044,41.493165016174316
-0.372,-0.376,2.044,41.79472780227661
-0.98,1.532,2.044,42.09623885154724
-1.5,1.852,2.044,42.39772891998291
-0.52,-0.016,2.044,42.699469804763794
-0.444,0.56,2.044,43.00102686882019
-1.104,2.044,2.044,43.302533864974976
-0.5,0.08,2.044,43.60412287712097
-0.396,-0.012,2.044,43.90570783615112
-2.048,2.044,2.044,44.20746183395386
-0.732,0.128,2.044,44.5090389251709
-0.488,-0.1,2.044,44.81043887138367
-0.68,1.072,2.044,45.11179184913635
-2.048,2.044,2.044,45.41312885284424
-0.764,-0.124,2.044,45.71484994888306
-0.364,0.116,2.044,46.01629686355591
-1.788,2.044,2.044,46.31764197349548
-0.56,0.036,2.044,46.6191828250885
-0.192,-0.16,2.044,46.92057991027832
-1.784,2.044,2.044,47.22215294837952
-0.44,0.112,2.044,47.52356791496277
-0.1,-0.32,2.044,47.82492184638977
-1.768,2.044,2.044,48.12626099586487
-1.264,0.788,2.044,48.42759394645691
-0.78,-0.172,2.044,48.72917699813843
-0.192,0.016,2.044,49.03059196472168
-1.992,2.044,2.044,49.33211088180542
-1.568,1.048,1.808,49.63354802131653
-0.54,-0.076,2.044,49.934900999069214
-0.396,0.0,2.044,50.236451864242554
-1.704,1.984,2.044,50.53788781166077
-2.048,2.044,2.044,50.8393669128418
-0.632,-0.124,2.044,51.14086079597473
-0.316,-0.072,2.044,51.4423508644104
-1.432,1.956,2.044,51.74409484863281
-2.048,2.044,2.044,52.04565501213074
-0.58,-0.036,2.044,52.34714484214783
-0.14,-0.256,2.044,52.64864993095398
-1.296,1.148,2.044,52.950145959854126
-1.58,2.044,2.044,53.25187802314758
-0.848,0.488,2.044,53.55345582962036
-0.68,-0.052,2.044,53.85498881340027
-0.364,-0.128,2.044,54.156593799591064
-1.432,1.976,2.044,54.45817995071411
-1.852,2.044,2.044,54.759928941726685
-0.632,-0.12,2.044,55.0615758895874
-0.396,-0.204,2.044,55.3633918762207
-1.532,1.908,2.044,55.66498398780823
-2.048,2.044,2.044,55.966540813446045
-0.652,0.008,2.044,56.2682728767395
-0.3,-0.056,2.044,56.56984782218933
-1.736,2.044,2.044,56.8713538646698
-0.748,0.168,2.044,57.17273688316345
-0.504,-0.364,2.044,57.47430086135864
-0.832,0.828,2.044,57.77582502365112
-1.92,2.044,2.044,58.07719397544861
-1.148,1.716,2.044,58.37853288650513
-0.608,-0.116,2.044,58.679895877838135
-0.476,0.548,2.044,58.98145890235901
-2.048,2.044,2.044,59.282917976379395
-0.548,-0.1,2.044,59.58440089225769
-0.292,-0.124,2.044,59.88579487800598
-2.048,2.044,2.044,60.1871337890625
-0.82,0.372,2.044,60.488693952560425
-0.664,-0.22,2.044,60.79026985168457
-0.48,0.904,2.044,61.091784954071045
-2.024,2.044,2.044,61.39327883720398
-0.56,-0.008,2.044,61.69478797912598
-0.052,-0.676,2.044,61.99652981758118
-2.048,2.044,2.044,62.298110008239746
-0.532,0.076,2.044,62.59962582588196
-0.272,-0.372,2.044,62.90113401412964
-1.82,2.044,2.044,63.202629804611206
-1.46,0.864,2.044,63.50436592102051
-0.58,-0.044,2.044,63.806065797805786
-0.42,0.144,2.044,64.10763001441956
-0.512,-0.2,2.044,65.8234658241272
-0.6,0.776,2.044,66.12508201599121
-1.928,2.044,2.044,66.42659282684326
-0.52,-0.016,2.044,66.72834300994873
-0.148,-0.248,2.044,67.02994799613953
-1.084,1.64,2.044,67.3314459323883
-1.876,1.048,2.044,67.6329448223114
-0.584,-0.16,2.044,67.93467688560486
-0.224,0.088,2.044,68.23644995689392
-2.048,2.044,2.044,68.53804302215576
-0.484,0.012,2.044,68.83962893486023
-0.24,-0.196,2.044,69.14110898971558
-1.624,2.044,2.044,69.44286584854126
-1.072,0.632,2.044,69.74451684951782
-0.576,-0.16,2.044,70.04593896865845
-0.48,0.272,2.044,70.34728384017944
-1.32,2.044,2.044,70.64881086349487
-0.804,0.116,2.044,70.95041990280151
-0.476,0.104,2.044,71.25217390060425
-0.748,0.48,2.044,71.55374789237976
-1.544,2.044,2.044,71.8552680015564
-0.832,0.252,2.044,72.15676593780518
-0.332,-0.316,2.044,72.458261013031
-1.08,1.016,2.044,72.76000499725342
-1.332,2.044,2.044,73.06157994270325
-0.564,-0.02,2.044,73.36309099197388
-0.196,-0.496,2.044,73.6646089553833
-2.048,2.044,2.044,73.96611595153809
-0.888,0.304,2.044,74.26785778999329
-0.596,-0.124,2.044,74.56959080696106
-1.064,1.16,2.044,74.87119483947754
-2.048,2.044,2.044,75.17271685600281
-0.732,-0.196,2.044,75.47420883178711
-0.448,-0.092,2.044,75.77594900131226
-2.028,2.044,2.044,76.0775249004364
-0.488,0.34,2.044,76.3790237903595
-0.396,-0.372,2.044,76.68052101135254
-1.356,1.572,2.044,76.98201990127563
-2.048,1.004,2.044,77.28375482559204
-0.676,-0.292,2.044,77.5853419303894
-0.856,0.8,2.044,77.88686394691467
-1.552,1.52,2.044,78.18835783004761
-0.776,-0.26,2.044,78.4898509979248
-0.804,0.66,2.044,78.79161381721497
-1.432,2.044,2.044,79.09318995475769
-0.76,-0.072,2.044,79.39469385147095
-0.244,-0.192,2.044,79.69619584083557
-1.904,2.044,2.044,79.99771881103516
-0.54,0.188,2.044,80.29949378967285
-0.56,-0.388,2.044,80.6010890007019
-1.332,1.7,2.044,80.90249586105347
-1.656,0.892,2.044,81.20384502410889
-0.632,-0.168,2.044,81.5052239894867
-0.396,0.06,2.044,81.80685186386108
-1.812,2.044,2.044,82.10827398300171
-0.54,0.104,2.044,82.40961980819702
-0.084,-0.42,2.044,82.71096801757812
-1.772,2.044,2.044,83.01252484321594
-0.868,0.32,2.044,83.3139419555664
-0.612,-0.312,2.044,83.61529397964478
-1.212,1.664,2.044,83.91663885116577
-1.168,0.692,2.044,84.21798181533813
-0.844,-0.236,2.044,84.51953196525574
-0.552,0.996,2.044,84.82095694541931
-2.048,2.044,2.044,85.12229990959167
-0.58,-0.088,2.044,85.42364883422852
-0.636,0.732,2.044,85.72522187232971
-2.048,2.044,2.044,86.02696800231934
-0.76,-0.184,2.044,86.32855796813965
-0.396,-0.1,2.044,86.63006687164307
-2.004,2.044,2.044,86.9315619468689
-0.568,0.188,2.044,87.23305082321167
-0.088,-0.276,2.044,87.53478288650513
-2.04,1.932,2.044,87.83636379241943
-1.46,1.344,2.044,88.13786292076111
-0.744,-0.252,2.044,88.43935179710388
-0.904,0.416,2.044,88.7408459186554
-1.956,2.044,2.044,89.04257893562317
-0.616,0.02,2.044,89.34415197372437
-0.204,-0.36,2.044,89.64565992355347
-2.048,2.044,2.044,89.94716095924377
-1.212,0.412,2.044,90.24865388870239
-0.612,-0.192,2.044,90.55038380622864
-0.604,0.728,2.044,90.85210180282593
-1.928,2.044,2.044,91.15369892120361
-0.764,-0.04,2.044,91.45521783828735
-0.68,0.756,2.044,91.75672578811646
-2.048,2.044,2.044,92.05845785140991
-0.804,-0.252,2.044,92.36002993583679
-0.504,0.244,2.044,92.6614408493042
-1.676,2.044,2.044,92.96280097961426
-0.576,0.196,2.044,93.26413989067078
-0.064,-0.424,2.044,93.56572389602661
-1.072,1.652,2.044,93.8671510219574
-2.048,2.044,2.044,94.16850686073303
-0.648,-0.176,2.044,94.46984601020813
-0.168,-0.1,2.044,94.7711889743805
-1.34,0.92,2.044,95.07275891304016
-2.048,2.044,2.044,95.37415885925293
-1.672,1.588,2.044,95.67563796043396
-0.768,-0.196,2.044,95.97723889350891
-0.58,0.188,2.044,96.27890181541443
-1.444,1.884,2.044,96.58068084716797
-1.664,1.472,2.044,96.88227200508118
-0.464,-0.052,2.044,97.1837809085846
-0.424,-0.032,2.044,97.4852819442749
-1.904,2.044,2.044,97.78679394721985
-0.548,0.216,2.044,98.08854079246521
0.012,-0.48,2.044,98.39011096954346
-1.076,1.736,2.044,98.69161891937256
-1.368,1.22,2.044,98.99313688278198
-0.664,-0.124,2.044,99.29466700553894
-0.548,0.544,2.044,99.5964298248291
-2.048,2.044,2.044,99.89804697036743
-0.844,0.12,2.044,100.19956588745117
-0.144,-0.32,2.044,100.50106596946716
-1.692,1.252,2.044,100.80264782905579
-2.048,2.044,2.044,101.10441493988037
-0.664,-0.104,2.044,101.40608382225037
-0.92,0.552,2.044,101.70768880844116
-1.468,2.044,2.044,102.00923180580139
-0.632,0.044,2.044,102.31077480316162
0.0,-0.356,2.044,102.61251401901245
-1.892,2.044,2.044,102.91408085823059
-0.72,0.144,2.044,103.21565079689026
-0.192,-0.424,2.044,103.51715588569641
-1.616,1.444,2.044,103.8186559677124
-2.048,1.388,2.044,104.1203989982605
-0.552,-0.12,2.044,104.42196202278137
-0.248,-0.104,2.044,104.72336196899414
-1.608,2.044,2.044,105.02471899986267
-0.844,0.98,2.044,105.32606387138367
-0.628,-0.168,2.044,105.62907981872559
-0.68,0.24,2.044,105.93058395385742
-1.964,2.044,2.044,106.23194885253906
-0.988,0.636,2.044,106.53329396247864
-0.42,-0.096,2.044,106.8346619606018
-1.192,1.548,2.044,107.13625979423523
-1.536,0.816,2.044,107.43765902519226
-0.72,-0.136,2.044,107.73900699615479
-0.556,0.368,2.044,108.0403528213501
-2.048,2.044,2.044,108.34168601036072
-0.652,-0.028,2.044,108.6432249546051
-0.224,-0.392,2.044,108.94466400146484
-1.552,2.044,2.044,109.24601697921753
-1.252,0.392,2.044,109.54736590385437
-0.76,-0.184,2.044,109.84871482849121
-0.752,1.116,2.044,110.1502799987793
-2.048,2.044,2.044,110.45168399810791
-0.684,-0.052,2.044,110.75324392318726
-0.212,-0.072,2.044,111.0547878742218
-1.568,2.044,2.044,111.35628986358643
-1.62,1.096,2.044,111.65802788734436
-1.176,1.096,2.044,111.95958995819092
-0.916,0.792,2.044,112.26110792160034
-1.036,0.872,2.044,112.5626928806305
-1.012,0.956,2.044,112.86422181129456
-0.528,-0.172,2.044,113.16597390174866
-0.812,0.804,2.044,113.46753787994385
-1.516,2.044,2.044,113.76904296875
-0.772,-0.124,2.044,114.07054996490479
-0.348,-0.116,2.044,114.37205290794373
-2.048,2.044,2.044,114.67379093170166
-0.692,0.344,2.044,114.97536087036133
-0.704,-0.156,2.044,115.27712798118591
-0.892,1.216,2.044,115.57873201370239
-1.128,2.044,2.044,115.88024497032166
-0.756,0.116,2.044,116.18197989463806
-0.548,0.248,2.044,116.48343896865845
-0.896,1.86,2.044,116.78480100631714
-0.34,0.184,2.044,117.08615684509277
-0.348,-0.004,2.044,117.38751101493835
-0.76,1.864,2.044,117.68910598754883
-0.892,0.48,2.044,117.99058985710144
-0.432,-0.18,2.044,118.29196286201477
-1.696,2.044,2.044,118.59331583976746
-0.464,0.0,2.044,118.89465689659119
-0.448,-0.464,2.044,119.1962218284607
-1.236,2.044,2.044,119.4976418018341
-0.456,0.248,2.044,119.798987865448
-0.28,-0.4,2.044,120.10032987594604
-0.996,2.044,2.044,120.40166282653809
-0.528,-0.06,2.044,120.7033679485321
-0.42,-0.576,2.044,121.00494289398193
-0.388,2.044,2.044,121.30644679069519
-1.028,0.668,2.044,121.60794496536255
-0.412,-0.496,2.044,121.90944194793701
-0.94,1.668,2.044,122.21117997169495
-1.144,1.084,2.044,122.51276993751526
-0.572,-0.188,2.044,122.81429886817932
-1.136,1.36,2.044,123.115895986557
-1.232,1.512,2.044,123.41740894317627
-0.596,0.024,2.044,123.71914982795715
-0.772,1.092,2.044,124.02074193954468
-0.924,2.044,2.044,124.32224488258362
-0.872,0.076,2.044,124.62374687194824
-0.768,0.512,2.044,124.92524600028992
-0.972,1.648,2.044,125.22697901725769
-0.484,0.216,2.044,125.52855396270752
-0.512,-0.3,2.044,125.83006501197815
-0.828,0.7,2.044,126.13156294822693
-2.048,2.044,2.044,126.43304896354675
-0.596,0.064,2.044,126.73479580879211
-0.476,0.448,2.044,127.03637599945068
-1.7,2.044,2.044,127.33787894248962
-0.324,0.2,2.044,127.6393768787384
-0.424,-0.2,2.044,127.94107389450073
-1.18,2.016,2.044,128.2428879737854
-0.856,0.464,2.044,128.54442691802979
-0.58,0.004,2.044,128.84602284431458
-0.608,0.784,2.044,129.14749097824097
-1.744,2.044,2.044,129.4490888118744
-0.676,0.204,2.044,129.75070691108704
-0.444,0.076,2.044,130.05213594436646
-1.56,2.044,2.044,130.35348391532898
-0.352,0.312,2.044,130.65502381324768
0.0,-0.616,2.044,130.95662784576416
-0.816,1.496,2.044,131.25840282440186
-2.048,2.044,1.784,131.5599880218506
-0.528,0.068,2.044,131.86151099205017
-0.264,0.296,2.044,132.1630208492279
-1.372,2.044,2.044,132.4646098613739
-0.64,0.008,2.044,132.76635098457336
-0.036,-0.384,2.044,133.06793189048767
-1.912,2.044,2.044,133.36943697929382
-0.456,0.096,2.044,133.67104196548462
0.016,-0.492,2.044,133.97259402275085
-2.032,2.044,2.044,134.27439379692078
-0.628,0.096,2.044,134.5760838985443
-0.224,-0.248,2.044,134.8775999546051
-1.32,1.944,2.044,135.17909979820251
-1.116,0.36,2.044,135.48058795928955
-0.824,-0.232,2.044,135.78232979774475
-1.548,1.968,2.044,136.08397483825684
-1.532,0.576,2.044,136.38556599617004
-0.636,-0.06,2.044,136.68710088729858
-0.928,1.348,2.044,136.98860502243042
-0.976,0.728,2.044,137.29034781455994
-0.536,-0.28,2.044,137.59192895889282
-1.424,1.516,2.044,137.89344191551208
-1.288,0.628,2.044,138.19493889808655
-0.632,-0.056,2.044,138.49643993377686
-1.352,1.536,2.044,138.79832887649536
-1.044,0.244,2.044,139.09999990463257
-0.66,-0.092,2.044,139.40154099464417
-1.38,1.056,2.044,139.70304679870605
-1.664,0.8,2.044,140.00463485717773
-0.912,-0.172,2.044,140.3063268661499
-1.124,1.184,2.044,140.60777187347412
-1.608,1.044,2.044,140.9092059135437
-0.644,0.02,2.044,141.2105839252472
-0.588,1.108,2.044,141.5119309425354
-2.048,2.044,2.044,141.81349182128906
-0.788,0.064,2.044,142.11491680145264
-0.652,0.672,2.044,142.41626381874084
-1.184,2.044,2.044,142.7176058292389
-0.724,-0.188,2.044,143.01894783973694
-0.52,0.556,2.044,143.3205108642578
-2.048,2.044,2.044,143.62194299697876
-0.792,-0.088,2.044,143.92329692840576
-0.484,0.396,2.044,144.2246618270874
-2.048,2.044,2.044,144.5260808467865
-0.628,0.008,2.044,144.8276538848877
-0.276,-0.18,2.044,145.1290578842163
-2.048,2.044,2.044,145.4303948879242
-0.444,0.076,2.044,145.73186683654785
-0.248,-0.36,2.044,146.03337383270264
-1.948,2.044,2.044,146.33511185646057
-0.628,0.072,2.044,146.63669681549072
-0.096,-0.312,2.044,146.9382038116455
-2.048,2.044,2.044,147.23970794677734
-0.448,-0.008,2.044,147.5412039756775
-0.264,-0.476,2.044,147.84294986724854
-2.048,2.044,2.044,148.1445779800415
-0.756,0.332,2.044,148.4460699558258
-0.528,-0.084,2.044,148.74757480621338
-2.048,1.98,2.044,149.04907178878784
-1.524,0.752,1.952,149.35080695152283
-0.824,-0.248,2.044,149.65249395370483
-1.032,1.196,2.044,149.95405292510986
-2.048,0.976,2.044,150.25564098358154
-0.8,-0.192,2.044,150.55714082717896
-0.728,0.736,2.044,150.85881996154785
-2.048,2.044,2.044,151.16037392616272
-0.728,-0.172,2.044,151.46187090873718
-0.556,0.056,2.044,151.76337099075317
-1.86,2.044,2.044,152.06487584114075
-0.58,0.0,2.044,152.3664858341217
-0.448,0.148,2.044,152.66791200637817
-2.048,2.044,2.044,152.96927881240845
-0.34,0.188,2.044,153.27079582214355
-0.344,-0.164,2.044,153.5722098350525
-2.048,2.044,2.044,153.87379479408264
-0.296,0.22,2.044,154.17520785331726
-0.372,-0.384,2.044,154.4765498638153
-2.02,2.044,2.044,154.77791595458984
-0.364,0.284,2.044,155.07933497428894
-0.492,-0.22,2.044,155.38090991973877
-1.248,1.804,2.044,155.68247079849243
-0.86,0.748,2.044,155.9839849472046
-0.816,-0.08,2.044,156.28577280044556
-1.136,1.264,2.044,156.58735489845276
-0.94,1.852,2.044,156.88910293579102
-0.34,-0.012,2.044,157.19067192077637
-0.452,0.396,2.044,157.49217295646667
-1.34,2.044,2.044,157.79366993904114
-0.332,0.332,2.044,158.09516787528992
-0.228,-0.304,2.044,158.39691281318665
-0.588,1.988,2.044,158.69849300384521
-0.988,1.26,2.044,159.00000596046448
-0.692,-0.072,2.044,159.3015239238739
-0.424,0.736,2.044,159.60304379463196
-0.276,2.044,2.044,159.9047989845276
-0.636,0.18,2.044,160.20650386810303
-0.716,0.428,2.044,160.5081009864807
-0.472,0.74,2.044,160.80962586402893
-0.48,0.136,2.044,161.1112048625946
-0.636,-0.092,2.044,161.41294980049133
-1.92,2.044,2.044,161.71463584899902
-0.472,0.088,2.044,162.01614594459534
-0.504,-0.26,2.044,162.31764793395996
-1.112,2.044,2.044,162.61919593811035
-0.292,-0.076,2.044,162.92093586921692
-0.576,-0.172,2.044,163.22248792648315
-0.972,1.924,2.044,163.5239908695221
-0.856,0.252,2.044,163.8255648612976
-0.776,0.024,2.044,164.12716484069824
-0.652,0.948,2.044,164.4285910129547
-1.912,2.044,2.044,164.72995591163635
-0.52,0.236,2.044,165.03131699562073
-0.652,0.404,2.044,165.3326599597931
-1.22,2.044,2.044,165.63424396514893
-0.584,0.284,2.044,165.93586087226868
-0.516,0.06,2.044,166.23752689361572
-0.956,2.044,2.044,166.53909397125244
-0.328,0.028,2.044,166.8406069278717
-0.612,-0.28,2.044,167.1423418521881
-1.548,2.044,2.044,167.44391584396362
-0.232,0.016,2.044,167.74542784690857
-0.7,-0.396,2.044,168.04693388938904
-1.004,1.576,2.044,168.34842681884766
-1.032,0.952,2.044,168.65015292167664
-0.532,0.044,2.044,168.95180082321167
-0.696,0.776,2.044,169.2533299922943
-1.804,2.044,2.044,169.55484199523926
-0.664,0.032,2.044,169.85634994506836
-0.336,0.0,2.044,170.15807795524597
-2.048,2.044,2.044,170.45965886116028
-0.732,0.228,2.044,170.76119089126587
-0.476,-0.412,2.044,171.06281185150146
-2.048,1.856,2.044,171.3643298149109
-0.968,0.288,2.044,171.66607189178467
-0.716,-0.184,2.044,171.96765398979187
-1.344,1.364,2.044,172.26915097236633
-1.628,1.352,2.044,172.57065296173096
-0.74,-0.112,2.044,172.87215399742126
-0.704,-0.268,2.044,173.17388796806335
-2.048,2.044,2.044,173.4755618572235
-0.456,0.076,2.044,173.7770698070526
-0.568,-0.164,2.044,174.0785789489746
-1.568,1.368,2.044,174.38009095191956
-2.032,2.044,2.044,174.6818299293518
-0.86,-0.132,2.044,174.98340892791748
-0.572,-0.02,2.044,175.28518199920654
-2.048,2.044,2.044,175.58678793907166
-0.6,0.088,2.044,175.88831901550293
-0.024,-0.212,2.044,176.19003582000732
-1.896,2.044,2.044,176.49153900146484
-0.3,0.196,2.044,176.79293179512024
-0.104,-0.276,2.044,177.09429383277893
-1.708,2.044,2.044,177.39564085006714
-0.468,0.22,2.044,177.69722294807434
-0.388,-0.472,2.044,177.9986469745636
-1.652,2.044,2.044,178.2999918460846
-0.636,0.152,2.044,178.6013298034668
-0.424,-0.152,2.044,178.90267491340637
-1.564,1.58,2.044,179.20423293113708
-1.584,1.44,2.044,179.5056529045105
-0.784,-0.316,2.044,179.8069989681244
-0.836,0.616,2.044,180.10833883285522
-1.264,2.044,2.044,180.4096748828888
-0.624,0.132,2.044,180.71132493019104
0.02,-0.04,2.044,181.01289296150208
-2.048,2.044,2.044,181.31439089775085
-0.668,-0.004,2.044,181.61592197418213
0.024,0.1,2.044,181.9174988269806
-1.576,2.044,2.044,182.21923995018005
-0.704,-0.084,2.044,182.52082681655884
-0.384,-0.352,2.044,182.822340965271
-2.048,2.044,2.044,183.1238307952881
-0.672,-0.036,2.044,183.42532300949097
0.092,-0.496,2.044,183.72706484794617
-2.048,2.044,2.044,184.02865600585938
-0.432,0.288,2.044,184.3301658630371
-0.416,-0.2,2.044,184.63167095184326
-1.392,1.732,2.044,184.93317198753357
-1.568,1.612,2.044,185.23490190505981
-0.676,-0.092,2.044,185.5364899635315
-0.328,0.512,2.044,185.83816289901733
-2.024,2.044,2.044,186.13978791236877
-0.612,0.216,2.044,186.441312789917
-0.088,-0.32,2.044,186.74306201934814
-2.028,2.044,2.044,187.04478883743286
-1.068,0.46,2.044,187.34641289710999
-0.396,-0.244,2.044,187.6479640007019
-0.86,0.864,2.044,187.94969296455383
-1.36,2.044,2.044,188.25135397911072
-0.588,0.052,2.044,188.55280995368958
-0.524,-0.144,2.044,188.85437083244324
-2.048,2.044,2.044,189.15565299987793
-0.456,0.132,2.044,189.45725679397583
-0.5,-0.216,2.044,189.75887489318848
-0.94,0.624,2.044,190.06029891967773
-2.048,2.044,2.044,190.36163902282715
-0.28,0.192,2.044,190.6631669998169
0.08,-0.412,2.044,190.96468782424927
-1.74,1.656,2.044,191.26643681526184
-1.704,1.812,2.044,191.56801295280457
-0.668,-0.088,2.044,191.86954283714294
-0.676,0.204,2.044,192.1710548400879
-2.048,2.044,2.044,192.4725580215454
-0.696,0.136,2.044,192.77432298660278
-0.376,-0.48,2.044,193.0759129524231
-1.056,1.644,2.044,193.37741684913635
-1.788,0.824,2.044,193.6789288520813
-0.812,-0.284,2.044,193.9804368019104
-0.864,0.336,2.044,194.2821798324585
-0.992,2.044,2.044,194.5837697982788
-0.864,-0.192,2.044,194.88528299331665
-0.744,0.08,2.044,195.18678092956543
-1.28,2.044,2.044,195.48827695846558
-0.708,0.048,2.044,195.7900459766388
-0.272,-0.34,2.044,196.09172701835632
-2.032,2.044,2.044,196.39326691627502
-0.548,0.236,2.044,196.69478487968445
-0.204,-0.456,2.044,196.99629998207092
-1.876,2.044,2.044,197.29804396629333
-0.876,0.436,2.044,197.59963297843933
-0.756,-0.144,2.044,197.90118098258972
-1.288,1.604,2.044,198.20280599594116
-2.048,2.044,2.044,198.50433492660522
-0.848,-0.132,2.044,198.80608296394348
-0.576,0.248,2.044,199.10766291618347
-1.688,2.044,2.044,199.40916681289673
-0.628,0.304,2.044,199.71069383621216
-0.544,-0.14,2.044,200.01209497451782
-1.28,0.84,2.044,200.31366896629333
-1.012,2.044,2.044,200.615131855011
-0.532,0.024,2.044,200.91652178764343
-0.144,-0.248,2.044,201.2179398536682
-1.764,1.92,2.044,201.51932883262634
-1.636,0.82,2.044,201.82090592384338
-0.66,-0.12,2.044,202.12231302261353
-0.896,0.476,2.044,202.42364883422852
-1.576,2.044,2.044,202.72499585151672
-0.704,0.036,2.044,203.02634000778198
-0.548,-0.172,2.044,203.32796001434326
-2.048,2.044,1.7,203.62945079803467
-0.736,0.232,2.044,203.93081784248352
-0.384,0.332,2.044,204.2321698665619
-2.048,2.044,2.044,204.5335078239441
-0.484,0.252,2.044,204.8350749015808
-0.372,-0.136,2.044,205.13647890090942
-2.048,2.044,2.044,205.43781280517578
-0.852,0.348,2.044,205.7392828464508
-0.476,-0.576,2.044,206.0407829284668
-1.516,2.044,2.044,206.34252786636353
-1.216,0.724,2.044,206.64411783218384
-0.892,-0.256,2.044,206.94563794136047
-0.924,0.532,2.044,207.2471330165863
-2.048,2.044,2.044,207.54862689971924
-0.38,0.204,2.044,207.8503668308258
0.104,-0.38,2.044,208.151930809021
-2.048,1.808,2.044,208.45342183113098
-1.5,0.628,2.044,208.75493693351746
-0.632,-0.048,2.044,209.05652499198914
-0.26,-0.028,2.044,209.35827589035034
-2.048,1.856,2.044,209.65986680984497
-0.424,0.172,2.044,209.9613778591156
0.008,-0.344,2.044,210.26287293434143
-2.048,2.044,2.044,210.56436896324158
-0.94,0.256,2.044,210.8661208152771
-0.084,-0.216,2.044,211.16769289970398
-1.816,2.044,2.044,211.4691939353943
-0.7,0.236,2.044,211.77070093154907
-0.256,-0.252,2.044,212.07209491729736
-1.944,2.036,2.044,212.3736608028412
-1.132,0.356,2.044,212.67509293556213
-0.548,-0.16,2.044,212.97645688056946
-1.888,1.94,2.044,213.27780079841614
-0.764,0.06,2.044,213.57914900779724
-0.228,-0.32,2.044,213.8807189464569
-2.048,2.044,2.044,214.18214797973633
-0.484,-0.012,2.044,214.48356199264526
-0.872,0.464,2.044,214.7849359512329
-1.636,2.044,2.044,215.08628582954407
-1.068,0.488,2.044,215.38785099983215
-0.304,-0.228,2.044,215.68942594528198
-1.408,1.616,2.044,215.99094700813293
-1.928,1.288,2.044,216.2924828529358
-0.62,-0.02,2.044,216.59400296211243
-0.544,-0.176,2.044,216.89578890800476
-1.676,2.044,2.044,217.19735598564148
-0.456,0.216,2.044,217.49885892868042
-0.504,0.064,2.044,217.8003590106964
-1.884,1.464,2.044,218.1018509864807
-1.304,2.044,2.044,218.4035840034485
-0.668,-0.248,2.044,218.7051808834076
-0.348,0.16,2.044,219.00669193267822
-1.764,2.044,2.044,219.30821681022644
-0.684,-0.032,2.044,219.60978484153748
-0.124,-0.272,2.044,219.91156601905823
-2.048,2.044,2.044,220.21312880516052
-0.452,-0.024,2.044,220.51465797424316
-0.248,-0.188,2.044,220.81623101234436
-1.608,2.044,2.044,221.11775398254395
-0.476,-0.128,2.044,221.4195008277893
-0.744,1.0,2.044,221.72109389305115
-1.556,0.452,2.044,222.02260494232178
-0.536,-0.296,2.044,222.32410097122192
-1.764,1.86,2.044,222.6256139278412
-2.048,1.188,2.044,222.92737579345703
-0.632,-0.124,2.044,223.2289400100708
-1.384,1.564,2.044,223.53045392036438
-0.996,0.148,2.044,223.83185195922852
-0.6,-0.1,2.044,224.13320779800415
-0.96,1.428,2.044,224.43473482131958
-1.68,0.82,2.044,224.73615789413452
-0.556,0.096,2.044,225.0375418663025
-0.328,0.52,2.044,225.33897495269775
-2.048,2.044,2.044,225.6405098438263
-0.608,-0.224,2.044,225.94225883483887
-0.008,-0.46,2.044,226.24390292167664
-2.048,2.044,2.044,226.54552483558655
-1.108,0.088,2.044,226.8470377922058
-0.384,-0.088,2.044,227.14853596687317
-1.296,2.044,2.044,227.45025897026062
-1.196,0.336,2.044,227.7518608570099
-0.524,-0.124,2.044,228.05337691307068
-1.204,1.012,2.044,228.35487985610962
-2.048,2.044,2.044,228.6563868522644
-0.772,-0.096,2.044,228.9581389427185
-0.332,-0.236,2.044,229.25972080230713
-1.752,2.044,2.044,229.56123685836792
-0.768,0.172,2.044,229.86273980140686
-0.268,-0.568,2.044,230.1642827987671
-1.212,1.544,2.044,230.46605896949768
-1.4,2.044,2.044,230.76772379875183
-0.5,0.048,2.044,231.06924986839294
-0.248,-0.472,2.044,231.37077593803406
-1.476,2.044,2.044,231.67228984832764
-2.048,2.044,2.044,231.97403287887573
-0.864,-0.128,2.044,232.27568101882935
-0.364,0.316,2.044,232.57718586921692
-2.048,2.044,1.036,232.87868690490723
-0.616,-0.052,2.044,233.18019199371338
-0.464,-0.2,2.044,233.48192596435547
-1.06,2.044,2.044,233.7835237979889
-0.5,0.128,2.044,234.08503198623657
0.104,-0.384,2.044,234.38654494285583
-2.048,2.044,2.044,234.6880660057068
-0.672,0.136,2.044,234.989807844162
-0.368,0.088,2.044,235.29162001609802
-1.276,1.2,2.044,235.5932469367981
-1.712,1.972,2.044,235.89469981193542
-0.596,-0.108,2.044,236.19617080688477
0.436,-0.348,2.044,236.4977629184723
-2.048,2.044,2.044,236.79917788505554
-0.452,0.124,2.044,237.1005380153656
-0.624,-0.092,2.044,237.40187883377075
-1.228,1.792,2.044,237.70321893692017
-1.276,0.636,2.044,238.0048007965088
-0.664,-0.248,2.044,238.3061969280243
-1.14,1.852,2.044,238.60754084587097
-2.048,1.392,2.044,238.90888595581055
-0.752,-0.116,2.044,239.21022486686707
-1.288,1.188,2.044,239.51178789138794
-1.448,2.044,2.044,239.81319093704224
-0.672,-0.24,2.044,240.11455297470093
-0.428,0.42,2.044,240.41589093208313
-1.12,2.044,2.044,240.717355966568
-0.616,0.012,2.044,241.01909494400024
-0.924,-0.032,2.044,241.32071781158447
-1.284,2.044,2.044,241.62231993675232
-0.716,0.108,2.044,241.9238419532776
-0.304,-0.172,2.044,242.22533798217773
-2.048,2.044,2.044,242.5270709991455
-0.408,0.104,2.044,242.82864379882812
-0.472,-0.536,2.044,243.13015389442444
-2.048,2.044,2.044,243.43164086341858
-0.364,0.184,2.044,243.7331359386444
-0.236,-0.484,2.044,244.03487491607666
-2.02,1.86,2.044,244.3364589214325
-1.856,1.008,1.904,244.63796591758728
-0.612,-0.192,2.044,244.93946886062622
-1.096,0.844,2.044,245.24120092391968
-1.94,2.044,2.044,245.54281497001648
-0.632,-0.04,2.044,245.84434294700623
-0.332,-0.16,2.044,246.14584279060364
-2.048,2.044,2.044,246.44733381271362
-0.324,0.024,2.044,246.7491009235382
-0.336,-0.236,2.044,247.05074501037598
-2.048,2.044,2.044,247.35227799415588
-0.808,0.016,2.044,247.65375089645386
-0.268,-0.272,2.044,247.95525479316711
-1.5,1.36,2.044,248.25683879852295
-2.048,2.044,2.044,248.55826997756958
-0.68,-0.504,2.044,248.85980200767517
-0.752,-0.172,2.044,249.16125392913818
-2.048,2.044,2.044,249.46285390853882
-0.916,0.124,2.044,249.76445889472961
-0.332,-0.16,2.044,250.06591081619263
-0.92,2.044,2.044,250.36725091934204
-2.048,0.524,1.684,250.66883397102356
-0.732,-0.016,2.044,250.97037887573242
-0.452,1.328,2.044,251.27211785316467
-1.572,2.044,2.044,251.57369995117188
-0.612,-0.076,2.044,251.87521696090698
-0.632,0.148,2.044,252.17673897743225
-0.572,2.044,2.044,252.47831296920776
-0.388,0.124,2.044,252.78006601333618
-0.104,-0.956,2.044,253.08165192604065
-0.828,2.044,2.044,253.38315081596375
-1.336,2.044,2.044,253.68465089797974
-0.584,-0.032,2.044,253.98615384101868
-0.1,-0.492,2.044,254.28789591789246
-2.048,2.044,2.044,254.58948397636414
-2.0,0.892,2.044,254.89099597930908
-0.896,-0.016,2.044,255.19249391555786
-0.404,0.196,2.044,255.4940049648285
-0.936,2.044,2.044,255.7958059310913
-0.508,0.192,2.044,256.0973949432373
-0.26,-0.712,2.044,256.3989667892456
-0.832,1.38,2.044,256.70051288604736
-1.712,2.044,2.044,257.00202083587646
-0.72,-0.048,2.044,257.3037648200989
-0.528,0.076,2.044,257.605388879776
-1.536,2.044,2.044,257.906977891922
-0.672,0.184,2.044,258.2085018157959
-0.416,-0.112,2.044,258.5100169181824
-0.492,1.02,2.044,258.81175780296326
-0.348,2.044,2.044,259.1133439540863
-0.444,0.208,2.044,259.41491198539734
-0.612,-0.12,2.044,259.71632194519043
-0.812,2.044,2.044,260.01767683029175
-2.012,0.296,2.044,260.3192558288574
-0.636,-0.012,2.044,260.620836019516
-0.664,0.708,2.044,260.92230200767517
-2.048,2.044,2.044,261.22376585006714
-0.284,0.0,2.044,261.52515482902527
-0.496,-0.08,2.044,261.82672786712646
-0.54,0.04,2.044,262.128182888031
-1.368,1.756,2.044,262.4295299053192
-0.936,1.156,2.044,262.7308728694916
-0.532,0.58,2.044,263.0322208404541
-0.452,-0.076,2.044,263.33380484580994
-1.044,2.044,2.044,263.63523602485657
-0.564,0.424,2.044,263.93658089637756
-0.724,-0.008,2.044,264.23792791366577
-0.62,0.504,2.044,264.5392699241638
-0.888,2.044,2.044,264.8408319950104
-0.224,0.12,2.044,265.14225602149963
-0.476,-0.484,2.044,265.44359588623047
-0.604,1.364,2.044,265.7450819015503
-0.012,2.044,2.044,266.0465908050537
-0.48,-0.056,2.044,266.34832787513733
-0.26,-0.284,2.044,266.64990997314453
-0.836,1.544,2.044,266.9514138698578
-0.288,2.044,2.044,267.2529239654541
-0.584,-0.004,2.044,267.5544259548187
-0.568,-0.152,2.044,267.8562228679657
-0.996,2.044,2.044,268.1577968597412
-1.316,0.472,2.044,268.4593098163605
-0.716,-0.084,2.044,268.76092290878296
-0.392,0.168,2.044,269.06244683265686
-0.148,2.044,2.044,269.36418890953064
-0.36,0.292,2.044,269.66577792167664
-0.928,-0.224,2.044,269.9672830104828
-0.588,1.324,2.044,270.2687838077545
-2.048,2.044,2.044,270.5702829360962
-0.604,-0.276,2.044,270.8720428943634
-0.572,-0.2,2.044,271.1736328601837
-0.776,1.592,2.044,271.4750289916992
-2.048,1.88,2.044,271.77638387680054
-0.48,-0.06,2.044,272.07773089408875
-1.06,0.824,2.044,272.37929797172546
-0.42,2.044,2.044,272.6807448863983
-0.316,0.324,2.044,272.98210096359253
-0.328,-0.588,2.044,273.28345489501953
-0.652,1.816,2.044,273.5848038196564
0.212,2.044,2.044,273.88639879226685
-0.676,0.072,2.044,274.1878819465637
-0.356,-0.296,2.044,274.4892599582672
-0.604,2.044,2.044,274.79059982299805
-0.352,0.7,2.044,275.0919380187988
-0.592,0.108,2.044,275.39349579811096
-0.336,-0.356,2.044,275.6950628757477
-0.48,2.044,2.044,275.9965808391571
-2.048,1.272,2.044,276.29812693595886
-0.484,-0.024,2.044,276.59967494010925
-0.396,0.136,2.044,276.90142488479614
-1.388,2.044,2.044,277.20300579071045
-0.952,0.38,2.044,277.5046138763428
-0.508,-0.248,2.044,277.8061189651489
-0.6,1.476,2.044,278.107617855072
-0.924,2.044,2.044,278.4093518257141
-0.664,-0.048,2.044,278.7109467983246
-0.552,-0.212,2.044,279.0124487876892
-0.764,2.044,2.044,279.3140058517456
-0.872,0.556,2.044,279.615669965744
-0.976,-0.108,2.044,279.91744589805603
-0.74,0.14,2.044,280.21902799606323
-0.488,2.044,2.044,280.5205388069153
-1.652,0.856,2.044,280.82203578948975
-0.8,-0.088,2.044,281.1235349178314
-0.508,0.576,2.044,281.42529296875
-0.78,2.044,2.044,281.72690296173096
-0.48,0.3,2.044,282.0284059047699
-0.6,-0.164,2.044,282.3299078941345
-0.664,1.912,2.044,282.63140892982483
1.044,2.044,2.044,282.93313789367676
-0.524,0.1,2.044,283.2347538471222
-0.556,-0.396,2.044,283.53629899024963
-1.228,2.044,2.044,283.837739944458
-0.34,0.196,2.044,284.13915395736694
-0.468,-0.296,2.044,284.44072699546814
-0.604,1.296,2.044,284.74220395088196
0.452,2.044,2.044,285.04365396499634
-0.824,-0.052,2.044,285.34503388404846
-0.708,0.124,2.044,285.64653396606445
-0.264,2.044,2.044,285.9482798576355
-0.552,0.136,2.044,286.24986696243286
-0.552,-0.084,2.044,286.55156779289246
-0.62,0.984,2.044,286.853138923645
-1.696,2.044,2.044,287.1546459197998
-0.464,0.044,2.044,287.45639085769653
-0.236,-0.36,2.044,287.7579870223999
-0.568,1.432,2.044,288.0595109462738
-1.072,2.044,2.044,288.3610038757324
-0.512,0.148,2.044,288.66249799728394
-0.176,-0.42,2.044,288.9642388820648
-0.264,0.364,2.044,289.2658269405365
-0.544,2.044,2.044,289.56734681129456
-0.592,0.616,2.044,289.8688449859619
-0.792,-0.108,2.044,290.17037200927734
-0.54,-0.348,2.044,290.4721429347992
-0.5,2.044,2.044,290.77378392219543
                                                                                                                                                                                                                                                                                                                                                                                                  0.0,0.0,0.0,0.006753206253051758
-0.22,0.176,2.044,0.31311798095703125
-1.932,2.044,-0.52,0.614886999130249
-0.52,-0.244,2.044,0.9167141914367676
-0.36,0.124,2.044,1.2183690071105957
-2.048,2.044,-0.292,1.519927978515625
-1.156,-0.332,2.044,1.8215441703796387
-0.508,1.284,2.044,2.12325119972229
-0.3,0.108,2.044,2.424868106842041
-0.708,-0.016,2.044,2.726539134979248
-0.492,1.244,2.0,3.0282092094421387
-0.2,0.08,2.044,3.3432540893554688
-0.932,-0.424,2.044,3.6448421478271484
-0.852,1.228,1.108,3.9464972019195557
-0.284,-0.204,2.044,4.251291036605835
-1.12,-0.508,2.044,4.555616140365601
0.312,1.76,1.968,4.857380151748657
-0.12,-0.216,2.044,5.1591691970825195
-0.956,-0.04,2.044,5.461006164550781
2.044,0.988,0.34,5.762712001800537
-0.496,-0.164,2.044,6.064444065093994
-0.76,-0.308,2.044,6.366182088851929
2.044,0.464,-0.028,6.667833089828491
-0.424,-0.24,2.044,6.969479084014893
-0.624,-0.236,2.044,7.270892143249512
0.824,1.956,2.044,7.572230100631714
-0.264,-0.088,2.044,7.873840093612671
-0.212,-0.26,2.044,8.175243139266968
0.076,1.748,1.576,8.476579189300537
-0.352,-0.144,2.044,8.778057098388672
-1.012,0.032,2.044,9.079452991485596
2.044,0.792,1.612,9.381047010421753
-0.324,-0.164,2.044,9.682562112808228
-0.484,-0.076,2.044,9.984130144119263
2.044,-0.876,0.992,10.285557985305786
-0.568,-0.14,2.044,10.586913108825684
-0.296,0.052,2.044,10.888678073883057
1.596,1.276,-1.984,11.190309047698975
-0.004,-0.192,2.044,11.492125988006592
-0.572,0.16,2.044,11.793964147567749
2.044,1.316,-0.148,12.095580101013184
-0.516,-0.084,2.044,12.397348165512085
-0.312,0.256,2.044,12.698978185653687
2.044,-1.38,-1.144,13.000555992126465
-0.544,-0.092,2.044,13.302073001861572
-0.492,-0.056,2.044,13.603573083877563
1.424,1.0,1.188,13.90531301498413
-0.428,0.032,2.044,14.206923007965088
-0.656,0.188,2.044,14.508445978164673
-0.612,0.42,2.044,14.809953212738037
-0.584,0.628,2.044,15.11145806312561
-0.828,1.756,0.612,20.821341037750244
-0.744,-0.256,2.044,21.122989177703857
-0.32,0.268,2.044,21.424787044525146
-0.808,2.044,-0.476,21.726463079452515
-0.584,-0.048,2.044,22.02802610397339
-0.776,0.076,2.044,22.329527139663696
0.552,1.952,-0.088,22.631026029586792
-0.376,-0.328,2.044,22.9328830242157
-0.476,0.772,2.044,23.23445415496826
-0.14,0.428,2.044,23.535946130752563
-0.712,-0.3,2.044,23.83746910095215
-0.092,0.952,1.98,24.138967990875244
-0.116,0.24,2.044,24.44070816040039
-0.804,-0.312,2.044,24.742297172546387
-0.096,0.524,2.044,25.043817043304443
-0.556,0.496,2.044,25.345309019088745
-1.116,-0.52,2.044,25.646812200546265
-0.188,0.652,2.044,25.948557138442993
-0.868,1.66,1.828,26.250161170959473
-0.268,0.0,2.044,26.551743030548096
-0.42,-0.024,2.044,26.853318214416504
2.044,2.044,1.204,27.154834032058716
-0.536,0.144,2.044,27.456571102142334
-0.904,0.184,2.044,27.75818109512329
-0.196,0.392,2.044,28.059588193893433
-0.704,-0.24,2.044,28.36093521118164
-1.732,1.476,-0.176,28.662278175354004
-0.156,-0.008,2.044,28.963860034942627
-0.5,-0.064,2.044,29.265274047851562
2.044,1.648,-0.428,29.56662607192993
-0.36,0.22,2.044,29.867995023727417
-0.568,0.144,2.044,30.169342041015625
-1.416,2.044,-0.228,30.47091317176819
-0.52,-0.04,2.044,30.772480010986328
-0.444,0.748,2.044,31.07400608062744
1.444,2.044,1.04,31.375516176223755
-0.844,0.124,2.044,31.67710304260254
-0.372,0.208,2.044,31.978867053985596
-1.108,2.044,0.332,32.28044605255127
-0.756,-0.292,2.044,32.58194899559021
-0.596,0.388,2.044,32.883477210998535
-1.3,1.38,1.468,33.184978008270264
-0.424,-0.224,2.044,33.4867160320282
-0.696,0.516,2.044,33.788305044174194
-0.752,0.88,1.868,34.09004521369934
-1.52,-0.512,2.044,34.39188098907471
-0.724,0.564,2.044,34.69348621368408
-1.132,1.896,1.052,34.995246171951294
-0.228,0.084,2.044,35.29682016372681
-0.344,0.324,2.044,35.598321199417114
-0.368,1.048,2.044,35.89983916282654
-0.72,-0.172,2.044,36.201343059539795
-0.448,0.46,2.044,36.50308799743652
-0.648,1.148,2.044,36.804726123809814
-0.684,0.004,2.044,37.10634207725525
-0.652,0.956,2.044,37.40788507461548
-0.356,0.632,2.044,37.709437131881714
-0.38,-0.132,2.044,38.01118612289429
0.0,1.072,2.044,38.31273698806763
-0.356,-0.184,2.044,38.61422801017761
-0.808,-0.364,2.044,38.91573619842529
-0.82,1.66,1.86,39.217231035232544
-0.24,-0.076,2.044,39.51896810531616
-0.308,-0.18,2.044,39.82049202919006
-0.956,1.372,1.048,40.121862173080444
-0.488,0.024,2.044,40.42319917678833
-0.812,-0.072,2.044,40.72468113899231
-2.048,2.044,-1.18,41.02629613876343
-0.6,0.292,2.044,41.32784914970398
-0.956,0.06,2.044,41.62929010391235
-2.048,2.044,0.164,41.93073916435242
-0.648,0.008,2.044,42.232166051864624
-0.36,0.604,2.044,42.53376507759094
-2.048,1.66,-0.44,42.83521318435669
-0.96,0.208,2.044,43.136566162109375
-0.516,0.66,2.044,43.43789720535278
-0.412,1.164,2.044,43.7392361164093
-0.452,-0.172,2.044,44.04080319404602
-0.408,0.78,2.044,44.34236001968384
0.028,0.112,2.044,44.64377403259277
-0.244,-0.124,2.044,44.94514012336731
0.136,1.108,1.896,45.246482133865356
0.084,0.052,2.044,45.54804015159607
-0.568,-0.076,2.044,45.84962821006775
-0.096,1.696,1.86,46.151135206222534
-0.604,-0.22,2.044,46.45272207260132
-0.54,-0.22,2.044,46.75421619415283
-0.712,1.364,1.444,47.05596899986267
-0.528,-0.256,2.044,47.35753512382507
-0.868,-0.388,2.044,47.65911817550659
-0.056,1.296,1.584,47.960671186447144
-0.66,-0.276,2.044,48.262174129486084
-0.772,-0.164,2.044,48.56392216682434
-1.556,1.084,0.64,48.86552309989929
-0.344,-0.08,2.044,49.16703510284424
-0.748,-0.24,2.044,49.468520164489746
0.96,1.412,2.044,49.77024602890015
-0.188,-0.14,2.044,50.0720419883728
-0.112,0.008,2.044,50.37360119819641
0.312,2.044,-1.78,50.675095081329346
-0.24,0.032,2.044,50.976606130599976
-0.416,0.144,2.044,51.278101205825806
1.084,2.044,-0.76,51.579846143722534
-0.572,-0.16,2.044,51.88139820098877
-0.248,0.116,2.044,52.1828191280365
0.448,2.044,1.684,52.48417901992798
-0.372,-0.18,2.044,52.78555512428284
-0.504,-0.152,2.044,55.13132309913635
-0.888,-0.28,2.044,55.432735204696655
-1.368,2.044,-0.168,55.7342472076416
-0.064,-0.388,2.044,56.035996198654175
-1.268,-0.056,2.044,56.33757209777832
2.044,0.852,1.048,56.63910698890686
-0.284,-0.036,2.044,56.940667152404785
-0.508,-0.104,2.044,57.24218511581421
2.044,1.992,0.892,57.543928146362305
0.196,-0.472,2.044,57.84552812576294
-0.852,0.304,2.044,58.14705014228821
-1.452,1.548,1.216,58.448610067367554
-0.3,-0.14,2.044,58.75014805793762
-0.28,0.848,2.044,59.051894187927246
-0.224,0.792,2.044,59.35346817970276
-0.612,-0.128,2.044,59.6549870967865
-0.424,0.804,2.044,59.956512212753296
-2.012,0.264,1.4,60.2580201625824
-0.68,-0.112,2.044,60.559760093688965
-0.492,1.04,2.044,60.86136317253113
-0.956,0.424,2.044,61.16287708282471
-0.664,-0.364,2.044,61.46437215805054
-0.492,1.0,2.044,61.765878200531006
-0.568,0.108,2.044,62.06762409210205
-0.74,-0.256,2.044,62.3691840171814
-0.708,2.044,1.176,62.67067909240723
0.028,0.144,2.044,62.972187995910645
-0.88,-0.452,2.044,63.2736930847168
-1.628,2.044,0.052,63.57546401023865
-0.5,-0.088,2.044,63.877066135406494
-0.38,-0.1,2.044,64.17846918106079
-0.392,2.044,2.044,64.47980999946594
-0.432,0.004,2.044,64.78117299079895
-0.684,-0.116,2.044,65.08277010917664
2.044,-0.84,2.044,65.3841700553894
-0.64,0.08,2.044,65.68565511703491
-0.616,1.108,2.044,65.98718404769897
-2.048,2.044,-2.048,66.28886413574219
-0.62,-0.064,2.044,66.59066009521484
-0.412,1.192,1.96,66.89227318763733
-1.44,0.644,1.156,67.19398713111877
-0.536,-0.1,2.044,67.49560904502869
-1.128,1.3,1.844,67.79741311073303
-0.328,0.376,2.044,68.09920406341553
-0.424,-0.252,2.044,68.40077614784241
0.012,1.484,1.848,68.7022922039032
-0.144,-0.028,2.044,69.00386905670166
-0.536,-0.02,2.044,69.30546998977661
0.696,1.724,1.34,69.60722303390503
-0.524,-0.368,2.044,69.90883016586304
-0.492,-0.116,2.044,70.21033811569214
-0.556,1.432,1.416,70.51182913780212
-0.236,-0.056,2.044,70.81335115432739
-0.58,-0.324,2.044,71.11509919166565
1.564,0.184,0.988,71.41665410995483
-0.204,-0.28,2.044,71.71817517280579
-0.66,-0.228,2.044,72.0197160243988
-0.772,0.992,0.94,72.32122302055359
-0.48,-0.072,2.044,72.6230092048645
-0.804,-0.492,2.044,72.9246551990509
0.352,1.188,0.968,73.2261791229248
-0.056,-0.144,2.044,73.5276710987091
-0.528,-0.056,2.044,73.82917618751526
-2.048,0.328,-0.328,74.1309130191803
-0.304,-0.14,2.044,74.43250012397766
-0.68,-0.336,2.044,74.73410201072693
0.612,1.084,1.268,75.0356240272522
-0.444,-0.288,2.044,75.33711099624634
-0.244,-0.08,2.044,75.63871812820435
0.016,2.044,0.228,75.94016909599304
-0.432,0.304,2.044,76.24152612686157
-0.864,0.796,2.044,76.54267311096191
-2.048,1.7,-0.064,76.84404802322388
-0.216,-0.064,2.044,77.14570498466492
-0.304,0.16,2.044,77.44711399078369
2.044,-1.208,2.044,77.74847912788391
-0.172,-0.064,2.044,78.04982018470764
-1.088,-0.22,2.044,78.35114908218384
-0.432,1.364,0.436,78.65274810791016
-0.352,-0.464,2.044,78.9542350769043
-1.032,-0.428,2.044,79.255606174469
1.468,0.928,2.044,79.55700016021729
-0.452,-0.064,2.044,79.85837411880493
-0.352,-0.092,2.044,80.15996098518372
0.396,1.06,1.56,80.46135401725769
-0.44,0.044,2.044,80.76285910606384
-0.288,0.192,2.044,81.06437015533447
1.528,0.92,-0.036,81.36586403846741
-0.352,-0.036,2.044,81.66760611534119
-0.576,0.444,2.044,81.96920013427734
0.076,2.044,-1.516,82.27069997787476
0.168,-0.348,2.044,82.57219314575195
-0.9,0.312,2.044,82.87371015548706
0.752,0.6,2.036,83.17545318603516
-0.732,0.04,2.044,83.4770200252533
-0.724,-0.004,2.044,83.77853012084961
0.372,2.044,0.072,84.08002400398254
-0.536,0.0,2.044,84.3815050125122
-0.528,-0.008,2.044,84.68324208259583
2.044,1.324,1.148,84.98482918739319
-0.34,-0.104,2.044,85.2863540649414
-1.0,0.056,2.044,85.58790898323059
0.204,2.044,0.036,85.88944411277771
-0.352,-0.224,2.044,86.1911871433258
-0.456,0.112,2.044,86.49274802207947
2.044,1.552,0.532,86.79426503181458
-0.436,0.068,2.044,87.09577012062073
-0.496,0.488,2.044,87.3973159790039
-2.048,2.044,-0.172,87.69891905784607
-0.608,0.136,2.044,88.00033807754517
-0.716,0.332,2.044,88.30168199539185
-0.94,1.344,2.044,88.60302710533142
-0.304,-0.156,2.044,88.90438318252563
-0.288,-0.004,2.044,89.20594120025635
2.044,0.868,2.044,89.50733709335327
-0.344,-0.136,2.044,89.8087100982666
-0.412,-0.068,2.044,90.11005520820618
0.708,1.204,2.044,90.41138815879822
-0.388,-0.16,2.044,90.71313405036926
-0.592,0.016,2.044,91.01479005813599
2.044,1.024,1.656,91.3163230419159
-0.252,0.036,2.044,91.61782312393188
-0.472,0.2,2.044,91.91955804824829
2.044,-0.004,2.044,92.22121810913086
-0.696,0.04,2.044,92.52276420593262
-0.652,0.24,2.044,92.8242871761322
-1.9,1.224,0.204,93.1257951259613
-0.428,-0.076,2.044,93.42751812934875
-0.784,0.42,2.044,93.7291510105133
-2.048,2.044,-0.46,94.03067111968994
-0.82,-0.008,2.044,94.3321681022644
-0.524,0.468,2.044,94.63367104530334
-1.292,0.484,1.976,94.93541312217712
-0.616,-0.364,2.044,95.23698616027832
-0.176,1.272,2.044,95.53848004341125
-0.536,0.532,2.044,95.83999109268188
-0.828,-0.252,2.044,96.14150500297546
0.396,1.224,1.204,96.4433422088623
-0.144,-0.372,2.044,96.74495315551758
-0.78,-0.324,2.044,97.04652309417725
-0.676,0.624,1.352,97.34803414344788
-0.672,0.188,2.044,97.64953303337097
-0.84,0.156,2.044,97.95126914978027
0.144,2.044,1.928,98.25284218788147
-0.392,0.012,2.044,98.55435919761658
-0.7,-0.184,2.044,98.85588502883911
0.304,2.044,1.116,99.15745806694031
-0.584,-0.42,2.044,99.45924210548401
-0.384,0.004,2.044,99.76076102256775
-0.56,1.048,0.692,100.06221413612366
-0.752,-0.156,2.044,100.363685131073
-0.832,-0.26,2.044,100.66531014442444
1.168,2.044,1.76,100.96695518493652
-0.164,-0.356,2.044,101.26836705207825
-0.584,-0.34,2.044,101.56972813606262
-0.968,1.56,1.408,101.87116003036499
-0.336,-0.504,2.044,102.17258715629578
-0.716,-0.224,2.044,102.47415518760681
0.24,2.044,1.524,102.77559518814087
-0.492,0.0,2.044,103.0769431591034
-0.308,0.04,2.044,103.37827706336975
1.336,1.24,0.648,103.6797890663147
-0.432,-0.036,2.044,103.98138403892517
-0.432,-0.192,2.044,104.2827889919281
0.048,2.044,0.884,104.58412313461304
-0.196,-0.184,2.044,104.88547420501709
-0.46,-0.04,2.044,105.18684411048889
0.108,1.836,1.692,105.48839902877808
-0.232,-0.064,2.044,105.78997898101807
-0.604,-0.356,2.044,106.09149098396301
0.452,2.044,1.588,106.392982006073
-0.184,0.016,2.044,106.69447612762451
-0.532,-0.008,2.044,106.99624013900757
-0.228,0.536,1.252,107.29787707328796
-0.804,0.176,2.044,107.59939813613892
-0.288,0.192,2.044,107.9009120464325
2.044,-2.048,2.044,108.20240211486816
-0.468,-0.084,2.044,108.50414299964905
-0.536,0.796,2.044,108.80576705932617
1.132,-0.584,2.044,109.10727310180664
-0.644,-0.072,2.044,109.40876698493958
-1.588,0.892,2.044,109.71028304100037
-0.756,2.044,-0.088,110.01204705238342
-0.408,-0.084,2.044,110.31362819671631
-0.796,0.316,2.044,110.61513018608093
2.016,0.024,2.044,110.91662907600403
-0.592,0.036,2.044,111.2181282043457
-0.708,0.076,2.044,111.51973009109497
2.044,0.344,2.044,111.82117509841919
-0.58,0.2,2.044,112.12263417243958
-0.888,1.144,2.044,112.42405700683594
-1.136,0.528,1.548,112.72557210922241
-0.888,-0.332,2.044,113.02722215652466
-0.064,1.164,2.044,113.32863020896912
-2.048,0.92,0.944,113.62997508049011
-0.648,0.024,2.044,113.93133020401001
0.344,1.624,1.868,114.23266816139221
-0.536,-0.128,2.044,114.53422808647156
-0.636,-0.26,2.044,114.83565998077393
-0.616,2.044,1.48,115.13700604438782
-0.176,-0.28,2.044,115.43833708763123
-0.768,-0.44,2.044,115.73981499671936
-0.264,2.044,0.964,116.04155111312866
-0.484,-0.092,2.044,116.34318709373474
-0.504,-0.328,2.044,116.64469313621521
0.196,1.632,1.008,116.94620108604431
-0.268,-0.188,2.044,117.24769806861877
-0.268,-0.02,2.044,117.5494430065155
0.18,2.044,1.732,117.85108017921448
-0.628,-0.064,2.044,118.15274810791016
-0.604,0.116,2.044,118.45427012443542
0.032,1.988,1.808,118.7557761669159
-0.748,0.008,2.044,119.05752611160278
-0.212,-0.024,2.044,119.35909700393677
1.076,1.444,1.7,119.66061902046204
-0.36,-0.156,2.044,119.96213507652283
-0.332,-0.388,2.044,120.26363801956177
2.044,-0.172,2.044,120.56537318229675
-0.372,0.016,2.044,120.86697721481323
-0.936,0.692,2.044,121.16847705841064
-2.048,2.044,-0.808,121.469966173172
-0.568,-0.16,2.044,121.7714672088623
0.028,0.844,2.044,122.07321619987488
-1.024,1.076,1.596,122.37478613853455
-0.652,-0.172,2.044,122.67628598213196
-0.804,0.864,2.02,122.97780418395996
-0.2,-0.228,2.044,123.2793321609497
-0.844,-0.336,2.044,123.58096098899841
0.756,1.428,2.004,123.88240909576416
-0.3,-0.232,2.044,124.18378615379333
-0.312,-0.164,2.044,124.48513197898865
-0.888,2.044,-0.004,124.78649115562439
-0.404,-0.088,2.044,125.08806800842285
-0.012,0.168,2.044,125.3894670009613
1.596,0.712,2.044,125.69093418121338
-0.776,0.188,2.044,125.99244713783264
-0.684,0.34,2.044,126.2941381931305
2.044,-0.812,2.044,126.59592604637146
-0.432,-0.1,2.044,126.89754104614258
-1.048,0.368,2.044,127.1992859840393
2.044,2.044,0.852,127.50089597702026
-0.632,-0.004,2.044,127.80277419090271
-1.244,0.692,2.044,128.10457706451416
-1.392,1.844,-0.056,128.406152009964
-0.88,-0.18,2.044,128.70775604248047
-0.228,1.116,2.044,129.00934505462646
-0.468,0.16,2.044,129.31086111068726
-0.868,-0.356,2.044,129.61269116401672
0.536,1.048,2.044,129.91429114341736
-0.14,-0.052,2.044,130.21579909324646
-0.952,-0.336,2.044,130.51729202270508
-2.048,2.044,-0.884,130.81880021095276
-0.524,0.012,2.044,131.12053799629211
-0.008,-0.092,2.044,131.42209911346436
-0.268,1.34,1.28,131.7236180305481
-0.472,0.084,2.044,132.0251190662384
-0.384,0.032,2.044,132.32666611671448
2.044,2.044,0.392,132.62843012809753
-0.552,-0.028,2.044,132.9300332069397
-1.076,0.532,1.86,133.23154520988464
-1.072,1.628,0.528,133.5331552028656
-0.58,-0.488,2.044,133.83468008041382
0.74,0.776,2.044,134.13644218444824
-2.048,2.044,-0.66,134.43801403045654
-0.344,-0.052,2.044,134.7395441532135
-0.38,1.056,1.932,135.04111099243164
-0.416,0.216,2.044,135.34255814552307
-0.836,-0.012,2.044,135.64413619041443
0.552,1.148,1.724,135.9456911087036
-0.396,-0.308,2.044,136.24750518798828
-0.644,-0.332,2.044,136.54884910583496
0.608,1.648,1.408,136.85020518302917
-0.376,0.04,2.044,137.15180897712708
-0.392,-0.372,2.044,137.45320415496826
-0.932,1.66,1.588,137.75455617904663
-0.572,0.2,2.044,138.05589199066162
-0.104,-0.056,2.044,138.35722398757935
1.652,0.08,2.044,138.6587769985199
-0.776,0.088,2.044,138.9602541923523
-0.7,0.284,2.044,139.26165914535522
2.044,2.044,0.616,139.56305313110352
-0.524,0.024,2.044,139.86444306373596
-0.904,0.128,2.044,140.166011095047
2.044,2.044,0.592,140.46741008758545
-0.672,0.12,2.044,140.7688980102539
-0.52,0.268,2.044,141.07040214538574
2.044,0.804,2.044,141.37188911437988
-0.72,0.288,2.044,141.67362809181213
-0.86,0.1,2.044,141.97520399093628
2.044,0.136,2.044,142.2767059803009
-0.536,0.264,2.044,142.57819509506226
-0.492,0.512,2.044,142.87969708442688
2.044,-0.34,2.044,143.18143010139465
-0.856,0.3,2.044,143.48299717903137
-0.796,0.38,2.044,143.7845060825348
-2.048,2.044,-1.98,144.08600616455078
-0.712,0.024,2.044,144.38749313354492
-1.072,0.268,2.044,144.68925404548645
2.044,1.38,2.044,144.99086499214172
-0.432,-0.352,2.044,145.29237604141235
-1.06,0.612,2.044,145.59387612342834
-2.048,2.044,-2.048,145.8953812122345
-0.772,-0.172,2.044,146.1971230506897
0.18,2.044,1.832,146.49867415428162
                                                                                                                                                                                                                                                                                                                                                                                                                                                                                                                                                                                                                                                                                                                                                                                                                                                                                                                                                                                                                                                                                                                                                                                                                                                                                                                                                                                                                                                                                                                                                                                                                                                                                                                                                                                                                                                                                                                                                                                                                                                                                                                                                                                                                                                                                                                                                                                                                                                                                                                                                                                                                                                                                                                                                                                                                                                                                                                                                                       0.0,0.0,0.0,0.0065882205963134766
-0.28,-0.26,2.044,0.31363415718078613
-0.704,-0.5,2.044,0.6153671741485596
-0.764,-0.096,1.864,0.9170501232147217
0.204,0.22,1.732,1.218689203262329
-1.06,-0.164,2.044,1.5204570293426514
-0.848,0.288,2.044,1.8221631050109863
-2.048,-0.292,2.044,2.123789072036743
-0.168,-0.792,2.044,2.4253990650177
-0.612,-0.24,2.044,2.7269999980926514
-1.928,-0.896,1.48,3.0286030769348145
0.22,-0.468,2.044,3.3302111625671387
-0.752,0.128,2.044,3.6318111419677734
-2.048,-0.276,0.836,3.9333910942077637
0.072,-0.664,2.044,4.235029220581055
-0.552,-0.44,2.044,4.536633014678955
-2.048,-1.608,-0.496,4.838677167892456
-0.636,-0.272,2.044,5.141236066818237
0.02,0.804,2.044,5.44293999671936
-1.928,-0.316,1.1,5.744570016860962
-1.148,-0.252,2.044,6.0462141036987305
-0.348,0.004,2.044,6.348037004470825
-1.128,0.18,0.96,6.649739027023315
0.232,0.02,2.044,6.951378107070923
-0.484,-0.504,2.044,7.2530200481414795
-0.776,0.292,2.044,7.554490089416504
-1.248,0.532,1.232,7.85586404800415
-0.588,-0.352,2.044,8.157438039779663
-0.144,0.028,2.044,8.458881139755249
-1.792,-0.956,-0.548,8.760253190994263
-0.708,-0.7,2.044,9.061719179153442
-0.46,0.184,2.044,9.363229990005493
-1.424,-2.048,-0.42,9.664880990982056
-0.764,-0.328,2.044,9.966397047042847
0.168,-0.324,2.044,10.267974138259888
-2.048,-1.728,2.044,10.569646120071411
-0.752,-0.964,1.964,10.871232032775879
-0.22,-0.212,2.044,11.17285418510437
-1.256,-1.468,2.044,11.474431037902832
-0.86,-0.632,1.848,11.775976181030273
-0.464,-0.124,2.044,12.077742099761963
-1.268,-1.048,2.044,12.37934398651123
-0.596,-1.02,0.856,12.68107008934021
-0.82,-0.148,2.044,12.98270320892334
2.044,0.04,2.044,13.284255027770996
-1.404,-0.488,0.44,13.585791110992432
-0.616,-0.076,2.044,13.88729214668274
1.824,-0.836,2.044,14.189025163650513
-1.08,-0.616,0.908,14.490609169006348
-0.068,0.148,2.044,14.792136192321777
-0.644,-0.772,2.044,15.09371304512024
-1.812,-2.048,1.716,15.395240068435669
0.532,-0.164,2.044,15.696978092193604
-0.264,-0.504,2.044,15.998537063598633
-2.048,-2.048,1.036,16.300068140029907
0.156,-0.04,2.044,16.60164999961853
1.152,0.484,2.044,16.903182983398438
-2.048,-1.548,-0.3,17.204928159713745
-0.176,-0.376,2.044,17.50650906562805
-0.78,-0.644,2.044,17.80821418762207
-2.048,-0.912,-1.396,18.109796047210693
0.02,-0.24,2.044,18.411367177963257
-1.024,-0.88,2.044,18.713133096694946
-2.048,-0.572,-0.16,19.01469111442566
0.2,0.032,2.044,19.316198110580444
-1.452,-0.348,2.044,19.617810010910034
-2.048,-1.548,0.6,19.91955804824829
-0.364,-0.536,2.044,20.221370220184326
-0.68,0.048,2.044,21.469547033309937
2.044,1.652,2.044,21.771213054656982
-2.048,-0.788,-1.54,22.072707176208496
-0.308,-0.016,2.044,22.37413716316223
-0.58,-0.752,2.044,22.675515174865723
-2.048,-2.048,-0.596,22.97710609436035
0.408,-0.064,2.044,23.27851414680481
-1.356,-0.016,2.032,23.57987117767334
-0.304,-2.048,2.044,23.88121509552002
-0.672,-0.824,0.828,24.18255114555359
-0.452,0.216,2.044,24.48411798477173
-0.12,-1.212,1.872,24.785518169403076
-2.048,-2.048,0.056,25.086854219436646
0.444,0.052,2.044,25.38818907737732
-1.092,-0.18,2.044,25.689556121826172
-2.048,-1.252,1.836,25.991177082061768
-0.752,-0.58,1.676,26.292586088180542
-0.428,0.056,2.044,26.594191074371338
-1.612,-2.048,2.044,26.895706176757812
-0.204,-0.224,1.984,27.197208166122437
0.684,-0.084,2.044,27.498963117599487
-2.048,-0.552,2.044,27.800531148910522
-0.848,-0.724,0.428,28.102042198181152
-0.036,0.292,2.044,28.403545141220093
-0.744,-1.556,2.044,28.705058097839355
-2.048,-2.048,-2.048,29.00680112838745
-0.584,1.08,2.044,29.308375120162964
0.204,-0.936,2.044,29.609905004501343
-1.804,-1.224,1.54,29.911413192749023
-0.38,0.612,2.044,30.212913990020752
0.032,-0.244,2.044,30.51466202735901
-2.048,-1.956,1.596,30.816224098205566
-0.444,-0.572,1.928,31.117738008499146
0.356,0.072,1.296,31.419304132461548
-0.756,-2.048,-1.072,31.720854997634888
1.304,0.18,2.044,32.02259707450867
-1.128,0.344,1.248,32.32417011260986
0.792,-2.048,0.96,32.625686168670654
0.776,-0.208,2.044,32.927258014678955
-0.98,-0.272,1.804,33.22865414619446
-0.408,-2.048,0.984,33.53025412559509
-0.172,0.128,2.044,33.8317711353302
-0.88,0.088,2.024,34.13339805603027
-0.548,-2.048,1.536,34.43483304977417
0.116,0.484,2.044,34.73622417449951
-0.564,-0.116,1.592,35.03779220581055
-2.048,-2.048,1.612,35.33920216560364
-0.66,0.276,2.044,35.64055919647217
0.084,-0.272,2.044,35.941901206970215
-2.048,-1.14,1.908,36.243242025375366
-0.524,-0.26,2.044,36.54498219490051
-1.012,0.188,2.044,36.84662318229675
-1.036,-2.048,2.044,37.148152112960815
-0.5,-0.916,0.492,37.4496591091156
-0.456,0.34,2.044,37.751246213912964
-0.916,-1.188,2.044,38.052993059158325
-1.468,-2.048,0.024,38.35456919670105
-0.284,0.14,2.044,38.656089067459106
-0.828,-0.668,2.044,38.957590103149414
-2.048,-0.848,0.444,39.259085178375244
0.056,-0.116,2.044,39.560832023620605
-0.868,0.232,2.044,39.8624050617218
-1.636,-1.592,2.044,40.16390109062195
-1.192,-0.504,0.956,40.465409994125366
-0.328,-0.004,2.044,40.766913175582886
-0.924,-0.604,2.044,41.06865119934082
-2.048,-1.128,-1.084,41.37022304534912
-0.524,-0.172,2.044,41.671754121780396
-0.648,-0.308,2.044,41.97328519821167
-2.048,-1.844,1.544,42.27485013008118
-0.424,-0.164,2.044,42.57660913467407
-1.292,0.096,2.044,42.8781840801239
-2.048,-1.408,1.424,43.179681062698364
-0.468,-0.012,2.044,43.48123502731323
-0.768,0.268,2.044,43.782737016677856
-1.004,-1.5,2.044,44.08447217941284
-1.32,-0.948,0.62,44.38602900505066
0.288,-0.028,2.044,44.68754315376282
-0.008,-0.636,2.044,44.98892402648926
-1.992,-0.552,-0.652,45.29027318954468
0.164,0.296,2.044,45.59185004234314
-1.12,-0.724,2.044,45.893259048461914
-2.048,-1.332,-1.768,46.19459819793701
-0.512,0.552,2.044,46.49630117416382
-1.292,-0.276,2.044,46.79775619506836
-2.048,-1.408,0.484,47.099323987960815
-0.688,-1.352,1.496,47.40076208114624
-0.748,0.224,2.044,47.702203035354614
-1.476,-1.764,2.044,48.0036301612854
-0.992,-1.076,0.672,48.30500912666321
0.168,-0.044,2.044,48.60663819313049
-0.9,-1.08,2.044,48.908037185668945
-1.884,-0.5,-0.984,49.20937418937683
0.104,0.176,2.044,49.51089310646057
-0.624,-0.472,2.044,49.812283992767334
-1.204,-0.872,1.324,50.113853216171265
0.18,-0.18,2.044,50.41526007652283
-0.648,-1.144,2.044,50.716618061065674
-1.92,-2.048,-1.044,51.017959117889404
0.616,0.028,2.044,51.31929421424866
-1.092,-0.664,2.044,51.62102007865906
-2.048,-0.696,-0.728,51.92258810997009
0.044,0.084,2.044,52.224088191986084
-0.8,-0.408,2.044,52.52560615539551
-2.048,-0.4,-1.532,52.827134132385254
-0.008,0.088,2.044,55.706916093826294
-1.092,0.632,2.044,56.00871515274048
-0.564,-2.048,2.044,56.31029009819031
0.336,-0.504,1.576,56.611812114715576
-0.132,0.488,2.044,56.91320300102234
-0.416,-1.648,2.044,57.21455502510071
-1.524,-0.66,-1.148,57.51613211631775
0.04,0.204,2.044,57.817538022994995
-1.568,-0.372,2.044,58.1188850402832
-2.048,-0.768,-2.048,58.420308113098145
0.488,-0.116,2.044,58.721715211868286
-1.052,0.284,2.044,59.02329707145691
-2.048,-2.048,2.044,59.32472109794617
0.156,-2.048,1.6,59.626084089279175
-0.288,0.484,2.044,59.92742705345154
1.868,-0.204,2.044,60.22875905036926
-2.048,0.0,-1.604,60.530330181121826
0.904,-0.78,2.044,60.83174419403076
-1.048,0.552,1.56,61.133082151412964
-1.62,-2.048,2.044,61.434553146362305
-0.196,-0.556,1.928,61.73617219924927
0.304,0.424,2.044,62.037912130355835
-1.028,-0.712,2.044,62.339484214782715
-2.048,-0.884,-1.28,62.64100217819214
-0.192,-0.364,1.596,62.94252109527588
-0.624,0.632,1.744,63.244017124176025
0.292,-2.048,2.044,63.54580211639404
-2.048,-0.24,-2.048,63.847512006759644
0.108,0.288,2.044,64.14906120300293
-1.468,-0.688,1.984,64.45058917999268
-2.048,-2.048,-0.288,64.75209903717041
-0.256,-0.392,1.18,65.05384016036987
-1.124,0.42,1.984,65.35541200637817
-0.316,-2.048,2.044,65.6569311618805
-0.832,-0.608,0.192,65.95843005180359
-0.324,0.136,2.044,66.26007509231567
-0.74,-0.832,2.044,66.56190919876099
-2.048,-1.108,-0.288,66.86349201202393
-0.476,-0.128,2.044,67.16513299942017
-1.46,0.2,2.044,67.46678400039673
-2.048,-2.048,0.056,67.768630027771
1.068,-1.068,2.044,68.07040619850159
-0.768,0.828,2.044,68.37198209762573
0.124,-1.988,1.828,68.67354202270508
-2.048,-0.088,-2.048,68.97502017021179
-0.26,0.592,2.044,69.2764060497284
-0.928,-0.284,2.044,69.57801604270935
-2.048,-2.048,1.776,69.87942004203796
-0.832,-1.052,1.604,70.18076515197754
0.24,0.436,2.044,70.48211908340454
-0.728,-1.944,2.044,70.7834701538086
-2.048,-2.048,-0.168,71.0850260257721
-0.596,0.28,2.044,71.38657712936401
-1.252,-0.588,2.044,71.68809604644775
-2.048,-2.048,0.548,71.98959302902222
1.232,-2.048,2.044,72.29115104675293
-0.348,0.768,2.044,72.59290218353271
0.548,-1.144,2.044,72.89446806907654
-2.048,-0.424,-2.048,73.19597101211548
-0.144,-0.284,1.552,73.49748420715332
-1.388,0.268,1.78,73.79898118972778
-0.78,-2.048,2.044,74.10074710845947
-0.292,-0.54,1.004,74.40238404273987
0.076,0.548,2.044,74.70393204689026
0.596,-0.932,2.044,75.00542998313904
-2.048,-1.084,-0.156,75.30692219734192
-0.18,-0.976,1.216,75.60861921310425
-0.784,0.748,1.608,75.91023206710815
-0.424,-2.048,2.044,76.2117350101471
-0.728,-2.048,0.264,76.5133490562439
-0.008,0.236,2.044,76.8148500919342
0.72,-0.844,1.724,77.11659407615662
-2.048,-1.08,-0.884,77.41816902160645
0.152,-1.684,1.0,77.71968507766724
-1.544,0.592,2.024,78.02134609222412
0.624,-2.048,2.044,78.32287812232971
-1.648,-0.408,-1.44,78.62462615966797
0.564,0.304,2.044,78.92617702484131
-1.416,-0.32,2.044,79.2276680469513
-2.048,-2.048,1.84,79.5292100906372
-0.504,-0.244,1.676,79.8307831287384
0.952,-0.588,2.044,80.13252902030945
-1.852,-0.228,2.044,80.4340991973877
-2.048,-1.232,1.0,80.73550820350647
0.084,-0.156,2.044,81.0368640422821
-1.192,0.248,2.044,81.33820915222168
-0.008,-2.048,2.044,81.63979005813599
-2.048,-0.112,-2.048,81.94119310379028
0.776,0.152,2.044,82.24254608154297
-1.576,0.464,1.148,82.54390501976013
-0.404,-2.048,2.044,82.84525203704834
-1.88,-0.84,-1.864,83.14683508872986
0.112,0.116,2.044,83.44834303855896
-1.28,-0.44,2.044,83.7496931552887
-1.976,-2.048,2.044,84.05106520652771
-0.368,-0.46,0.932,84.35240507125854
0.02,0.456,2.044,84.65397500991821
-0.788,-0.136,1.54,84.95539712905884
-2.048,-2.048,0.96,85.25679898262024
0.892,-2.048,2.044,85.55818009376526
-1.04,0.656,2.044,85.85952401161194
0.096,-2.048,2.044,86.1611180305481
-2.048,-0.092,-2.048,86.46270203590393
-0.152,-0.608,1.676,86.76421809196472
-1.224,0.512,2.044,87.06571006774902
-1.268,-2.048,2.044,87.36721110343933
-1.192,-0.696,-0.6,87.66895818710327
-0.004,0.488,2.044,87.97052717208862
-1.58,-0.34,1.948,88.27202916145325
-2.048,-2.048,0.312,88.57354021072388
0.448,-2.048,2.044,88.8750422000885
0.388,0.156,2.044,89.17677521705627
-0.768,-1.056,2.024,89.4783980846405
-2.048,-1.996,-1.576,89.7799141407013
-0.216,-0.104,2.044,90.08141207695007
-1.012,-0.6,2.044,90.38293719291687
-2.048,-1.916,-0.432,90.68479800224304
-0.312,-0.048,2.044,90.9863600730896
-0.82,0.108,2.044,91.28785300254822
-1.596,-2.048,2.044,91.58936405181885
0.104,-1.168,1.376,91.89086198806763
0.24,0.632,2.044,92.19259715080261
-0.852,-0.412,1.52,92.49423408508301
-2.048,-2.048,-1.152,92.7956371307373
0.532,-0.536,2.044,93.0970470905304
0.012,0.3,0.6,93.39842915534973
-0.824,-2.048,1.588,93.7000060081482
-2.048,-1.34,-2.048,94.0014111995697
0.952,0.288,2.044,94.30275511741638
-0.844,0.164,1.732,94.60415005683899
-0.836,-2.048,2.044,94.90550804138184
-2.048,-0.404,-2.048,95.20707702636719
1.032,0.092,2.044,95.50851702690125
-1.284,-0.308,0.764,95.80988717079163
-2.048,-2.048,1.036,96.11128902435303
-0.052,-0.908,1.428,96.41278719902039
-0.22,0.264,2.044,96.71453809738159
-0.736,-2.048,2.044,97.0160961151123
-2.048,-0.46,-2.048,97.31758999824524
0.632,0.264,2.044,97.61919713020325
-0.688,-0.316,1.656,97.92070698738098
-2.048,-2.048,2.044,98.22245812416077
0.448,-1.204,1.724,98.52406311035156
-0.26,0.404,2.044,98.82557010650635
-0.112,-1.512,2.044,99.12707114219666
-2.048,-0.36,-2.048,99.42859816551208
0.768,0.228,2.044,99.73035001754761
-1.072,0.088,2.044,100.03197002410889
-0.068,-2.048,2.044,100.33347606658936
-0.228,-2.048,0.448,100.63498401641846
-0.972,0.3,2.044,100.93648314476013
-0.744,-0.96,1.904,101.23824715614319
-2.048,-0.352,-2.048,101.5399022102356
0.092,-0.284,2.012,101.84143018722534
-1.356,0.556,1.584,102.14292216300964
-0.312,-2.048,2.044,102.44443202018738
-0.344,-0.268,1.44,102.74617409706116
0.624,0.336,2.044,103.04775714874268
-0.636,-0.376,2.044,103.34926009178162
-2.048,-2.048,-1.072,103.65077209472656
1.388,-0.72,2.044,103.95227217674255
0.108,0.332,1.152,104.25400114059448
-0.676,-2.048,2.044,104.55556511878967
-2.048,-0.544,-2.048,104.85693621635437
0.636,0.072,2.044,105.1582760810852
-0.988,0.408,1.072,105.45962715148926
0.252,-2.048,2.044,105.76118612289429
-2.048,0.26,-2.048,106.06258511543274
0.384,0.096,2.044,106.36406517028809
-1.356,-0.044,2.044,106.66561603546143
-1.672,-2.048,2.044,106.9671881198883
-0.748,-2.048,-0.252,107.26892805099487
0.232,0.292,2.044,107.5705201625824
1.064,-0.636,2.044,107.87203121185303
-2.048,-1.648,0.952,108.17353010177612
0.392,-0.896,2.016,108.47504210472107
0.212,0.392,2.044,108.77674603462219
-1.14,-1.248,1.392,109.0782961845398
-2.048,-0.972,-1.964,109.37980318069458
0.844,-0.54,2.044,109.68132710456848
-0.272,0.248,1.584,109.98283314704895
-0.096,-2.048,2.044,110.28457021713257
-2.048,-0.772,-2.048,110.58615899085999
0.712,0.14,2.044,110.88765716552734
-0.58,0.644,0.884,111.18914198875427
0.504,-2.048,2.044,111.49074411392212
-2.048,-0.032,-2.048,111.79249501228333
-0.124,0.236,1.528,112.09410309791565
-1.068,0.392,1.824,112.39568209648132
0.02,-2.048,2.044,112.69721913337708
-2.008,-1.824,-2.04,112.99872899055481
-0.264,0.312,2.044,113.30046105384827
-0.52,-0.776,2.044,113.60206317901611
-2.048,-1.908,1.888,113.90357112884521
-0.224,-2.048,-0.156,114.20506501197815
-0.76,0.704,2.044,114.50657415390015
-1.48,-1.236,1.032,114.80831003189087
-2.048,-2.048,-1.52,115.11020517349243
0.948,-1.064,1.948,115.4117980003357
0.12,0.272,1.788,115.71339821815491
-1.572,-1.284,1.748,116.01494717597961
-2.048,-1.824,0.416,116.31669402122498
1.568,-2.048,2.044,116.61818599700928
-0.416,0.476,1.496,116.91954803466797
0.288,-2.004,2.044,117.2208960056305
-2.048,-1.188,-0.94,117.52228116989136
0.32,-0.872,0.656,117.8238730430603
-0.472,0.54,1.96,118.12537217140198
-0.436,-1.412,1.884,118.42675518989563
-2.048,-1.94,1.028,118.72818398475647
-0.152,-2.048,1.368,119.02952599525452
0.26,0.104,2.044,119.33112621307373
-0.736,-0.76,1.932,119.6325671672821
-1.972,-1.02,1.672,119.93391013145447
0.344,-0.516,2.044,120.23523998260498
-0.572,0.212,2.044,120.5365891456604
-0.908,-1.772,2.044,120.83814120292664
-2.048,-0.092,-2.048,121.13953018188477
0.496,-0.62,1.192,121.4410150051117
-0.612,0.668,1.092,121.74252820014954
-0.92,-2.048,1.924,122.04426908493042
-2.048,-1.348,-2.048,122.34586906433105
0.688,-0.68,1.76,122.64739108085632
-0.216,0.516,1.26,122.94891405105591
-0.684,-2.048,2.044,123.25049209594727
-2.048,-0.204,-2.048,123.55225110054016
0.628,-0.48,1.56,123.85382604598999
-1.028,0.292,2.044,124.15532612800598
0.964,-2.048,2.044,124.45683312416077
-2.048,0.08,-2.048,124.75833320617676
0.372,0.288,2.044,125.06005501747131
-1.392,0.016,1.552,125.36173009872437
-0.736,-2.048,2.044,125.66325306892395
-1.164,0.068,-0.632,125.96484708786011
0.148,0.16,2.044,126.2665011882782
-1.108,0.148,1.576,126.56826400756836
-0.272,-2.048,2.044,126.86982703208923
-2.048,-0.588,-0.344,127.17146801948547
1.304,-1.82,2.044,127.47309899330139
-0.08,0.712,2.044,127.77488708496094
-0.484,-1.476,1.736,128.0766739845276
-2.048,-0.708,-2.048,128.37830710411072
1.196,-2.048,2.044,128.6798050403595
-0.768,0.868,1.684,128.98118805885315
-0.008,-1.316,2.024,129.28254914283752
-1.932,-1.884,1.904,129.58413815498352
-0.748,-0.488,0.44,129.8855481147766
0.508,-0.224,1.996,130.1868929862976
-1.38,1.064,1.144,130.48825001716614
0.908,-2.048,2.044,130.78959107398987
-2.048,0.652,-2.048,131.09117698669434
0.836,-2.048,1.748,131.3927321434021
-0.768,0.632,1.492,131.69430708885193
-0.12,-1.352,2.044,131.99581599235535
-2.048,-1.216,-1.54,132.29730820655823
0.156,-2.048,0.852,132.5990490913391
-0.82,0.828,2.044,132.90061712265015
-0.512,-1.376,2.044,133.2021210193634
-2.048,-1.76,0.96,133.5036540031433
0.024,-0.428,1.596,133.80517721176147
0.208,0.296,1.828,134.10693216323853
-0.964,-1.172,1.132,134.40850400924683
-2.048,-2.048,-0.296,134.71002101898193
0.32,-0.752,1.28,135.01162719726562
-1.228,0.712,2.044,135.3131251335144
-0.3,-1.388,2.044,135.61487698554993
-2.048,-0.608,-0.932,135.91644716262817
0.376,-2.048,0.988,136.21793818473816
-0.724,0.524,2.044,136.5194489955902
-0.884,-1.424,2.044,136.82094502449036
-2.048,-1.212,-1.316,137.1226840019226
-0.008,-2.048,1.712,137.42425203323364
-0.728,0.708,1.9,137.7257649898529
-0.128,-2.048,2.044,138.02726006507874
-2.048,-1.156,-0.292,138.32881617546082
0.284,-0.796,1.564,138.63056921958923
-0.408,0.652,1.832,138.93213605880737
0.084,-1.368,2.036,139.23364400863647
-2.048,-0.776,-2.048,139.53524112701416
1.156,-2.048,2.044,139.83676409721375
-0.172,0.316,2.004,140.1385052204132
-0.232,-1.196,2.044,140.43997621536255
-2.048,-0.98,1.228,140.7414209842682
-0.708,-1.172,0.396,141.0427691936493
0.348,0.148,2.044,141.3442451953888
0.876,-0.86,2.044,141.6458601951599
-2.048,-1.08,0.268,141.9472541809082
0.448,-0.816,1.388,142.24858808517456
-0.592,0.776,2.016,142.54994106292725
-0.716,-2.048,2.044,142.85128021240234
-0.76,-0.368,-0.168,143.15284419059753
0.044,0.268,2.044,143.45426607131958
-0.944,-0.172,1.76,143.75561904907227
-0.524,-2.048,2.044,144.05695414543152
-1.876,-0.192,-2.048,144.3582911491394
0.476,-0.128,2.044,144.6598870754242
-1.28,0.508,1.088,144.96134901046753
-1.244,-2.048,2.044,145.26270198822021
-0.6,-0.732,0.1,145.56412601470947
-0.268,0.432,2.044,145.86548709869385
-0.856,-0.576,1.784,146.16704416275024
-1.624,-2.048,2.044,146.4686131477356
-1.292,0.216,0.276,146.77022910118103
1.096,-1.796,2.044,147.07172417640686
-1.028,-0.448,2.044,147.37322115898132
-1.156,-2.048,2.044,147.67496919631958
-0.08,-0.508,1.368,147.9765260219574
-0.212,0.444,2.044,148.27803707122803
-0.656,-0.22,2.044,148.57955312728882
-1.748,-1.036,2.044,148.88112115859985
-1.928,-0.352,0.768,149.18285703659058
-0.244,-0.364,1.56,149.48448610305786
0.832,-2.048,2.044,149.78599309921265
-0.828,-0.008,2.044,150.08750319480896
-1.756,-2.048,2.044,150.389062166214
-1.872,0.204,-2.048,150.69080805778503
0.096,-0.076,1.844,150.99237298965454
-1.0,0.396,1.968,151.29386115074158
-0.748,-0.78,2.044,151.59537506103516
-2.048,-2.012,1.604,151.89687204360962
-0.788,-0.312,0.192,152.19861221313477
-0.116,0.38,2.044,152.50013518333435
-1.408,-0.084,1.816,152.801500082016
-0.376,-2.048,2.044,153.1030731201172
-1.864,0.208,-0.76,153.40449404716492
0.028,0.176,2.044,153.70607805252075
-1.576,0.268,1.424,154.00748920440674
-0.592,-2.048,1.752,154.3088321685791
-1.412,0.58,-1.724,154.61019206047058
0.248,-0.576,2.044,154.91153621673584
-1.376,0.288,2.044,155.21309113502502
-1.012,-1.76,2.044,155.51459908485413
-2.048,-0.292,-1.536,155.81605315208435
0.22,-1.216,2.044,156.1175720691681
-1.044,0.86,1.66,156.41910409927368
0.36,-2.048,2.044,156.72086715698242
-2.048,0.488,-2.048,157.02244400978088
0.392,0.22,2.044,157.3239459991455
-1.46,1.068,0.876,157.62546515464783
0.852,-2.048,2.044,157.92696619033813
-1.74,0.516,-1.068,158.22871804237366
-0.356,0.032,1.772,158.53032207489014
0.804,-0.08,2.044,158.83184218406677
-0.124,-2.048,2.044,159.13334012031555
-2.048,-0.416,-0.572,159.4348452091217
0.296,-2.048,1.904,159.73660516738892
-1.14,0.96,1.688,160.03817009925842
0.772,-2.048,2.044,160.3396680355072
-2.048,-0.912,-0.18,160.6412651538849
0.636,-0.612,2.044,160.9427900314331
-0.488,0.788,1.904,161.24455618858337
-0.832,-1.124,2.044,161.54616498947144
-2.048,-0.848,-0.416,161.8476870059967
0.084,-2.048,1.788,162.1491780281067
-0.492,0.472,2.012,162.45068502426147
-0.736,-1.6,2.044,162.75243401527405
-2.048,-0.712,-0.368,163.05401301383972
0.76,-0.42,2.044,163.35559916496277
-0.384,0.548,2.04,163.6572082042694
-0.756,-1.08,2.044,163.95871710777283
-2.048,-1.488,0.872,164.26031398773193
-0.584,-0.52,1.476,164.56175708770752
-0.116,0.092,2.044,164.86310720443726
-0.832,-1.04,2.044,165.1644411087036
-2.048,-0.116,-0.328,165.4657871723175
-0.22,-1.212,1.856,165.7673580646515
-1.236,1.008,2.044,166.06876802444458
-0.32,-2.02,2.044,166.3702690601349
-2.048,0.924,-2.048,166.67187905311584
0.872,0.092,2.044,166.9734001159668
-1.532,1.228,1.128,167.27513313293457
0.012,-2.048,2.044,167.57672905921936
-2.048,1.012,-2.048,167.8782320022583
0.364,-2.048,2.044,168.17972111701965
-0.524,0.468,2.044,168.48124313354492
0.336,-2.048,2.044,168.7829830646515
-2.048,0.452,-0.476,169.08453798294067
1.12,-2.048,2.044,169.3860421180725
-1.112,0.936,1.28,169.68755412101746
-0.304,-2.048,2.044,169.98905205726624
-1.752,0.436,-1.3,170.2907841205597
-0.46,0.536,1.724,170.5924870967865
-1.292,0.008,1.56,170.8939971923828
-0.344,-2.048,2.044,171.1954860687256
-2.048,0.776,-2.048,171.49700212478638
1.088,-0.928,2.044,171.79877710342407
-1.496,0.68,1.264,172.10040616989136
0.472,-2.048,2.044,172.4019341468811
-2.048,0.996,-2.048,172.7034571170807
-0.144,0.188,2.044,173.00496006011963
-0.84,-0.072,2.044,173.30669903755188
-0.428,-2.048,2.044,173.60829520225525
-1.78,0.452,-1.684,173.90980410575867
0.012,0.356,2.044,174.21129417419434
-1.464,0.356,2.024,174.51281309127808
-0.208,-2.048,2.044,174.8145570755005
-1.184,0.088,-0.668,175.11635613441467
0.764,-0.036,2.044,175.41794300079346
-1.308,-0.084,1.668,175.71946716308594
-2.048,-2.048,1.432,176.02098107337952
-0.384,-2.048,-0.348,176.322594165802
0.932,-0.064,2.028,176.62404799461365
-0.732,0.0,1.384,176.92540001869202
-2.048,-1.02,1.528,177.22675204277039
-0.692,-0.668,0.332,177.52825117111206
-0.096,0.144,2.044,177.82982802391052
0.024,-0.812,2.044,178.13123416900635
-2.048,-0.948,-1.24,178.4325771331787
0.504,-0.432,2.044,178.73392915725708
-0.648,0.844,1.848,179.03526616096497
0.18,-2.048,2.044,179.33682298660278
-2.048,1.028,-2.048,179.6382601261139
1.144,-0.66,2.044,179.9396049976349
-1.32,1.0,1.6,180.24093103408813
0.576,-2.048,2.044,180.54228401184082
-1.256,0.456,-1.144,180.84384512901306
0.668,-0.204,2.044,181.14524006843567
-1.688,-0.172,1.128,181.44671607017517
-1.508,-2.048,0.592,181.74822115898132
-0.068,-0.264,1.588,182.04971504211426
-0.484,0.444,2.044,182.3514540195465
0.412,-1.06,2.044,182.653076171875
-2.048,-0.232,-0.424,182.95466208457947
0.088,-2.048,1.432,183.25628304481506
-0.416,1.036,2.044,183.55785608291626
0.944,-1.564,2.044,183.85960602760315
-2.048,-0.204,-0.872,184.1612570285797
0.836,-2.048,1.664,184.46277809143066
-1.224,0.852,1.844,184.76437711715698
0.292,-2.048,2.044,185.06588220596313
-2.048,1.36,-2.048,185.36762404441833
0.736,-0.368,1.936,185.66927313804626
-1.264,0.632,0.944,185.97095799446106
1.064,-2.048,2.044,186.2726809978485
-2.048,1.044,-2.048,186.5742790699005
-0.456,0.676,2.044,186.8760371208191
-1.136,-0.564,2.044,187.17775201797485
-0.908,-2.048,2.044,187.47940611839294
-1.604,0.692,-0.656,187.78127813339233
1.192,-1.564,1.352,188.08278107643127
-1.168,0.776,1.8,188.38438415527344
1.216,-2.048,2.044,188.68581199645996
-2.048,0.488,-0.852,188.9871621131897
0.388,0.052,2.044,189.2885022163391
-1.104,0.4,2.044,189.58991813659668
0.136,-2.048,2.044,189.8915090560913
-2.048,1.1,-2.048,190.19290614128113
0.096,-0.272,1.356,190.49426412582397
-0.996,0.78,1.164,190.79560708999634
0.324,-2.048,2.044,191.09693813323975
-2.048,-0.38,-1.368,191.39864206314087
0.32,-0.864,0.912,191.70026302337646
-0.796,1.12,2.044,192.0017762184143
0.004,-1.732,2.044,192.3032820224762
-2.048,0.948,-0.784,192.60481214523315
-0.516,-0.304,1.46,192.90656208992004
-1.42,0.916,2.044,193.20815205574036
0.312,-2.048,2.044,193.50971102714539
-2.048,1.132,-1.104,193.81129121780396
0.292,-0.088,1.636,194.11280918121338
-1.86,0.892,0.78,194.41455221176147
0.392,-2.048,2.044,194.7161521911621
-1.74,0.5,-2.048,195.01765203475952
-0.476,0.472,2.044,195.31914615631104
-0.972,-0.184,2.02,195.62079215049744
-0.628,-2.048,1.416,195.92254209518433
-1.384,0.38,-1.964,196.2240960597992
-0.4,0.608,2.044,196.52561020851135
-0.74,-0.328,2.044,196.82710814476013
-1.332,-2.048,2.044,197.12884211540222
-1.236,0.328,-0.664,197.43042707443237
-0.032,0.244,2.044,197.7319531440735
-1.196,0.448,1.724,198.0334551334381
-0.424,-2.048,2.044,198.3350100517273
-2.048,1.296,-2.048,198.63676404953003
0.728,-0.236,1.672,198.9383580684662
-0.908,-0.116,2.044,199.23993110656738
-0.584,-2.048,2.044,199.54158806800842
-1.252,0.628,-0.48,199.84310913085938
-0.284,0.208,1.688,200.14469814300537
-1.568,0.24,1.56,200.44613099098206
0.396,-2.048,2.044,200.74748706817627
-1.332,0.48,-0.924,201.04882717132568
-0.152,0.412,2.044,201.350172996521
-0.392,-0.392,2.044,201.6517460346222
-1.472,-2.048,2.044,201.9531490802765
-1.196,0.42,-1.312,202.25448513031006
-0.088,0.256,2.044,202.55583906173706
-1.148,-0.08,1.736,202.85717701911926
-1.072,-2.048,2.044,203.15873098373413
-0.32,0.248,0.612,203.46016907691956
-0.116,0.668,2.044,203.76152515411377
-1.608,0.272,1.204,204.06285905838013
-0.632,-2.048,1.984,204.36421704292297
-0.192,-0.196,0.916,204.66579699516296
0.088,0.276,2.044,204.96719312667847
-1.468,-0.008,1.584,205.2685260772705
-1.072,-2.048,2.044,205.56987500190735
-1.556,0.668,-1.36,205.87121605873108
-0.58,0.252,1.512,206.172767162323
-1.084,0.204,1.796,206.47444319725037
0.86,-2.048,2.044,206.77595901489258
-2.048,0.652,-2.048,207.07745099067688
0.964,-0.648,1.444,207.37894415855408
-1.196,0.792,1.56,207.68068718910217
0.024,-1.816,2.044,207.98225021362305
-2.048,-1.14,0.8,208.28375005722046
-0.108,-2.048,0.732,208.58526015281677
-0.14,0.292,2.044,208.8867621421814
-1.36,-0.464,1.636,209.18848705291748
-0.9,-2.048,1.744,209.49017214775085
-1.228,0.32,-1.756,209.79171919822693
1.1,-0.2,2.044,210.0932810306549
-1.332,0.3,1.196,210.3947970867157
-1.9,-2.048,1.996,210.69654607772827
-1.008,0.256,-1.692,210.99811100959778
-0.096,0.024,2.044,211.29960417747498
-0.524,-0.412,2.044,211.60120105743408
-0.904,-2.048,2.044,211.90259504318237
-2.048,1.036,-2.048,212.20415616035461
-0.036,0.092,2.044,212.50559306144714
-1.26,-0.008,1.608,212.80694818496704
-0.948,-2.048,2.044,213.10828614234924
-2.048,0.5,-0.62,213.4096291065216
0.6,-0.54,1.064,213.71128106117249
-0.748,0.5,1.544,214.012677192688
0.416,-2.048,2.044,214.31401300430298
-2.048,0.912,0.216,214.61536502838135
0.192,-0.008,1.552,214.91670203208923
-0.988,0.648,1.888,215.21828699111938
-0.488,-2.048,2.044,215.51977801322937
-2.048,0.608,1.032,215.8211441040039
-0.024,-0.368,0.904,216.1224811077118
-0.744,0.472,1.848,216.4239480495453
-0.272,-2.004,2.044,216.72569799423218
-2.048,0.548,0.884,217.0272560119629
-0.448,-0.196,0.3,217.32875609397888
-0.7,0.208,2.044,217.6302671432495
                                                                                                                                                                                                                                                                                                                                                            