0.0,0.0,0.0,0.005770206451416016
-2.048,-1.092,0.268,0.41295814514160156
0.5,-1.644,1.692,0.814831018447876
0.164,-2.044,1.792,1.2165741920471191
-1.764,-0.164,2.044,1.6182661056518555
-2.048,0.044,2.044,2.0199480056762695
1.636,-2.048,2.044,2.4216041564941406
-2.048,-2.048,0.8,2.823212146759033
-1.096,0.96,0.628,3.2247731685638428
-1.788,-0.004,2.044,3.626444101333618
-0.904,2.044,2.044,4.02801513671875
0.636,-0.464,2.044,4.429841995239258
-2.048,-2.036,2.044,4.8316051959991455
-0.492,-1.588,1.156,5.233352184295654
-1.024,-2.048,1.516,5.635063171386719
-0.752,0.436,2.004,6.0367431640625
-1.888,-0.324,2.044,6.438430070877075
-2.048,2.044,2.044,6.856731176376343
0.912,-0.676,2.044,7.258422136306763
-0.712,-0.456,2.044,7.660107135772705
-0.428,-2.048,0.92,8.06198000907898
-0.144,-1.028,2.044,8.463858127593994
-0.544,-0.892,2.044,8.86574411392212
0.084,-0.432,2.044,9.26749300956726
-1.704,2.044,2.044,9.6704740524292
0.924,-0.112,2.044,10.07223916053772
-1.72,0.24,2.044,10.47396206855774
-2.048,-2.048,1.584,10.875641107559204
-0.416,-2.048,1.996,11.277387142181396
0.664,0.404,2.044,11.679131031036377
-1.452,0.208,2.044,12.080772161483765
-2.048,0.876,2.044,12.482295989990234
1.076,-0.436,2.016,12.88400912284851
-0.2,-0.736,2.044,13.285710096359253
-1.664,-2.048,1.576,13.68725299835205
-0.264,-1.384,1.876,14.088836193084717
-1.548,-0.388,2.044,14.49056601524353
-0.284,-1.62,2.044,14.89210820198059
-1.496,-0.004,2.044,15.294008016586304
-1.648,-0.268,2.044,15.695816040039062
-0.972,-1.14,2.044,16.097721099853516
-0.04,-1.632,1.84,16.49941611289978
-0.996,-0.26,2.044,16.901042222976685
-2.048,-0.272,2.044,17.302789211273193
0.46,-0.132,2.044,17.704691171646118
-1.308,-0.724,2.044,18.10640001296997
-1.076,-2.048,2.044,18.50801110267639
-0.92,-1.324,2.044,19.309261083602905
-0.756,0.152,2.044,19.71116304397583
-0.128,-1.392,2.044,20.112847089767456
-0.448,-0.864,2.044,20.51474905014038
-2.048,-0.996,2.044,20.916505098342896
-2.048,0.824,1.632,21.318063020706177
-2.008,0.536,2.044,21.719569206237793
-2.048,-0.156,2.044,22.121264219284058
-1.268,-1.044,2.044,22.52285408973694
-0.636,0.748,2.044,22.924329042434692
2.044,-2.048,2.044,23.32582402229309
-1.612,-1.204,1.828,23.727521181106567
-1.004,-0.988,1.972,24.12924599647522
0.544,-1.9,2.044,24.53088617324829
0.448,-0.996,2.044,24.93259906768799
-2.048,-2.048,2.044,25.33431601524353
-2.048,-0.744,1.032,25.736037015914917
-2.048,-1.48,2.044,26.13767910003662
-2.048,0.588,2.044,26.539642095565796
-1.152,-0.316,1.82,26.941445112228394
-0.9,0.544,2.044,27.34311008453369
-1.544,0.036,2.044,27.7447190284729
-1.5,-0.652,0.944,28.146599054336548
-0.92,0.044,0.764,28.548304080963135
0.16,-0.664,1.84,28.9499192237854
-0.368,-0.24,2.044,29.351541996002197
-2.048,-0.6,2.044,29.753422021865845
0.52,-1.848,2.044,30.15517520904541
-2.048,-0.056,2.044,30.556804180145264
0.58,2.044,1.236,30.95870304107666
-1.972,0.624,2.044,31.360387086868286
-2.048,-2.048,1.364,31.762003183364868
0.08,-0.664,2.044,32.16368317604065
0.2,-0.772,2.044,32.56556415557861
-1.592,-0.132,0.196,32.967146158218384
-1.08,-1.492,1.76,33.36861300468445
-1.016,0.088,2.044,33.77007007598877
0.5,-0.736,2.044,34.17177200317383
0.104,0.212,2.044,34.57329821586609
-0.152,2.044,2.044,34.97502899169922
-0.156,-0.584,0.6,35.37682509422302
-1.748,0.528,1.188,35.778746128082275
-0.356,0.7,2.044,36.18045616149902
-1.492,2.044,2.044,36.58207702636719
0.228,-0.248,2.044,36.98394799232483
0.12,-0.756,2.044,37.38573718070984
-0.756,-0.076,1.772,37.78747916221619
-1.508,-0.948,2.044,38.18914604187012
-0.88,2.044,1.408,38.591018199920654
-0.468,-0.952,2.044,38.9927191734314
-1.464,-2.048,1.608,39.394344091415405
-2.048,-2.048,0.7,39.79596519470215
-0.856,-0.428,1.924,40.19783616065979
-1.844,-2.048,2.044,40.599722146987915
0.532,-0.644,2.044,41.001384019851685
0.152,0.716,2.044,41.40325617790222
-2.048,2.044,1.728,41.805113077163696
-1.064,-0.192,0.78,42.207046031951904
-0.46,-0.496,1.488,42.60874605178833
0.176,0.348,2.044,43.01066708564758
-2.048,-1.616,2.044,43.41247916221619
-0.072,-2.048,2.044,43.814133167266846
-0.7,-2.048,2.044,44.21574807167053
-2.048,1.416,1.604,44.61765909194946
-1.544,-1.684,2.044,45.01922917366028
-0.02,1.492,0.548,45.42070817947388
0.836,-2.028,2.044,45.82218313217163
-0.744,-2.048,2.044,46.22381520271301
-2.048,-0.06,-0.468,46.625333070755005
-1.064,-0.54,1.656,47.026780128479004
-2.048,-2.048,-0.38,47.42847299575806
1.964,-1.176,2.044,47.830029010772705
0.272,-1.372,2.044,48.231484174728394
-2.048,2.044,-1.36,48.63294506072998
-2.048,-2.048,0.448,49.034648180007935
0.56,0.632,2.044,49.43631601333618
-1.264,0.9,2.044,49.8378221988678
-1.36,2.044,2.0,50.239405155181885
1.344,-1.956,2.044,50.64128017425537
1.32,0.824,2.044,51.04294800758362
-0.824,-2.048,0.328,51.44456100463867
-0.196,-0.484,1.252,51.846168994903564
0.224,-0.676,2.028,52.24803805351257
-1.08,0.7,2.044,52.649726152420044
-2.048,-2.048,2.044,53.05133008956909
0.4,1.256,-1.748,53.45318603515625
-1.692,-1.612,1.08,53.85486102104187
-0.168,0.604,2.044,54.25675702095032
-1.736,1.52,2.044,54.65845608711243
-1.112,0.372,1.624,55.060365200042725
0.6,-0.3,2.044,55.46204209327698
-1.148,1.576,2.044,55.8636531829834
-2.048,-2.048,0.58,56.265268087387085
-1.008,0.736,1.664,56.66699719429016
-1.604,-1.508,2.044,57.06851601600647
0.036,-0.44,2.044,57.47000002861023
-0.876,0.54,2.044,57.87145805358887
2.044,-1.224,2.044,58.273163080215454
-0.708,-2.048,-2.048,58.67468810081482
-2.048,0.356,2.044,59.07613515853882
-0.012,-1.08,1.996,59.477861166000366
-2.048,0.808,2.044,59.879449129104614
0.204,-0.188,2.044,60.28107404708862
-1.904,0.928,0.4,60.68269205093384
-0.808,0.796,1.656,61.084556102752686
-0.264,0.556,2.044,61.48624515533447
-2.048,-0.184,2.044,61.887858152389526
-0.244,-0.52,2.044,62.28946399688721
-2.048,2.0,2.044,62.6913321018219
-0.144,-0.66,-0.952,63.092998027801514
-0.128,-2.048,-0.592,63.494606018066406
-1.244,0.608,1.712,63.89641308784485
-1.84,0.076,2.044,64.29832100868225
-2.048,0.384,0.992,64.70001316070557
-0.84,-0.104,2.044,65.10166215896606
-1.772,0.456,2.044,65.5035719871521
-0.124,0.364,0.816,65.90528607368469
-0.944,0.44,1.656,66.30696606636047
-0.864,0.372,1.12,66.70865106582642
-0.22,0.1,1.376,67.11051917076111
-2.048,-1.072,1.312,67.51221704483032
1.512,-0.104,2.044,67.91381812095642
-1.924,1.48,2.044,68.31541419029236
-2.048,0.096,1.844,68.71713709831238
-0.048,1.528,-1.2,69.11865711212158
-1.352,0.884,1.868,69.52014112472534
0.348,-0.608,2.044,69.92181706428528
-2.048,-0.748,1.444,70.3235650062561
-0.86,-0.452,2.044,70.72522115707397
-2.048,0.048,2.044,71.12674117088318
2.044,2.044,0.168,71.5283842086792
0.62,0.28,2.044,71.92987608909607
-0.22,0.1,2.044,72.33132719993591
-0.408,0.008,2.044,72.73277115821838
-2.048,0.84,2.044,73.13446021080017
-2.048,0.144,-0.716,73.53599119186401
0.68,2.044,-1.996,73.93743300437927
-1.324,1.064,2.044,74.33887219429016
-0.136,0.36,2.044,74.74056005477905
-1.092,0.396,2.044,75.14222717285156
-1.488,-0.016,2.044,75.54384016990662
-2.048,1.108,1.348,75.94571900367737
-0.24,1.888,1.8,76.34743809700012
-0.54,0.3,1.572,76.74906921386719
-1.004,0.5,0.74,77.15067505836487
0.26,0.18,2.044,77.55253505706787
-1.312,0.932,2.044,77.95422720909119
-0.816,0.824,-0.352,78.35583114624023
0.36,1.196,0.62,78.75743317604065
-2.048,1.116,1.644,79.15930104255676
-0.648,0.368,2.044,79.5610032081604
-0.964,0.304,2.044,79.96263599395752
-0.824,-0.104,2.044,80.36424803733826
-2.048,1.072,-0.62,80.76598119735718
-2.048,0.804,1.452,81.16752505302429
-0.068,-0.136,2.044,81.56899619102478
-2.048,0.148,2.044,81.97068119049072
-1.008,-0.14,2.044,82.37222719192505
-1.76,-0.088,2.044,82.77368807792664
1.196,1.372,1.352,83.1751320362091
-0.792,0.356,2.044,83.57681512832642
-0.816,0.716,1.432,83.97832417488098
0.784,0.14,2.044,84.3797709941864
-1.248,0.816,2.044,84.78121304512024
-1.424,0.528,2.044,85.1830530166626
-2.048,1.468,0.148,85.58473420143127
-0.628,1.104,2.044,85.98637914657593
0.388,0.36,2.044,86.38808703422546
-2.048,-2.048,0.644,86.7899661064148
0.2,-0.268,2.044,87.19175815582275
-1.872,0.304,2.044,87.59338212013245
-2.048,-0.756,0.208,87.99524903297424
-1.612,2.044,-1.412,88.39695119857788
-1.796,1.008,1.792,88.79862022399902
-0.352,0.464,2.044,89.20022511482239
-2.048,1.12,2.044,89.60209608078003
-0.264,-0.244,2.044,90.00377011299133
-1.304,0.74,2.044,90.40538001060486
-0.664,0.764,2.044,90.80698418617249
0.768,0.516,1.568,91.20884704589844
-1.72,-1.56,0.012,91.6105740070343
0.232,-0.044,2.044,92.0122811794281
-2.048,0.188,2.044,92.41392111778259
-0.224,-0.632,1.308,92.81565308570862
0.828,2.044,-2.048,93.21718120574951
-2.048,-0.072,2.044,93.61864018440247
-0.04,0.484,2.044,94.02034020423889
-0.912,0.672,2.044,94.42191314697266
-1.864,-0.404,1.384,94.82337808609009
-2.048,0.656,1.656,95.22495222091675
-1.316,1.368,1.804,95.62682008743286
-0.2,-0.096,2.044,96.02862215042114
-2.048,0.308,2.044,96.43026614189148
0.628,0.396,2.044,96.83188009262085
-1.7,0.032,1.58,97.23376607894897
-1.932,0.568,1.196,97.63546514511108
0.436,0.032,2.044,98.03707599639893
-2.048,-1.088,1.46,98.43869400024414
-0.672,0.356,2.044,98.840567111969
-1.412,-0.16,1.604,99.24226808547974
-0.412,2.044,1.64,99.64389109611511
1.432,1.116,1.812,100.04575419425964
-1.872,-0.828,0.74,100.44751620292664
0.232,0.256,2.044,100.84920120239258
-1.536,0.5,2.044,101.25083303451538
-1.78,-1.356,0.312,101.65274810791016
-2.048,0.088,0.428,102.05441617965698
-2.048,0.748,1.792,102.45604705810547
0.192,0.44,2.044,102.85772609710693
-2.048,-0.472,1.732,103.25967216491699
-1.408,0.564,2.044,103.66136121749878
-1.172,-0.284,2.044,104.06296420097351
-1.324,1.348,1.808,104.46446418762207
-0.02,0.44,2.044,104.86615920066833
-0.332,-1.336,0.672,105.26783418655396
-0.084,-0.5,2.044,105.66952705383301
-0.9,0.032,2.044,106.07126712799072
-0.956,0.308,1.488,106.47281217575073
-2.048,0.748,-0.22,106.87427520751953
0.22,2.044,1.404,107.27572417259216
0.152,0.988,2.044,107.67741203308105
-0.5,0.544,2.044,108.07894611358643
-0.792,0.328,2.044,108.48047804832458
-1.128,0.012,2.044,108.88212013244629
0.104,-0.976,1.692,109.28384709358215
0.592,2.044,-1.696,109.68538308143616
-1.56,-1.22,1.808,110.08683204650879
-2.048,1.676,2.044,110.48875308036804
-2.048,1.176,1.368,110.89052700996399
-0.72,-0.004,2.044,111.29218220710754
-1.796,-1.072,2.044,111.6938111782074
1.316,1.84,2.044,112.09568905830383
2.044,2.044,-2.048,112.4973771572113
-0.376,0.428,2.044,112.89898800849915
0.968,0.232,2.044,113.30059504508972
-0.48,-0.092,2.044,113.70250511169434
-0.412,-0.848,1.152,114.10446906089783
-1.876,0.032,1.476,114.50617718696594
-0.848,1.012,1.716,114.90778803825378
-1.092,0.18,2.044,115.30972099304199
-1.032,-2.048,0.576,115.71143317222595
0.192,-0.68,2.044,116.11306118965149
-2.048,0.668,2.044,116.51478409767151
-0.576,2.044,0.156,116.91636300086975
-2.048,0.952,0.328,117.3178300857544
-2.048,-0.932,2.044,117.71931505203247
-0.44,-2.048,1.316,118.12100005149841
-1.632,-0.432,2.044,118.5225281715393
-0.796,0.236,2.044,118.92397403717041
-1.804,0.24,2.044,119.32548308372498
-1.512,-0.408,0.92,119.72718906402588
2.044,2.044,-2.048,120.12884616851807
-1.08,1.032,1.48,120.53047513961792
-1.068,-0.772,2.044,120.93208122253418
-1.744,0.488,2.044,121.33396100997925
-0.452,0.14,2.044,121.73565721511841
-1.476,0.508,2.044,122.13726210594177
-0.904,0.832,2.032,122.53912806510925
-0.828,-0.64,1.712,122.9408061504364
-2.048,-2.048,0.26,123.34241008758545
0.052,0.06,2.044,123.74401903152466
-1.556,-0.08,2.044,124.14588713645935
-1.516,-0.828,-1.092,124.54761219024658
-0.812,-1.408,2.044,124.949303150177
-1.788,0.716,1.452,125.3509430885315
0.176,0.58,2.044,125.75285315513611
-1.556,0.452,2.044,126.15456199645996
-1.16,-1.528,2.044,126.55618405342102
-2.048,0.76,-1.144,126.95777821540833
-1.336,0.72,1.756,127.3597412109375
0.532,1.132,2.044,127.76144409179688
-1.672,0.3,2.04,128.16306614875793
-0.808,0.132,2.044,128.5648272037506
-1.4,0.148,2.044,128.9663450717926
-1.8,0.724,1.692,129.36780214309692
-0.528,0.352,2.044,129.76947212219238
-2.048,-0.648,0.056,130.17141604423523
0.26,0.004,2.044,130.57311701774597
-1.42,-0.984,2.044,130.9749321937561
-1.676,0.164,-0.184,131.37690210342407
-0.72,0.636,0.592,131.7788209915161
-0.556,0.156,2.044,132.1805181503296
0.868,0.208,1.772,132.58217406272888
-2.048,0.704,2.044,132.9837942123413
-1.336,-1.468,2.044,133.38567399978638
-1.988,0.544,1.012,133.7873570919037
1.908,2.044,0.048,134.18896913528442
-0.228,0.708,2.044,134.5908432006836
-1.7,0.504,2.044,134.99252009391785
-1.752,-2.048,2.044,135.3941571712494
-0.948,2.044,-0.956,135.79586601257324
-0.84,0.988,1.676,136.19775199890137
1.008,1.712,2.044,136.5994679927826
0.196,0.48,2.044,137.0011191368103
-1.132,-0.36,2.044,137.40272998809814
-2.048,1.852,-0.844,137.80459809303284
-1.624,0.252,1.708,138.20632600784302
-0.956,0.1,2.044,138.60793209075928
-1.404,-0.86,2.044,139.00959300994873
-0.668,-0.436,2.044,139.41145515441895
-1.692,1.344,-1.14,139.8131651878357
-2.048,1.336,-0.324,140.21467399597168
-0.344,-0.06,2.044,140.61637902259827
-2.048,-0.584,1.908,141.01802110671997
0.736,-0.148,2.044,141.41955614089966
-1.856,0.02,2.044,141.82102608680725
-0.296,1.228,2.044,142.22272109985352
-1.316,1.832,-1.212,142.62425208091736
-1.824,1.184,0.956,143.02569818496704
-0.148,-0.256,2.044,143.42713713645935
-1.796,0.608,2.044,143.82881712913513
1.812,2.044,2.044,144.23033118247986
-0.664,1.48,1.228,144.63178706169128
-0.252,0.476,2.044,145.0334620475769
0.828,0.596,2.044,145.43519806861877
-0.808,-0.456,2.044,145.83688116073608
0.108,0.108,2.044,146.23869705200195
-2.048,-0.212,2.044,146.64059114456177
-1.38,-2.048,2.044,147.0422670841217
-1.368,0.9,1.076,147.44386315345764
-1.028,0.512,2.044,147.845468044281
-0.772,0.368,2.044,148.24733304977417
-0.348,0.488,2.044,148.64903211593628
-2.048,0.564,-1.44,149.05065202713013
-1.08,0.832,1.06,149.45227217674255
-1.08,1.24,1.428,149.85413599014282
-1.004,-0.12,2.044,150.2558150291443
-2.048,-2.048,1.012,150.65749406814575
0.66,-0.416,2.044,151.05937910079956
-1.904,0.04,2.044,151.46109914779663
-1.048,-0.12,1.996,151.86281609535217
-2.048,0.772,0.86,152.2643392086029
-2.048,1.684,-0.604,152.66607308387756
-1.2,0.416,2.044,153.06773805618286
-1.74,0.928,0.108,153.46924304962158
0.148,-0.448,2.044,153.87071204185486
-0.74,-0.072,0.22,154.2724061012268
1.528,-1.264,-0.704,154.67393898963928
-0.556,2.044,0.152,155.07539010047913
0.192,-0.236,2.044,155.47695803642273
0.2,0.008,2.044,155.87878108024597
-0.776,0.036,2.044,156.28046202659607
1.128,0.616,1.328,156.6820831298828
2.044,1.56,-0.616,157.0841040611267
-1.308,1.336,1.456,157.48587799072266
-0.22,0.052,2.044,157.88753509521484
-2.048,-0.604,2.044,158.2891480922699
-0.764,0.708,2.044,158.69102311134338
-0.096,1.888,-0.052,159.0927062034607
-1.716,0.136,0.988,159.49431109428406
0.328,1.244,2.044,159.8959240913391
-1.9,1.028,0.504,160.29778814315796
-0.06,0.112,2.044,160.69948720932007
-2.048,-0.876,2.044,161.10110521316528
-0.364,2.044,1.816,161.5027379989624
-0.396,1.332,1.492,161.90463018417358
-2.048,1.08,1.848,162.30631613731384
0.0,-0.108,2.044,162.70795702934265
-2.048,-0.48,2.032,163.109925031662
-0.512,-0.948,1.484,163.51162910461426
-0.052,0.38,1.164,163.91326022148132
-1.452,0.104,1.784,164.3147530555725
0.948,-1.804,2.044,164.71644401550293
-2.048,0.384,2.044,165.1179690361023
-1.748,1.992,-0.42,165.51943707466125
-2.048,0.188,1.168,165.92096614837646
-1.352,0.744,2.044,166.32268500328064
1.672,1.068,2.044,166.72421503067017
-1.36,-1.248,2.044,167.12566304206848
0.336,0.172,2.044,167.52710008621216
-1.04,1.08,-1.152,167.92878413200378
-1.42,0.44,1.808,168.33037114143372
-1.3,-0.108,2.044,168.7318720817566
-1.784,-2.048,2.044,169.1335711479187
0.928,-0.1,2.044,169.5351002216339
-0.976,0.344,2.044,169.93655014038086
1.724,1.1,2.044,170.33811807632446
-2.048,1.028,-2.048,170.73998713493347
-1.456,1.08,1.464,171.1416881084442
0.108,0.028,2.044,171.54330801963806
-1.3,0.42,2.044,171.94490909576416
-0.524,-2.04,2.044,172.34677410125732
-0.588,2.044,0.272,172.74846816062927
-2.048,1.148,-0.22,173.1502342224121
-1.044,0.208,2.044,173.55185914039612
-2.048,-1.024,2.044,173.95374703407288
0.268,-0.256,2.044,174.3556830883026
-1.04,0.16,0.32,174.75739216804504
-0.84,0.768,0.768,175.15927505493164
-0.824,-0.188,2.044,175.5609622001648
-2.048,-1.528,2.044,175.9625380039215
-0.82,-0.16,2.044,176.3640260696411
-2.048,0.44,0.904,176.76571702957153
-0.54,0.856,1.68,177.16723799705505
-0.024,0.936,2.044,177.5686900615692
-2.048,-2.048,0.172,177.9701371192932
0.792,0.432,2.044,178.37182211875916
-1.584,0.56,2.044,178.77335715293884
-2.048,1.364,-1.876,179.17489504814148
-1.584,1.284,0.256,179.57659316062927
-0.54,0.632,2.044,179.97811818122864
0.044,0.256,2.044,180.37969708442688
-1.448,-0.116,2.044,180.78138613700867
-1.976,-1.552,2.044,181.18327522277832
-2.048,-0.332,1.228,181.58495807647705
-2.048,0.968,0.884,181.98656916618347
-0.508,0.548,2.044,182.38816905021667
-2.048,-1.484,0.96,182.79004311561584
-0.668,-0.724,2.044,183.19173622131348
-2.028,0.084,2.044,183.59334707260132
2.044,-0.688,2.044,183.99495720863342
0.788,0.552,-0.84,184.39686608314514
-1.568,1.172,1.612,184.7987151145935
-0.888,0.252,2.044,185.20036506652832
-0.932,0.5,2.044,185.60223507881165
-1.544,-0.532,2.044,186.0041060447693
-2.048,0.988,1.188,186.40579915046692
-0.808,0.388,2.044,186.80745315551758
0.072,0.788,2.044,187.2093391418457
-2.048,-1.836,1.564,187.6110360622406
-0.128,-0.18,2.044,188.01254320144653
-2.048,0.692,2.044,188.4140009880066
-0.38,2.044,2.044,188.81569910049438
-0.336,0.332,1.336,189.21722507476807
0.34,0.556,2.044,189.61886405944824
0.384,-0.32,2.044,190.0204300880432
-0.812,-0.104,2.044,190.42231011390686
-2.048,-1.016,0.388,190.8241970539093
-1.72,2.044,-2.048,191.2261462211609
-0.3,2.044,1.488,191.62806916236877
-1.18,-0.3,2.044,192.02977013587952
-1.02,0.288,2.044,192.43138313293457
-1.02,-0.432,2.044,192.83304715156555
-1.336,-1.012,1.752,193.23493313789368
-2.048,-2.048,2.044,193.6366250514984
2.044,-0.828,0.08,194.038232088089
0.052,0.112,2.044,194.43983721733093
2.044,0.12,2.044,194.8417091369629
-0.36,-0.256,2.044,195.2433910369873
-0.792,0.5,-0.46,195.6450231075287
-2.048,1.056,-0.044,196.04671812057495
-2.048,1.532,0.48,196.4486701488495
-0.72,0.044,2.044,196.8503839969635
-1.54,-0.028,2.044,197.25199604034424
-0.568,-0.42,2.044,197.65386509895325
-1.064,-0.984,2.044,198.05555200576782
-0.132,0.876,2.044,198.45715808868408
-1.94,-0.724,2.044,198.85876607894897
-1.692,-1.312,1.32,199.26064109802246
0.5,0.112,2.044,199.66234612464905
-1.268,0.048,2.044,200.06385922431946
-1.632,-0.864,-1.304,200.46533107757568
-1.416,1.208,1.112,200.86702609062195
-1.068,1.16,1.948,201.268639087677
-1.16,-0.288,2.044,201.67014002799988
-1.2,0.204,2.044,202.07159399986267
-1.62,-0.784,2.044,202.47327613830566
-2.048,-0.588,1.432,202.87481021881104
-1.476,-0.02,0.668,203.2762610912323
-0.248,-0.384,2.044,203.67798113822937
-1.588,-0.208,1.492,204.07953000068665
0.372,-0.384,2.044,204.48097610473633
-1.632,-0.216,2.044,204.88242506980896
2.044,2.044,0.184,205.28425908088684
-2.048,2.044,-2.048,205.68595719337463
-1.288,0.684,1.56,206.0875701904297
1.224,1.332,2.044,206.48919415473938
-2.048,-1.184,2.044,206.89109706878662
-1.828,0.872,1.54,207.29277300834656
-2.048,0.336,0.252,207.6943860054016
-2.048,-2.048,-1.848,208.0962471961975
0.424,0.224,2.044,208.4979441165924
-1.804,1.116,2.044,208.89962601661682
0.52,-0.252,2.044,209.3012351989746
-2.048,-0.568,2.044,209.70310521125793
-2.048,1.868,-1.02,210.10478615760803
-2.048,1.448,-2.048,210.50638914108276
-1.228,0.968,2.044,210.90800619125366
-0.204,0.868,1.544,211.30993604660034
-2.048,0.496,2.044,211.7115240097046
-0.936,1.056,1.572,212.1130120754242
-2.048,0.508,0.932,212.51454305648804
-1.724,0.936,1.204,212.91624999046326
-2.048,0.548,1.08,213.31777906417847
-1.94,1.1,1.604,213.71924710273743
0.424,0.66,2.044,214.12093019485474
-1.976,-0.484,2.044,214.52245807647705
-2.048,2.044,-2.048,214.92390704154968
-2.048,2.044,-2.048,215.32547616958618
-1.724,-0.728,0.116,215.72740817070007
-0.496,1.248,1.98,216.12915921211243
-2.048,0.176,2.044,216.53081703186035
0.172,-0.108,2.044,216.9324290752411
-1.164,0.244,1.204,217.33429408073425
-1.64,0.532,-0.256,217.73603320121765
-0.1,0.808,0.424,218.13772821426392
0.948,2.044,0.564,218.5393671989441
0.064,-1.124,2.044,218.94127321243286
-2.048,-1.048,2.044,219.34295320510864
-2.048,2.044,-2.048,219.7445740699768
-1.848,2.044,-2.048,220.14643812179565
-0.78,1.432,0.424,220.54818511009216
-0.524,0.06,2.044,220.9498450756073
-2.048,-2.012,2.044,221.35148119926453
-0.484,0.428,2.044,221.75336003303528
-2.048,1.524,-0.892,222.1550772190094
-1.084,0.256,1.704,222.55671620368958
0.428,0.836,2.044,222.9583179950714
-2.048,1.496,-0.716,223.36021518707275
0.268,-0.288,2.044,223.76187300682068
-1.656,-0.652,2.044,224.16351103782654
0.56,-2.048,0.408,224.5650291442871
-0.456,1.18,0.316,224.96672320365906
-1.368,0.612,2.044,225.36831903457642
0.424,0.34,2.044,225.76993608474731
-1.608,0.288,1.612,226.17180609703064
0.1,-0.764,1.824,226.57349920272827
-0.76,0.112,1.368,226.97510409355164
-2.048,-2.048,0.5,227.3769030570984
-0.428,0.988,0.848,227.77880311012268
-0.744,0.496,2.044,228.18049001693726
0.296,0.196,2.044,228.58209800720215
-2.048,0.976,2.044,229.00381422042847
-2.048,-0.016,-0.212,229.4057002067566
-0.504,2.044,2.044,229.8074049949646
-1.56,1.364,0.712,230.20901918411255
-0.288,0.108,2.044,230.6106960773468
-2.048,-2.048,1.62,231.01255416870117
-0.404,0.072,2.044,231.41425108909607
-2.048,1.244,0.292,231.81590509414673
-0.924,0.608,1.212,232.21775007247925
-0.264,1.448,0.436,232.61942315101624
-0.476,1.156,2.044,233.02103900909424
-0.552,0.508,2.044,233.42264318466187
-0.516,0.64,2.044,233.824481010437
2.044,0.664,2.044,234.22638607025146
1.204,2.044,0.868,234.62806916236877
-1.216,0.688,1.48,235.02973818778992
-0.668,0.32,2.044,235.43164110183716
-1.476,0.312,1.98,235.83321714401245
0.364,-0.188,2.044,236.23482418060303
-1.84,0.58,2.044,236.6364860534668
-1.852,1.492,-0.184,237.03800702095032
-1.36,2.044,1.116,237.43948912620544
-1.888,0.78,2.0,237.8409390449524
0.516,-0.312,2.044,238.24259901046753
-0.964,-0.852,2.044,238.64410519599915
-0.432,-0.436,2.044,239.04554915428162
-2.048,0.68,2.044,239.44701218605042
-0.34,0.416,2.04,239.84870600700378
-0.2,0.344,2.044,240.25037121772766
-1.88,0.764,2.044,240.6519901752472
0.792,1.592,2.044,241.05360317230225
-2.048,-1.488,2.044,241.4554431438446
-1.092,-1.032,2.044,241.85712099075317
-2.048,0.74,0.908,242.25872611999512
0.74,0.708,1.592,242.66054606437683
-1.156,-0.272,2.044,243.0622251033783
-1.38,1.972,1.192,243.46383213996887
0.192,-0.212,2.044,243.86543917655945
-1.912,0.684,2.044,244.26727199554443
2.044,-1.236,2.044,244.66894602775574
-2.048,-0.788,0.788,245.07063698768616
-1.96,1.088,0.74,245.47229504585266
-1.396,-0.06,2.044,245.87414121627808
-2.048,-2.048,1.684,246.27582120895386
-0.072,-0.244,2.044,246.67742705345154
-0.916,-1.268,2.044,247.07902812957764
-0.448,-2.048,2.044,247.48072814941406
0.016,0.272,1.588,247.88231015205383
-1.2,1.036,1.424,248.28380417823792
1.156,1.264,2.04,248.6854591369629
-1.152,0.776,2.044,249.08705401420593
-1.232,0.308,1.692,249.48851418495178
-1.428,0.668,0.58,249.89015817642212
-0.4,0.924,1.832,250.29204511642456
-2.048,0.612,0.984,250.69392204284668
-1.436,1.008,2.044,251.09569811820984
-0.328,-0.096,2.044,251.49761509895325
-2.048,-2.048,2.044,251.8995110988617
-1.252,0.516,2.044,252.30118417739868
-2.048,1.284,-1.504,252.70283913612366
-0.224,-2.048,0.236,253.10446906089783
2.044,2.044,-0.296,253.50630617141724
-1.212,1.2,1.404,253.9079990386963
-0.128,0.496,2.044,254.30969500541687
-2.048,-0.632,1.228,254.71153807640076
2.044,0.0,2.044,255.11320614814758
2.044,2.044,-0.652,255.51481103897095
-1.124,0.744,1.728,255.91643500328064
2.044,2.044,0.604,256.318311214447
-1.064,0.768,2.044,256.7199921607971
0.568,0.244,2.044,257.1215970516205
-0.984,-0.1,2.044,257.5232000350952
0.26,0.344,1.348,257.9250349998474
-2.048,1.264,-1.156,258.32669615745544
-1.572,0.964,1.36,258.72834610939026
-0.58,0.12,2.044,259.1299571990967
-2.048,0.904,-0.12,259.53179001808167
-0.884,0.388,2.044,259.9336030483246
-2.048,1.256,-2.048,260.3350610733032
-1.316,-0.268,0.744,260.736750125885
0.208,0.228,1.936,261.1383571624756
-1.428,0.616,2.008,261.5398771762848
0.328,-0.432,2.044,261.94140100479126
-2.048,0.676,1.356,262.3430759906769
0.068,-0.996,0.848,262.7445831298828
0.068,0.636,1.224,263.1460311412811
-0.796,0.796,2.044,263.5474669933319
0.584,-0.408,2.044,263.94912219047546
-1.184,0.12,2.044,264.3506212234497
2.044,-0.7,2.044,264.75206112861633
-1.716,1.284,2.044,265.1536362171173
-1.608,0.916,1.252,265.55546402931213
0.036,0.32,2.044,265.9571270942688
-2.048,-1.052,1.596,266.35879707336426
-0.304,-0.572,2.044,266.76064801216125
-2.048,-0.012,0.632,267.16243410110474
-0.836,-0.176,1.944,267.56408619880676
0.34,0.964,0.2,267.96568608283997
-1.032,1.32,2.044,268.3675241470337
-0.156,0.176,2.044,268.76919412612915
-2.048,-1.776,1.472,269.1708130836487
0.276,0.456,0.848,269.5724220275879
-2.048,2.044,-2.048,269.9742591381073
-1.42,1.472,0.188,270.3759250640869
-0.052,0.088,2.044,270.7775959968567
-1.896,1.336,1.74,271.17946910858154
0.168,-0.376,2.044,271.58104610443115
-2.048,0.212,1.344,271.98251008987427
0.068,-0.912,2.044,272.38402009010315
0.236,-0.056,2.044,272.78570914268494
-0.776,1.172,2.044,273.18726110458374
0.004,0.136,2.044,273.58872413635254
-2.048,-2.048,2.044,273.99017000198364
1.912,-0.52,2.044,274.3918261528015
-1.356,1.848,-0.732,274.7933301925659
-1.2,1.188,1.032,275.1949231624603
-0.152,0.008,2.044,275.5965371131897
-1.268,0.708,1.516,275.99837708473206
0.264,-0.492,2.044,276.40005707740784
-1.496,0.484,2.044,276.8016722202301
-1.42,-0.104,2.044,277.2035150527954
-0.892,1.64,-1.696,277.60519909858704
-1.5,1.032,2.044,278.00682616233826
0.02,0.296,2.044,278.4085102081299
-1.524,-2.048,1.74,278.8104341030121
-0.772,0.48,2.044,279.2121021747589
-2.048,-0.412,2.028,279.6137161254883
1.46,2.044,-0.012,280.01531410217285
2.044,2.044,-0.872,280.4171462059021
-1.552,0.988,2.044,280.81882905960083
-0.5,0.616,2.044,281.2204442024231
-2.048,-0.612,1.788,281.6220841407776
2.044,-0.956,2.044,282.0239441394806
-2.048,2.032,-2.048,282.42562103271484
-2.048,1.28,-2.048,282.8272399902344
-0.604,1.292,0.92,283.2289831638336
-1.956,0.3,1.724,283.6306700706482
-0.236,-0.768,2.044,284.03237318992615
-1.4,0.036,2.044,284.4339020252228
-2.048,1.384,-0.912,284.83557415008545
0.316,1.752,-2.048,285.23709201812744
-1.04,1.036,1.548,285.6385672092438
-0.144,-0.12,2.044,286.04000902175903
-1.024,-0.28,2.044,286.4416341781616
2.044,-0.02,2.044,286.8431520462036
-2.048,1.144,-0.948,287.24462604522705
-2.048,-2.048,0.792,287.6460831165314
0.816,-0.228,2.044,288.0477440357208
-1.72,0.648,2.044,288.44938921928406
-0.328,0.308,2.044,288.8510081768036
-1.588,0.008,1.788,289.2528831958771
-0.596,-0.24,2.004,289.65465116500854
-0.716,0.592,1.776,290.0562951564789
-1.304,1.164,2.004,290.45789909362793
0.052,0.824,2.044,290.8597991466522
-1.664,-1.04,2.044,291.26153111457825
-1.276,1.552,-0.536,291.6631669998169
-2.048,2.044,-2.048,292.06477212905884
-2.048,-1.824,-2.048,292.46661019325256
0.464,0.572,1.04,292.86828804016113
-2.048,0.208,2.044,293.26989817619324
-0.036,0.196,2.044,293.6714940071106
-2.048,0.344,0.792,294.07335901260376
-0.392,0.172,2.044,294.47505402565
-1.084,1.528,1.676,294.8767020702362
-0.848,1.268,2.044,295.2784311771393
-0.092,0.092,2.044,295.6796541213989
-1.476,-1.128,2.044,296.08115220069885
-1.22,0.12,2.044,296.48262000083923
2.044,2.044,-2.048,296.8842890262604
-1.652,1.184,1.676,297.28579115867615
0.524,0.136,2.044,297.68723320961
-1.612,0.916,2.044,298.0888080596924
0.656,-0.064,2.044,298.4906461238861
-0.908,0.036,1.496,298.8923330307007
-1.924,0.804,-0.532,299.2940001487732
-0.412,1.224,0.788,299.6957252025604
-2.048,2.044,-1.68,300.0975761413574
0.308,0.78,2.044,300.49930119514465
0.164,-2.048,-1.132,300.9010190963745
-2.048,2.044,-2.048,301.3028790950775
-0.268,2.008,-2.048,301.70460510253906
-0.048,-0.6,2.044,302.1062231063843
0.016,-0.448,2.044,302.5078160762787
-2.048,-0.604,2.044,302.90974020957947
-2.044,1.784,-1.008,303.3114171028137
-1.04,2.044,-2.048,303.71305203437805
-0.772,0.048,2.044,304.1146650314331
-0.236,0.668,1.912,304.5165021419525
-2.004,0.256,2.044,304.918172121048
-1.56,1.556,0.104,305.31980299949646
-2.048,0.936,0.116,305.72163820266724
-1.468,1.06,1.272,306.123419046402
-0.204,-0.032,2.044,306.5250871181488
-2.048,0.844,1.904,306.92670822143555
0.132,0.468,2.044,307.3284091949463
2.044,-2.048,-1.848,307.7296380996704
-2.048,2.044,-2.048,308.1312720775604
2.044,2.044,-2.048,308.532879114151
-0.468,0.744,2.044,308.93455505371094
0.452,0.548,2.044,309.3360571861267
-2.048,-0.5,1.992,309.7376461029053
1.036,0.992,1.832,310.139151096344
-1.468,1.592,-2.048,310.5407621860504
-1.608,0.572,2.044,310.9424262046814
-0.328,-0.516,2.044,311.3441731929779
-2.048,-2.048,2.044,311.7458701133728
-0.848,0.704,1.884,312.14739203453064
-2.048,0.736,-0.388,312.5488851070404
-2.048,-2.048,-2.048,312.9503471851349
-0.168,0.436,0.96,313.3521590232849
-2.048,2.008,-0.168,313.7538390159607
0.08,1.144,2.044,314.15545105934143
-2.048,-0.412,2.044,314.5570590496063
2.044,-2.048,-0.96,314.95889806747437
-0.032,1.756,2.044,315.36056303977966
-1.064,1.432,1.852,315.76216411590576
0.092,0.016,2.044,316.1637601852417
-1.616,-0.424,2.044,316.56563210487366
-1.392,0.388,2.032,316.9832410812378
1.184,2.044,-1.3,317.3849081993103
-1.176,0.788,2.044,317.7867441177368
-0.092,-0.076,2.044,318.18841910362244
-2.048,-0.412,1.032,318.590026140213
2.044,-1.476,2.044,318.99169301986694
-1.928,0.52,0.776,319.39379620552063
-1.752,1.8,-0.54,319.7953290939331
-0.288,0.424,1.032,320.19682812690735
-2.016,1.268,1.912,320.5982871055603
0.844,1.02,1.464,320.99995017051697
-2.048,0.844,0.812,321.4014642238617
-1.004,-0.336,1.588,321.8030650615692
0.744,-0.552,2.044,322.20465421676636
-1.884,1.052,1.9,322.60633611679077
0.704,0.124,2.044,323.00783801078796
-2.048,-0.532,1.28,323.40941309928894
-2.048,2.044,-2.048,323.811252117157
-0.432,1.412,-0.604,324.21294021606445
-2.048,2.012,2.044,324.61455512046814
0.184,-0.816,2.044,325.01615810394287
-2.048,-0.26,1.548,325.4179940223694
-2.048,1.8,-2.048,325.81973218917847
-2.048,2.044,0.04,326.2214210033417
-2.048,-1.272,2.044,326.62306118011475
1.98,-1.556,2.044,327.02489614486694
-1.052,-1.416,2.044,327.44806599617004
-2.048,1.936,-1.708,327.84974813461304
-1.18,0.212,2.044,328.2516050338745
-2.048,0.676,0.308,328.65328311920166
-1.168,0.356,1.728,329.0548942089081
-2.048,1.092,0.224,329.4565050601959
-1.312,1.312,0.652,329.85834217071533
0.272,0.336,1.248,330.2600200176239
-2.048,1.328,1.184,330.66163420677185
0.044,0.732,1.844,331.0631639957428
-2.048,0.2,0.82,331.4648320674896
-0.276,0.476,1.916,331.8663442134857
0.52,0.336,2.044,332.26788806915283
-1.728,1.204,1.168,332.6693551540375
0.12,-0.248,2.044,333.0710561275482
-2.048,-0.568,0.86,333.4727141857147
-2.048,1.528,-1.4,333.87433099746704
0.224,0.876,2.044,334.27616906166077
-2.036,1.092,0.548,334.6778531074524
0.18,0.84,1.828,335.07945919036865
-0.984,-0.764,1.512,335.48106122016907
-1.164,0.396,1.044,335.8828980922699
-0.484,-0.1,2.044,336.28465604782104
-2.048,1.06,1.116,336.686331987381
1.024,0.972,1.98,337.0879521369934
-2.048,1.684,-0.464,337.4898610115051
-1.176,0.904,1.304,337.89153504371643
-0.112,0.484,1.912,338.3160572052002
-2.048,0.168,2.044,338.71772503852844
2.044,-2.048,2.044,339.1196172237396
-1.016,0.564,-0.556,339.52130103111267
-1.748,0.624,1.24,339.9229111671448
-0.012,0.132,1.508,340.3247501850128
-1.32,0.54,2.044,340.7264242172241
0.72,0.324,0.876,341.1280300617218
-2.048,1.124,-1.016,341.52978920936584
-1.496,0.976,1.048,341.931654214859
-0.148,0.54,0.956,342.3333821296692
-0.86,0.48,2.044,342.7350220680237
-0.376,-0.148,2.044,343.136607170105
-2.048,0.716,-0.848,343.5382921695709
-2.048,-2.048,-2.048,343.9397280216217
-0.036,0.14,2.028,344.34131503105164
-2.048,1.86,-0.156,344.74279499053955
0.3,0.308,2.044,345.14449405670166
-2.048,0.864,-0.38,345.5459921360016
-0.472,1.232,0.66,345.94742608070374
0.436,0.572,0.092,346.34907817840576
-2.048,-2.048,2.044,346.7505841255188
-0.208,-0.644,2.044,347.1520290374756
-2.048,-0.296,1.948,347.5534701347351
-2.048,2.044,-2.048,347.95512318611145
-1.488,0.964,2.044,348.35678219795227
-1.004,0.992,2.044,348.7583920955658
0.376,-0.936,2.044,349.1600811481476
-0.52,0.012,2.044,349.56194019317627
-2.048,2.044,-2.048,349.96359419822693
-1.124,1.232,-0.848,350.3652000427246
-1.788,0.78,2.044,350.767058134079
-0.78,0.148,2.044,351.1687481403351
2.044,-1.844,2.044,351.57044100761414
-0.9,-0.04,2.044,351.97206711769104
-2.048,1.228,0.868,352.3739130496979
-1.12,1.156,0.424,352.7755880355835
1.264,-0.008,0.3,353.1771810054779
-1.176,1.092,1.576,353.57880210876465
0.788,0.508,2.044,353.9806730747223
-2.048,0.112,1.436,354.4082520008087
-1.42,1.516,0.864,354.8096251487732
0.4,0.244,2.044,355.21115708351135
-1.984,1.268,0.188,355.612832069397
0.3,0.548,2.044,356.01445508003235
-2.048,-0.504,2.044,356.41609811782837
0.864,-0.564,1.732,356.8178071975708
2.044,2.044,-2.048,357.2193241119385
-2.048,2.044,-2.048,357.6207790374756
0.088,-0.464,2.044,358.0222170352936
-2.048,-2.048,0.892,358.424024105072
2.044,-0.856,2.044,358.82570719718933
-2.048,1.58,-2.048,359.22749614715576
-2.048,2.044,-2.048,359.6292390823364
-0.812,1.084,1.76,360.0311532020569
-2.048,0.112,2.044,360.4328360557556
-1.564,1.516,0.232,360.8344531059265
-2.048,0.64,-1.464,361.2360601425171
-1.82,0.604,2.04,361.6379361152649
-1.048,1.34,0.888,362.03966307640076
-0.764,0.048,2.044,362.44126319885254
-2.048,1.208,-1.424,362.8431270122528
-1.472,-0.264,1.3,363.2448060512543
-2.048,1.204,-2.048,363.6464262008667
-0.448,0.68,1.74,364.04802417755127
-2.004,0.74,1.86,364.44992899894714
0.388,0.536,2.044,364.85162901878357
-2.048,0.796,1.3,365.25332617759705
-0.752,-0.224,1.208,365.6549780368805
0.276,0.356,1.508,366.05688405036926
-2.048,-0.776,2.044,366.45862913131714
0.452,-0.396,2.044,366.8601870536804
-0.176,2.044,0.12,367.26165103912354
2.044,-0.692,1.864,367.66334414482117
-0.948,1.1,2.044,368.06486916542053
-0.472,1.064,2.044,368.4663281440735
0.028,-0.1,2.044,368.8680181503296
-2.048,0.256,1.46,369.26955103874207
2.044,-1.548,2.044,369.67116498947144
-2.048,-0.248,-0.968,370.07267022132874
-1.364,0.516,1.7,370.4743630886078
-0.292,0.004,2.044,370.87608003616333
-2.048,-0.388,2.044,371.27782917022705
2.044,-0.284,2.044,371.6793851852417
-0.46,-1.12,2.044,372.0810852050781
-2.048,1.64,-2.048,372.4826111793518
-0.824,-0.436,2.044,372.884104013443
-2.048,0.208,1.324,373.28594422340393
2.044,-0.688,2.044,373.6876540184021
-1.072,-0.88,1.944,374.0893201828003
-1.396,0.496,0.344,374.4909291267395
-0.308,0.604,2.044,374.89279413223267
-2.048,0.66,1.036,375.29447412490845
0.084,0.088,2.044,375.69608902931213
-2.048,-0.096,0.284,376.0977101325989
-2.048,2.044,-2.048,376.4996681213379
-1.38,-0.74,2.044,376.9013671875
-1.612,0.6,1.784,377.30301809310913
-0.152,0.328,2.044,377.70465207099915
-1.98,-0.356,1.64,378.10655403137207
-0.228,-0.216,1.768,378.50825214385986
0.236,-0.716,1.904,378.9097549915314
-1.144,1.108,1.248,379.3114380836487
0.2,0.54,2.044,379.712975025177
-2.048,-2.048,1.0,380.11444115638733
-2.048,2.044,-2.048,380.5159020423889
-1.664,2.044,-2.048,380.91758608818054
-2.048,0.892,-1.488,381.3191661834717
-0.4,1.496,1.296,381.7206451892853
-1.128,1.188,2.044,382.1221730709076
-2.048,1.388,-0.372,382.5238690376282
-0.824,1.564,-2.048,382.9253761768341
-2.048,-0.228,2.044,383.32695603370667
-0.932,1.844,0.792,383.7286260128021
-1.912,-0.124,2.044,384.13050603866577
-2.048,2.044,-2.048,384.53221106529236
-2.048,0.184,0.212,384.93381905555725
-1.46,0.948,0.88,385.3356831073761
0.024,0.148,1.732,385.7373640537262
-1.264,-0.188,2.044,386.1389710903168
0.428,0.848,2.044,386.5406620502472
-2.048,-0.916,2.044,386.942547082901
-1.112,0.42,1.208,387.3442690372467
0.516,-0.536,1.572,387.745973110199
-1.524,0.504,2.044,388.1476731300354
-0.072,-0.632,2.044,388.5496551990509
-2.048,0.528,-0.996,388.9513351917267
-1.628,0.888,-0.568,389.3529510498047
-0.52,-0.18,2.044,389.7545680999756
-2.048,0.676,0.724,390.1564311981201
0.86,0.752,2.044,390.5580801963806
-2.048,1.084,-1.712,390.9595720767975
-1.968,1.144,-1.68,391.3612611293793
-0.844,0.04,2.044,391.76278614997864
-1.268,-0.212,2.044,392.16424202919006
-0.68,0.724,1.896,392.5657000541687
-2.028,-0.284,-0.096,392.96740913391113
-1.66,0.364,0.368,393.3691670894623
-0.668,0.284,2.044,393.77083921432495
-1.636,1.268,0.836,394.1724810600281
-0.744,-1.128,2.044,394.5743570327759
-2.048,1.504,0.564,394.9760332107544
-2.048,2.024,-2.048,395.3776412010193
-2.048,2.044,-2.048,395.77924704551697
-2.048,1.984,-2.048,396.1811330318451
-0.728,1.216,2.044,396.5828239917755
-2.048,-2.048,2.016,396.98442816734314
2.044,-0.684,2.044,397.3862931728363
-1.76,-0.112,1.348,397.7879910469055
-1.472,1.016,1.68,398.1896560192108
-0.264,0.492,1.556,398.59128618240356
-1.908,1.072,1.8,398.99319219589233
0.536,0.744,2.044,399.3948881626129
-2.048,0.344,0.804,399.7965130805969
-0.72,0.724,1.356,400.19812202453613
1.448,1.56,1.388,400.5999870300293
-0.28,0.728,2.044,401.00165605545044
0.672,0.756,2.044,401.40334606170654
-1.596,0.52,2.044,401.8050241470337
-2.04,1.692,-0.092,402.2069330215454
2.044,2.044,-0.212,402.6085901260376
-2.008,0.548,0.828,403.01008200645447
-0.548,0.376,2.044,403.4117910861969
-2.048,1.192,0.0,403.8134331703186
-0.028,0.528,2.044,404.2151641845703
-2.048,-0.748,1.236,404.6168031692505
-2.048,2.044,-2.048,405.01850509643555
-0.684,0.772,1.972,405.4201581478119
-0.76,1.052,2.044,405.82189416885376
0.092,-0.572,2.044,406.2234630584717
-1.2,0.328,2.044,406.62516713142395
-2.048,1.34,-2.048,407.02689814567566
-2.048,2.044,-2.048,407.42841815948486
-2.048,-2.048,-1.5,407.83010816574097
-0.508,-0.22,2.044,408.2319850921631
-1.504,0.568,1.604,408.63390016555786
-0.076,0.756,0.656,409.0358099937439
0.696,0.04,1.664,409.45636200904846
-1.968,1.06,0.804,409.85816717147827
-0.436,-0.384,2.044,410.2601101398468
-1.348,0.52,1.604,410.66198801994324
0.916,0.4,2.044,411.06388902664185
-1.892,1.196,1.864,411.4656112194061
-0.72,-1.348,2.044,411.8673801422119
-0.664,2.044,-2.048,412.26928901672363
-1.104,0.02,2.044,412.67123913764954
-0.196,0.256,2.044,413.0731370449066
-0.812,0.732,2.044,413.4748840332031
-0.452,-0.616,2.044,413.8767490386963
-1.556,-0.28,1.332,414.27876114845276
-1.692,0.876,-0.3,414.680557012558
0.128,0.228,1.372,415.0823130607605
-1.68,0.708,1.76,415.48403215408325
-0.04,-1.26,2.044,415.88577103614807
-1.584,-0.148,2.044,416.2875180244446
2.044,-2.048,2.044,416.68924617767334
2.044,2.044,-2.048,417.0909790992737
-0.76,0.22,2.044,417.4927010536194
-0.404,1.084,1.46,417.89442801475525
-0.688,-0.044,2.044,418.2963080406189
-1.16,1.432,0.156,418.698215007782
-1.456,-0.584,2.044,419.1001241207123
-1.396,0.508,1.912,419.5018711090088
1.068,-0.692,2.044,419.90372920036316
-2.008,1.54,0.552,420.3055980205536
0.108,-0.736,2.044,420.70742106437683
-2.048,-0.308,1.308,421.10922503471375
-0.796,1.38,-0.344,421.51112508773804
2.044,2.044,-2.048,421.9128429889679
-1.7,1.048,2.044,422.31452798843384
0.072,0.608,2.044,422.71617603302
-2.048,0.568,1.384,423.1180281639099
-0.328,1.488,1.628,423.51971912384033
-2.048,0.824,0.964,423.9213230609894
-0.012,0.052,2.044,424.32292318344116
2.044,2.044,-2.048,424.724750995636
-0.304,0.548,2.044,425.12648820877075
0.456,-0.228,2.044,425.54868721961975
-1.468,0.276,2.044,425.95056414604187
-2.048,1.044,-0.108,426.35218501091003
-2.048,2.044,-2.048,426.75372409820557
-1.264,0.632,2.044,427.1552140712738
-0.472,0.052,2.044,427.55694103240967
-2.048,0.348,1.488,427.9587140083313
-0.22,0.116,2.044,428.36062812805176
-1.596,0.7,2.044,428.76244711875916
-1.36,0.56,1.988,429.1643650531769
-2.048,2.032,-2.048,429.5661771297455
-1.628,0.988,1.108,429.96805000305176
-0.396,0.568,1.668,430.369992017746
-1.172,1.072,1.976,430.77187299728394
1.32,-1.408,2.044,431.1737470626831
-0.972,-0.264,2.044,431.5755271911621
0.236,0.684,2.044,431.9774401187897
0.844,1.34,0.996,432.3791480064392
-1.584,0.916,0.984,432.7807741165161
0.872,0.172,2.044,433.18237709999084
-1.432,0.952,1.864,433.5842101573944
2.044,-0.3,2.044,433.98587918281555
-2.048,-2.048,2.044,434.38747811317444
-0.272,0.908,1.244,434.78907799720764
1.168,0.58,2.044,435.1909110546112
1.352,0.932,1.58,435.592581987381
-0.02,0.164,2.044,436.0146691799164
-1.248,1.136,2.044,436.4165952205658
0.072,-0.304,2.044,436.81849217414856
-1.92,0.036,2.044,437.2203001976013
2.044,-2.048,2.044,437.62195205688477
-1.192,-0.556,2.044,438.02381110191345
-2.048,-1.528,1.48,438.4253761768341
0.32,0.128,1.34,438.82684421539307
-1.956,0.98,2.044,439.2282991409302
-0.336,0.296,2.044,439.62997007369995
-1.904,-0.14,2.044,440.03151416778564
-2.048,1.66,-0.972,440.4329741001129
-0.936,-0.588,1.784,440.8344180583954
-1.02,0.74,1.272,441.2360842227936
-0.02,0.668,1.276,441.637766122818
-0.932,1.352,2.044,442.03953099250793
0.308,0.48,2.044,442.4412431716919
-2.048,0.02,2.044,442.8427619934082
0.348,0.192,-0.308,443.24435019493103
-0.704,2.044,-2.048,443.64600110054016
-1.8,1.156,1.532,444.04784417152405
-0.664,0.692,2.02,444.4496600627899
-1.328,0.708,2.044,444.85128712654114
-0.032,0.768,2.044,445.25289511680603
2.044,1.204,0.964,445.65473318099976
-1.948,0.684,-0.268,446.0564169883728
-1.168,-0.268,2.044,446.4833650588989
-0.452,0.932,2.044,446.885222196579
0.124,1.024,2.032,447.28690814971924
-1.06,1.084,2.044,447.68851613998413
-2.048,1.324,-1.384,448.0902190208435
-2.048,1.748,-2.048,448.4920690059662
-2.048,1.688,-2.048,448.8937392234802
-0.252,0.78,1.012,449.2953472137451
-1.448,0.3,2.044,449.69696021080017
0.204,-0.116,2.044,450.09866309165955
-2.048,-0.328,0.636,450.50016713142395
-2.048,1.62,-2.048,450.90161299705505
-2.048,2.044,-2.048,451.30323004722595
-2.048,1.736,1.516,454.5761001110077
-0.564,-0.496,1.7,454.97781705856323
-0.436,0.632,1.224,455.37943720817566
-1.32,-0.156,1.44,455.78105306625366
-1.276,0.988,-2.048,456.1828911304474
-0.572,0.456,2.044,456.58465909957886
-0.304,-0.076,2.044,457.00940918922424
-2.048,0.312,1.876,457.4112710952759
-1.288,0.248,2.044,457.81299805641174
-0.668,1.28,-0.392,458.2146110534668
2.044,-2.048,-1.952,458.61622405052185
2.044,-0.148,2.044,459.0180621147156
-0.6,1.752,1.612,459.41975116729736
-0.064,-0.28,2.044,459.82140016555786
-1.668,1.464,2.044,460.2230131626129
-2.048,1.608,0.056,460.62485218048096
2.044,2.044,0.856,461.02650713920593
-1.008,1.184,0.7,461.428102016449
-1.028,0.036,2.044,461.8297200202942
-2.048,1.548,1.256,462.2314372062683
-1.068,0.076,2.044,462.63298320770264
-2.048,0.692,1.716,463.03443908691406
-1.872,1.032,-0.496,463.4361090660095
-0.716,1.164,-0.228,463.83765506744385
-0.696,1.096,1.732,464.2391130924225
-0.352,-0.008,2.044,464.6405680179596
-2.048,-1.128,2.044,465.0422282218933
-1.5,0.516,1.396,465.44372820854187
-1.336,-0.612,2.044,465.8451840877533
-1.4,0.632,1.0,466.2466230392456
0.104,0.6,-1.284,466.6482901573181
-0.964,0.888,1.148,467.0497829914093
-0.516,-0.124,2.044,467.47423815727234
-1.036,0.584,2.044,467.8759272098541
0.4,-0.232,2.044,468.27760100364685
-2.048,0.492,2.044,468.6792302131653
-1.264,0.652,1.34,469.0808382034302
2.044,2.044,0.672,469.48267102241516
-1.268,0.416,2.004,469.88437700271606
0.516,-0.044,2.044,470.28599405288696
-1.728,0.044,2.044,470.6876890659332
-0.928,-0.06,2.044,471.0895850658417
0.564,1.644,-2.048,471.491250038147
0.944,-2.048,0.228,471.892863035202
-0.312,0.172,2.044,472.2945020198822
-2.048,1.524,1.152,472.7186360359192
-0.096,-2.048,2.044,473.1203510761261
-1.724,0.72,2.044,473.5219781398773
-1.92,0.736,1.848,473.92372012138367
2.044,0.664,-2.048,474.3254370689392
-1.076,0.788,1.564,474.726989030838
-0.332,0.44,2.044,475.1284580230713
-1.784,1.052,1.856,475.5301260948181
0.064,-0.16,2.044,475.9316680431366
-1.792,-2.048,0.592,476.33312821388245
-1.768,0.368,0.328,476.7346541881561
-0.088,1.38,-0.996,477.1363320350647
-1.508,0.596,1.7,477.53787899017334
-0.496,-0.084,2.044,477.9442141056061
-0.68,0.512,2.044,478.3458421230316
-0.616,0.22,2.044,478.7476851940155
-1.156,-0.136,1.792,479.1493442058563
-0.524,-0.652,1.168,479.5509731769562
0.332,-0.352,-0.612,479.95281314849854
-0.892,0.544,2.044,480.35448002815247
0.736,0.456,2.044,480.7560930252075
-1.58,0.496,2.044,481.1577491760254
-0.176,0.668,1.252,481.5596652030945
0.968,0.688,0.288,481.96133399009705
0.072,0.436,1.32,482.3629341125488
-0.824,0.808,1.82,482.7645421028137
-1.896,1.344,1.216,483.1664021015167
0.004,0.216,2.044,483.5680830478668
-2.048,-2.048,0.968,483.96970415115356
-0.304,-0.172,1.612,484.371306180954
-0.604,0.452,1.056,484.77314615249634
0.244,0.736,1.276,485.1748101711273
-0.716,0.18,2.044,485.57642221450806
-0.756,1.048,2.044,485.97811818122864
-1.58,-1.436,2.044,486.3796269893646
-2.048,0.108,2.044,486.7811481952667
0.512,-1.876,0.704,487.1826331615448
2.044,0.472,1.144,487.5843071937561
-0.728,1.476,2.044,487.9858090877533
0.212,0.028,2.044,488.4104001522064
-2.048,0.828,2.012,488.8120710849762
-1.756,1.032,0.996,489.2139241695404
-2.048,0.288,-0.2,489.6156871318817
-0.872,-2.048,1.032,490.0174641609192
1.172,-0.12,2.044,490.4193332195282
-1.936,1.04,1.716,490.8211860656738
-0.256,0.412,2.044,491.2229480743408
-2.004,-2.048,-0.064,491.6248481273651
-2.048,2.044,-2.048,492.0267291069031
2.044,2.044,-2.048,492.42842507362366
-0.596,-0.1,2.024,492.8300850391388
-1.652,0.436,1.132,493.2317101955414
-1.728,1.992,2.044,493.6560170650482
0.032,1.104,1.292,494.0577280521393
1.364,0.58,2.044,494.45937418937683
2.044,0.328,0.84,494.86099219322205
-0.692,0.408,1.172,495.2628810405731
-0.956,0.788,1.3,495.6645760536194
-0.712,0.112,2.044,496.0661940574646
-2.048,0.996,1.124,496.46803617477417
-0.74,-0.056,2.044,496.8697350025177
-2.048,1.368,-1.368,497.27135014533997
1.592,-2.048,-1.908,497.672972202301
0.724,0.164,1.704,498.0746741294861
-1.324,0.676,2.044,498.47619915008545
-0.256,0.26,2.044,498.8949980735779
-0.896,0.84,2.044,499.2965021133423
0.632,-0.344,2.044,499.69818019866943
-2.048,1.012,0.908,500.0996901988983
-0.6,1.232,0.856,500.5011351108551
0.844,0.316,2.044,500.90257716178894
-1.556,0.508,2.044,501.3042321205139
0.136,0.128,2.044,501.7057571411133
-2.048,-1.004,2.044,502.1072430610657
-1.816,0.676,1.208,502.5089042186737
-2.048,2.044,-2.048,502.91041707992554
-0.58,1.788,0.952,503.3119900226593
-0.7,0.504,2.044,503.7136001586914
-2.048,1.228,0.884,504.1224510669708
-2.048,1.284,-0.32,504.5241611003876
-2.048,1.132,0.836,504.9257791042328
-2.048,0.884,2.044,505.32737708091736
-0.416,0.544,1.12,505.72922110557556
-1.1,1.024,1.432,506.13090205192566
-0.728,0.364,2.044,506.53251600265503
-2.048,0.964,2.044,506.9343612194061
-0.628,0.58,2.044,507.336040019989
0.376,-0.748,-0.436,507.73765206336975
0.404,-0.276,1.144,508.13925313949585
0.064,-0.444,2.044,508.54109501838684
-0.732,1.184,1.816,508.94276309013367
-0.112,-0.088,2.044,509.36576414108276
-1.788,1.088,2.044,509.7673490047455
-2.048,0.812,1.712,510.16902804374695
-0.524,0.264,1.136,510.5706181526184
-2.048,0.792,-0.5,510.972097158432
-0.548,0.128,1.956,511.37355613708496
-1.916,0.968,2.044,511.7752251625061
-0.4,0.492,2.044,512.1767330169678
-1.268,0.592,2.044,512.5781869888306
-1.816,0.38,2.044,512.9798460006714
-0.604,0.752,0.02,513.3815040588379
0.376,0.812,0.228,513.7831180095673
-1.12,0.404,2.044,514.1847240924835
-2.048,1.06,1.876,514.6062819957733
-0.268,-0.592,2.044,515.0079760551453
0.772,-0.956,1.22,515.4096829891205
0.028,-0.992,2.044,515.8112950325012
-0.744,0.072,1.416,516.2131941318512
-1.044,0.636,0.504,516.6149020195007
-0.728,0.344,2.044,517.0165140628815
-1.924,0.592,2.044,517.4181180000305
1.108,-0.324,2.044,517.8199682235718
-2.016,1.124,1.98,518.2216482162476
-0.972,-2.048,-0.98,518.6232612133026
0.428,-0.464,1.072,519.0250961780548
-0.34,-1.44,1.024,519.4267811775208
-0.648,0.576,2.044,519.8461081981659
-1.092,2.008,1.54,520.2477750778198
-0.168,0.04,1.66,520.6496810913086
-1.28,0.592,2.044,521.0513920783997
-2.048,1.7,0.8,521.4530441761017
1.352,-0.504,-0.372,521.8547060489655
0.312,-0.628,1.188,522.256411075592
-0.064,-0.276,1.8,522.6579501628876
0.252,0.772,2.044,523.0594041347504
0.084,-0.428,2.044,523.4610650539398
-2.048,1.044,1.252,523.8625950813293
-0.752,0.0,2.044,524.2640380859375
-1.708,1.148,0.892,524.665657043457
-0.256,-2.048,-0.048,525.09077501297
-0.264,0.04,1.884,525.4923191070557
-0.868,1.348,2.044,525.8937821388245
0.508,-0.66,2.044,526.2952251434326
-2.048,1.668,0.832,526.6968860626221
-0.028,1.468,2.04,527.0984032154083
-1.152,1.256,0.12,527.4998531341553
0.996,-1.988,-1.784,527.9013011455536
1.384,0.22,1.78,528.3031070232391
-0.616,1.324,0.492,528.7047951221466
-1.152,0.264,2.044,529.1064031124115
-1.448,0.832,2.044,529.508239030838
0.568,-0.568,2.044,529.9099340438843
-1.3,-2.048,1.492,530.3116381168365
2.044,-2.048,1.052,530.7132952213287
-2.028,1.964,-2.048,531.1151912212372
-1.496,0.696,1.132,531.5168721675873
-0.636,-0.432,2.044,531.9184951782227
-2.048,1.648,1.808,532.3202061653137
-1.128,-0.12,1.32,532.722048997879
-1.112,0.488,0.324,533.1237211227417
-0.128,0.028,1.452,533.5253469944
-0.136,-0.02,0.952,533.9268400669098
-0.844,1.14,0.7,534.328565120697
-0.092,0.176,2.044,534.7301080226898
-2.048,1.624,1.484,535.1315801143646
-0.408,1.828,-0.368,535.555958032608
0.832,1.344,0.912,535.9574830532074
-1.264,0.12,1.592,536.358941078186
0.016,0.816,2.044,536.7604050636292
-1.672,1.532,1.252,537.1620671749115
0.452,-1.188,2.044,537.5635850429535
-2.048,1.22,2.044,537.9650301933289
-2.048,1.432,0.7,538.3666779994965
-1.328,1.692,-2.048,538.7686421871185
-0.88,0.456,1.856,539.170324087143
-0.368,0.4,2.044,539.571949005127
-1.724,1.544,2.044,539.9737911224365
-1.144,0.136,2.044,540.3754751682281
-2.044,1.588,-0.532,540.7972190380096
-0.34,-0.56,0.512,541.1988821029663
1.116,0.632,1.832,541.6007311344147
-0.06,0.396,1.504,542.0023992061615
-0.672,0.216,2.044,542.4040060043335
-1.064,0.848,2.044,542.8056089878082
0.032,0.2,2.044,543.207456111908
2.044,1.204,-1.3,543.6091470718384
-2.048,0.216,0.648,544.0107560157776
0.532,-0.388,2.044,544.4123620986938
-0.764,0.764,1.456,544.8142020702362
-1.012,0.584,2.044,545.2159361839294
-2.048,1.732,2.044,545.6174581050873
0.5,-0.516,2.044,546.0368671417236
-0.448,0.796,0.168,546.4384200572968
0.636,-2.048,-1.492,546.8399131298065
0.192,0.128,1.176,547.241366147995
-0.136,0.8,1.22,547.6430311203003
0.008,0.084,2.044,548.0445370674133
-1.7,1.424,2.044,548.4461140632629
2.044,1.756,2.044,548.8477170467377
0.292,0.228,1.312,549.2496421337128
-1.988,0.616,1.204,549.6514739990234
-0.616,0.708,2.008,550.0531511306763
-0.224,1.596,1.956,550.4548342227936
0.58,-0.056,2.044,550.8566942214966
-2.048,1.044,2.044,551.2586991786957
0.296,1.064,1.852,551.6604690551758
1.352,0.968,1.036,552.0623610019684
2.044,-2.048,-0.92,552.4641180038452
0.176,0.012,2.044,552.865786075592
-0.564,1.188,1.44,553.2674610614777
0.704,-2.048,2.044,553.6693511009216
-2.048,0.652,2.044,554.0710451602936
-0.816,1.568,2.044,554.4726481437683
-1.06,-0.768,1.136,554.8742570877075
-0.284,-0.408,0.996,555.2761261463165
-0.492,-0.304,2.044,555.6778120994568
-1.604,0.524,1.312,556.0794241428375
-0.384,0.008,1.96,556.5079560279846
-2.048,0.364,2.044,556.909775018692
-2.048,0.068,1.712,557.3113009929657
1.04,-0.036,-0.32,557.7127690315247
-0.784,1.008,0.824,558.1146421432495
-0.928,0.144,2.044,558.5162131786346
-2.048,1.284,1.596,558.9176661968231
-0.408,-1.148,2.044,559.3191170692444
2.044,-2.048,-1.916,559.7208421230316
-0.88,0.008,1.092,560.1223611831665
0.5,-0.028,2.044,560.5238699913025
-1.068,1.184,1.112,560.925332069397
0.636,0.052,2.044,561.3270192146301
-2.048,-2.048,2.044,561.7286469936371
-1.612,1.684,2.044,562.1301460266113
-2.048,0.82,-0.048,562.5318322181702
-0.9,0.308,0.972,562.9333372116089
0.612,0.008,2.044,563.3349540233612
-1.496,1.044,1.62,563.7365829944611
-0.16,0.516,2.044,564.1384551525116
-1.42,0.656,1.88,564.5402321815491
-1.46,0.988,2.044,564.9418442249298
-0.404,0.728,-2.048,565.3435001373291
-1.036,0.464,1.456,565.7453720569611
-1.184,0.12,2.044,566.1470592021942
-2.048,1.76,1.516,566.5486931800842
-0.608,0.716,0.584,566.9706161022186
2.044,0.78,-1.548,567.3725020885468
-1.328,-1.732,-0.924,567.7741930484772
1.932,-1.34,2.044,568.1758000850677
-0.504,0.42,2.044,568.5776660442352
1.2,0.232,2.044,568.9793422222137
-2.048,0.652,1.448,569.3808732032776
-2.048,2.044,-2.048,569.78235912323
-1.032,1.384,-1.716,570.1840682029724
-0.324,0.832,1.044,570.5855979919434
-0.512,-0.008,2.044,570.9870750904083
-2.048,1.124,1.484,571.3885741233826
-0.072,-0.976,2.044,571.790265083313
-0.384,0.9,-0.912,572.1918702125549
-0.712,0.18,0.776,572.5933680534363
-0.056,-0.476,2.044,572.9950671195984
0.892,0.772,2.044,573.3967521190643
0.256,0.02,2.044,573.7983720302582
-1.92,0.484,2.044,574.1999800205231
-1.784,2.044,-1.236,574.6018550395966
-2.048,0.324,0.164,575.0035381317139
0.376,0.128,0.544,575.4051530361176
-1.344,0.344,2.044,575.8067560195923
-2.048,0.968,2.044,576.2086880207062
-2.048,0.188,0.688,576.6103851795197
-2.048,0.876,1.404,577.011999130249
1.024,-2.048,-0.652,577.4355871677399
-1.452,0.152,2.044,577.8374800682068
-0.792,1.484,1.484,578.2391741275787
1.264,-0.276,2.044,578.6407871246338
-2.048,1.72,2.044,579.0426511764526
-2.048,0.692,-0.736,579.444342136383
-2.048,0.336,0.248,579.8459651470184
-1.032,0.032,1.892,580.2475709915161
-0.076,0.392,2.044,580.6494331359863
-0.668,1.052,2.044,581.0511012077332
0.896,-0.272,2.044,581.4526760578156
-2.048,1.62,-2.048,581.8542370796204
1.192,0.672,1.908,582.2559490203857
-0.248,0.836,0.768,582.6775500774384
-2.048,0.932,2.044,583.079076051712
-2.048,1.46,0.164,583.4807431697845
-2.048,0.312,2.044,583.8826241493225
-0.516,-0.188,2.044,584.2843070030212
0.908,2.044,2.044,584.685928106308
-0.752,1.064,1.84,585.087788105011
0.22,0.26,2.044,585.4894721508026
-2.048,0.36,2.044,585.8910851478577
-2.048,1.636,-0.732,586.2926881313324
-1.684,0.512,-0.252,586.6945700645447
-0.636,0.772,1.232,587.0962610244751
-0.612,0.164,2.044,587.4978680610657
-1.284,1.156,2.044,587.9173431396484
-0.64,-0.548,2.044,588.3192751407623
-1.864,0.868,-0.004,588.7209730148315
-0.904,0.132,1.64,589.1225800514221
-0.896,0.8,-0.144,589.524432182312
-0.544,0.944,2.044,589.9261181354523
-0.524,0.396,2.044,590.3277280330658
-1.512,0.548,2.044,590.7294101715088
-1.464,0.816,1.196,591.1312940120697
-1.184,0.672,0.292,591.5329921245575
1.9,-2.048,0.84,591.9346871376038
-1.68,0.944,0.556,592.3363301753998
-2.044,1.128,0.708,592.7381989955902
-0.224,0.26,2.044,593.139858007431
-2.048,-0.008,2.044,593.5414791107178
-1.796,0.316,2.044,593.9429500102997
-0.052,0.764,0.304,594.3445711135864
-0.356,0.284,1.956,594.7461180686951
-0.772,0.464,2.044,595.1475970745087
-1.84,1.744,1.448,595.5493190288544
1.068,-2.048,2.044,595.9508330821991
-1.432,1.224,2.044,596.3522801399231
-1.632,1.252,2.044,596.7537341117859
-1.3,0.816,-0.144,597.155424118042
-1.088,0.816,1.396,597.5571072101593
-0.004,0.3,2.044,597.9586100578308
-1.748,0.592,2.044,598.3806982040405
0.996,-1.94,2.044,598.7825970649719
-2.048,-1.764,2.044,599.18430519104
-2.048,1.848,-1.368,599.5859241485596
-2.048,0.408,0.26,599.9875252246857
1.892,-2.048,-0.112,600.3893990516663
-0.292,0.372,2.044,600.7911081314087
-0.756,1.632,1.888,601.1927230358124
-0.46,-0.092,2.044,601.5945911407471
-2.048,-1.956,2.044,601.9963490962982
2.044,-0.268,2.044,602.3980112075806
1.292,0.852,-0.108,602.7997100353241
-0.292,-0.108,2.044,603.2015872001648
2.044,-1.28,0.12,603.6255300045013
-0.824,1.064,1.888,604.0271902084351
0.288,-0.252,2.044,604.4288110733032
-1.324,0.868,2.044,604.8306930065155
0.016,-0.008,2.044,605.2323040962219
-1.848,0.3,2.044,605.633786201477
-0.632,0.504,1.912,606.0354731082916
-0.256,0.232,0.272,606.4370160102844
-1.232,0.808,1.34,606.8385891914368
-0.152,-0.164,2.044,607.2400801181793
-2.048,1.344,1.86,607.6417620182037
-0.828,-0.4,2.044,608.0432651042938
-2.048,0.816,1.612,608.4448461532593
1.368,-0.868,1.98,608.8514912128448
-2.048,0.528,0.396,609.2534160614014
-1.096,0.78,1.296,609.6552591323853
-1.26,0.324,2.044,610.0569469928741
-1.888,1.268,1.9,610.4586970806122
-0.276,0.384,1.596,610.86057305336
-2.048,1.14,0.744,611.2624981403351
0.528,-0.264,2.044,611.664192199707
-0.616,1.1,-0.92,612.0660500526428
-1.636,0.42,-0.02,612.4677441120148
-1.32,1.12,2.044,612.8693990707397
-0.492,1.072,1.992,613.2710320949554
-0.032,0.128,2.044,613.6729040145874
-1.732,1.016,1.992,614.0746099948883
-0.644,0.3,1.364,614.4763171672821
-0.968,0.848,0.392,614.8779590129852
-1.408,0.576,1.408,615.2798731327057
2.044,-0.6,-0.64,615.6815581321716
-0.828,0.832,1.524,616.0831542015076
-0.46,0.088,2.044,616.4847512245178
-2.048,-0.148,2.044,616.886470079422
0.192,-0.096,2.044,617.2880411148071
-2.048,1.16,2.044,617.6895341873169
-1.632,0.044,2.044,618.0912261009216
-1.012,0.756,-1.52,618.4928040504456
-0.96,0.284,1.616,618.8942880630493
-0.516,0.412,1.68,619.2958171367645
-1.444,0.732,2.044,619.6975491046906
1.148,-0.168,2.044,620.0991790294647
-1.948,0.232,2.044,620.5006651878357
-2.048,1.928,-1.104,620.9021182060242
-1.656,0.916,-0.984,621.3038101196289
0.04,0.164,1.676,621.7053270339966
0.728,-0.364,1.88,622.1067740917206
0.724,0.268,2.044,622.5082120895386
0.928,0.176,2.044,622.90989112854
-1.528,0.664,1.764,623.3115570545197
0.92,-0.096,2.044,623.7131721973419
-2.048,-0.656,1.668,624.1150481700897
-1.972,-0.136,-0.272,624.5168070793152
0.404,-0.052,1.412,624.9184532165527
-1.16,0.92,1.572,625.3201792240143
1.008,0.476,2.044,625.7220702171326
-2.048,0.504,1.888,626.1237421035767
1.964,-0.744,2.044,626.525356054306
-0.672,0.7,1.988,626.927050113678
-0.776,-0.48,1.936,627.3289320468903
1.776,0.528,-1.828,627.7306201457977
-1.532,0.796,1.784,628.132238149643
0.364,-0.316,2.044,628.5338451862335
-1.752,0.708,2.044,628.9355661869049
-1.836,1.116,0.016,629.3371012210846
2.044,-2.048,0.876,629.7386000156403
-0.92,0.3,1.16,630.1402931213379
-1.096,1.216,-1.608,630.5418951511383
-0.42,0.296,1.664,630.9434010982513
-0.372,0.16,2.044,631.3449320793152
-1.38,1.42,1.9,631.7466351985931
-0.632,0.472,1.268,632.1481800079346
-2.048,0.532,2.044,632.549654006958
-2.048,0.736,-0.148,632.951101064682
-2.048,0.6,-0.34,633.3529419898987
-0.656,0.976,0.468,633.7546281814575
0.72,-0.224,1.892,634.1562461853027
-1.028,0.968,2.044,634.5578610897064
0.124,-0.316,2.044,634.959792137146
-1.3,0.548,2.044,635.3614830970764
0.004,-0.012,2.044,635.7630910873413
-1.936,-0.168,2.044,636.1649820804596
0.232,-2.048,1.392,636.5667281150818
-0.94,1.012,1.484,636.9684522151947
-1.372,0.816,1.904,637.3701481819153
-0.148,0.168,2.044,637.7720332145691
-2.048,0.72,2.044,638.1737101078033
0.708,-0.012,2.044,638.5753211975098
-2.048,0.644,1.544,638.9769201278687
-1.124,1.12,1.328,639.3787910938263
-2.048,1.86,-2.048,639.780483007431
-0.464,-0.036,2.044,640.1820940971375
0.996,0.084,1.7,640.5839550495148
-1.716,1.492,1.08,640.985680103302
0.128,-0.044,2.044,641.3872480392456
-2.048,0.872,1.736,641.7887341976166
-0.024,0.992,2.044,642.1904420852661
-2.048,0.396,0.864,642.5920011997223
-1.828,0.792,0.508,642.9934530258179
-2.048,1.732,-1.928,643.3950290679932
-0.96,0.224,2.044,643.7968780994415
0.072,-0.212,2.044,644.1986141204834
-1.988,0.304,2.044,644.6002361774445
-0.064,0.408,2.044,645.0018360614777
-2.048,-0.168,2.044,645.403706073761
2.044,-0.896,2.044,645.8053891658783
-2.048,1.268,-0.148,646.2070050239563
2.044,-2.048,0.492,646.6089100837708
0.564,-0.384,1.056,647.0106661319733
-1.44,0.808,2.02,647.4159560203552
0.104,1.144,2.044,647.817624092102
-1.132,0.02,2.044,648.219496011734
-0.956,0.4,2.044,648.6211860179901
-2.048,-0.416,1.376,649.0227839946747
-0.916,0.876,0.224,649.4243841171265
-0.78,0.132,-2.048,649.8262560367584
-0.132,0.408,2.044,650.2279601097107
0.52,-0.376,2.044,650.6296582221985
-2.008,0.4,2.044,651.0312700271606
0.208,0.244,2.044,651.433128118515
-2.048,-0.316,2.044,651.8348121643066
0.392,-0.436,2.044,652.2364301681519
-1.364,-0.4,1.908,652.6383521556854
-2.044,0.328,-1.024,653.0397021770477
0.116,0.456,-0.24,653.4412732124329
-2.048,1.264,-0.236,653.842737197876
0.272,0.524,2.044,654.2444651126862
-2.048,1.132,0.608,654.6459980010986
-1.592,2.044,-1.028,655.0474472045898
1.284,0.348,0.688,655.4488890171051
1.4,-0.176,0.852,655.8505661487579
-0.372,-0.332,2.044,656.2520890235901
-0.764,1.684,2.044,656.6535410881042
0.676,-1.432,2.044,657.0549821853638
-2.048,0.148,2.044,657.4566612243652
-1.092,1.724,1.812,657.8581721782684
2.044,-0.036,0.916,658.2598440647125
0.844,-0.416,0.872,658.6617221832275
-0.168,-0.352,1.352,659.0633962154388
-0.62,1.928,1.4,659.4650011062622
0.824,-0.372,2.044,659.8666050434113
-1.644,1.76,1.728,660.2684741020203
-0.52,-0.228,2.044,660.6702301502228
0.508,1.048,0.868,661.0718321800232
2.044,-0.84,-0.916,661.4734320640564
-0.436,0.464,0.888,661.8752951622009
-1.224,0.98,1.244,662.2769870758057
-0.524,0.36,2.044,662.6786940097809
-2.048,1.16,2.044,663.080316066742
0.236,-0.204,2.044,663.4875180721283
-1.384,0.832,1.864,663.889240026474
-1.864,0.84,0.544,664.290874004364
-0.9,1.52,-0.168,664.6925940513611
1.072,0.552,0.96,665.0941200256348
0.216,0.48,2.044,665.4955801963806
-1.856,-0.016,2.044,665.8970341682434
-0.28,-0.22,2.044,666.2987830638885
-1.44,0.112,2.044,666.7003171443939
-1.312,-1.232,2.044,667.101772069931
-0.716,0.48,0.368,667.5032172203064
-0.54,0.356,1.772,667.9049110412598
0.3,0.2,2.044,668.3065860271454
-2.048,1.804,1.136,668.7082471847534
0.36,1.308,2.044,669.1100070476532
0.284,1.78,-1.436,669.5117230415344
-0.784,0.504,0.88,669.9135301113129
-1.476,0.596,1.612,670.3152160644531
-2.048,0.956,2.044,670.717089176178
-0.836,0.224,1.9,671.118821144104
-1.78,-0.44,2.044,671.5207362174988
-1.496,0.232,1.844,671.9224910736084
-0.464,0.236,0.384,672.3243780136108
-0.708,0.808,1.96,672.7261080741882
-0.1,0.296,2.044,673.1277401447296
-1.476,0.728,2.044,673.5293571949005
0.776,0.392,2.044,673.9312171936035
-2.048,1.248,0.536,674.3329331874847
2.044,-0.244,0.556,674.734649181366
-0.984,-0.064,2.044,675.1365251541138
-1.232,1.408,1.616,675.5382261276245
-0.464,-0.28,1.512,675.9398331642151
-2.048,0.476,2.004,676.3414361476898
-2.048,1.92,0.728,676.7431650161743
0.32,1.588,-0.276,677.1448080539703
0.104,1.312,0.88,677.54634308815
-0.48,0.556,1.764,677.9478302001953
-2.048,1.608,1.896,678.3495481014252
0.508,-0.052,2.044,678.7510762214661
-1.508,1.2,1.672,679.1525251865387
-1.968,0.68,2.044,679.5539741516113
-0.748,0.568,1.508,679.9556820392609
-0.956,0.728,1.308,680.3573670387268
-0.308,0.412,2.044,680.7588732242584
-2.048,1.848,0.752,681.1605582237244
0.548,-0.424,2.044,681.562087059021
-2.048,0.896,2.044,681.9635381698608
2.044,-2.048,0.584,682.3649830818176
-0.344,0.796,-1.736,682.7666652202606
-1.32,1.504,-0.02,683.1683750152588
0.044,0.24,2.044,683.5700170993805
-2.048,-0.228,1.4,683.9716341495514
-1.352,1.4,1.832,684.3734970092773
-1.172,1.456,-1.036,684.7751841545105
-1.64,1.076,-0.388,685.1767899990082
0.312,-0.068,1.292,685.5817911624908
1.0,0.14,2.044,685.9836721420288
-0.34,0.124,2.044,686.3853712081909
-2.048,0.556,2.044,686.7869901657104
0.296,2.044,2.008,687.1888592243195
2.044,1.088,-2.048,687.5905530452728
0.88,-0.612,1.004,687.9921522140503
1.64,0.32,1.884,688.3938081264496
-0.112,0.732,2.004,688.795529127121
-0.444,0.296,2.044,689.1970591545105
-2.048,1.436,1.432,689.5985791683197
-0.752,2.044,1.092,690.0000400543213
2.044,0.384,2.044,690.4017422199249
-1.656,0.804,0.416,690.803295135498
-0.396,-0.26,2.044,691.2048380374908
-0.708,1.26,0.856,691.6063160896301
0.224,-0.108,2.044,692.0080060958862
-2.048,-2.048,0.968,692.4095511436462
1.824,1.392,2.044,692.8110041618347
0.064,0.96,-2.048,693.2128341197968
1.904,-2.048,0.92,693.6145122051239
0.84,-0.496,2.044,694.0161101818085
-0.652,1.596,1.592,694.4177091121674
0.1,0.192,2.044,694.819699048996
-2.048,0.828,2.044,695.2214021682739
-0.404,1.652,1.124,695.6230180263519
-2.048,1.6,-1.808,696.0246131420135
1.284,-2.048,0.352,696.4292740821838
0.304,-0.16,0.348,696.8310010433197
-0.496,1.008,2.044,697.2326791286469
0.056,-0.048,2.044,697.6345419883728
-1.464,-2.048,1.06,698.0362401008606
0.672,0.532,2.044,698.4378490447998
-0.384,1.256,-0.86,698.8394532203674
2.004,-2.048,0.564,699.2413020133972
-0.62,0.272,1.408,699.642988204956
-0.164,1.184,1.788,700.0445890426636
-0.204,0.092,2.044,700.4460802078247
-2.048,1.076,1.048,700.8477680683136
-0.656,0.084,2.044,701.2493281364441
-0.948,0.148,2.044,701.6508481502533
-2.048,-0.304,2.044,702.0524880886078
1.728,0.848,0.392,702.4542071819305
-0.652,1.008,0.824,702.8557250499725
0.172,0.412,2.044,703.2573311328888
-2.048,1.46,1.308,703.6591901779175
0.12,0.384,1.292,704.0608901977539
-1.288,0.792,2.04,704.4624981880188
2.044,-2.048,2.044,704.8641021251678
2.044,2.044,-2.048,705.2660031318665
-1.196,0.636,0.948,705.6676881313324
-0.64,0.36,2.044,706.0693030357361
-1.752,1.28,1.616,706.4709022045135
0.3,0.004,2.044,706.8727540969849
-1.948,-0.46,2.044,707.2745401859283
-2.048,0.82,0.428,707.6762030124664
0.588,0.64,-1.384,708.0778071880341
-0.912,1.3,1.92,708.4797730445862
-0.364,0.412,2.044,708.8814580440521
-2.048,-0.072,1.204,709.2830700874329
-0.436,1.56,2.044,709.6849310398102
2.044,1.22,-2.048,710.0866391658783
0.468,-0.296,0.9,710.4883480072021
0.18,0.46,1.36,710.8900010585785
-1.468,0.536,2.044,711.2918660640717
0.06,-0.308,2.044,711.693549156189
-1.148,0.168,2.044,712.09521317482
-1.548,0.24,1.96,712.4967560768127
-0.88,1.132,-1.052,712.8985111713409
-1.188,0.832,0.756,713.3000860214233
-0.824,0.676,1.712,713.7015731334686
-1.62,1.424,2.044,714.103296995163
-0.652,-0.032,2.044,714.5050201416016
-1.344,0.988,0.288,714.9065392017365
1.676,-1.436,0.784,715.3079941272736
0.312,0.292,2.044,715.7096951007843
0.772,0.756,2.044,716.1112160682678
-0.86,-2.048,2.0,716.5126621723175
-1.624,0.268,2.044,716.9140980243683
-1.932,0.284,2.044,717.3157770633698
-1.304,1.156,-1.876,717.7172930240631
-0.248,1.164,1.148,718.1189520359039
-0.352,0.62,2.044,718.5205991268158
-2.048,-2.048,1.512,718.9224660396576
0.852,1.488,2.044,719.324156999588
-0.7,0.98,-0.252,719.7257740497589
-1.252,1.328,0.612,720.1273791790009
1.284,-0.06,2.044,720.5292479991913
-1.852,0.98,2.044,720.9309232234955
-0.852,-0.14,2.044,721.3325321674347
0.144,-0.468,2.044,721.7343981266022
0.004,-0.392,0.56,722.1361081600189
1.076,-0.512,2.044,722.5377240180969
-0.792,1.548,1.168,722.9393281936646
0.06,-0.528,2.044,723.3446640968323
-2.048,0.144,2.044,723.7463722229004
-1.288,-0.168,2.044,724.1479980945587
-0.864,1.04,-0.388,724.5495340824127
-0.436,0.924,2.044,724.9512281417847
-0.132,0.012,2.044,725.3527581691742
-2.048,0.476,1.088,725.7546150684357
-2.048,1.756,-0.572,726.1561250686646
-0.544,0.548,-2.048,726.5578141212463
                                                                                                                                                        