0.0,0.0,0.0,0.005823850631713867
-0.676,-0.604,2.044,0.5126998424530029
-0.552,-1.16,2.044,1.014807939529419
-0.776,-1.356,2.044,1.516758918762207
-0.844,-1.184,2.044,2.018657922744751
-0.944,-1.804,2.044,2.520504951477051
-1.264,-0.884,2.044,3.0223388671875
-0.472,-1.58,2.044,3.524195909500122
-0.608,-1.06,2.044,4.026046991348267
-0.416,-1.496,2.044,4.527926921844482
0.612,-1.932,1.616,5.02973198890686
-0.604,-1.308,2.044,5.531489849090576
-0.564,-0.936,2.044,6.033412933349609
-0.632,-1.112,2.044,6.535512924194336
-0.828,-1.36,2.044,7.0374228954315186
-0.648,-1.216,2.044,7.539240837097168
-0.876,-1.928,2.044,8.04105806350708
-1.072,-1.356,2.044,8.542888879776001
-0.32,-1.78,2.044,9.04460883140564
-0.608,-1.428,2.044,9.54621696472168
-0.248,-1.548,2.044,10.047768831253052
0.148,-2.048,1.668,10.549602031707764
-0.552,-1.32,2.044,11.051445007324219
-0.684,-0.684,2.044,11.553269863128662
-0.44,-1.248,2.044,12.055089950561523
-0.872,-0.524,2.044,12.556797981262207
-0.416,-1.064,2.044,13.058477878570557
-0.856,-1.116,2.044,13.560291051864624
-0.824,-1.592,2.044,14.062002897262573
-0.792,-1.82,2.044,14.563652038574219
-0.84,-1.272,2.044,15.065433979034424
-0.784,-1.852,2.044,15.56709098815918
-0.588,-1.34,2.044,16.069047927856445
-0.464,-1.532,2.044,16.571066856384277
-0.716,-1.208,2.044,18.50349497795105
-0.412,-1.096,2.044,19.005348920822144
-0.688,-1.348,2.044,19.507313013076782
-0.92,-1.876,2.044,20.009099006652832
-1.36,-1.564,2.044,20.51086187362671
-0.392,-1.608,2.044,21.012837886810303
-0.528,-1.252,2.044,21.514519929885864
-0.432,-1.556,2.044,22.016265869140625
-0.308,-1.04,2.044,25.078608989715576
-0.204,-0.708,2.044,25.580431938171387
-0.664,-1.316,2.044,26.082190990447998
-0.892,-1.86,2.044,26.58393383026123
-0.708,-1.196,2.044,27.085885047912598
-0.548,-1.26,2.044,28.077471017837524
-0.3,-1.616,2.044,28.57944893836975
-0.144,-1.38,2.044,29.08130693435669
-0.612,-1.336,2.044,29.58303689956665
-0.308,-0.924,2.044,30.08498191833496
-0.56,-1.324,2.044,30.586768865585327
-0.936,-0.484,2.044,31.08848285675049
-0.38,-1.04,2.044,31.590430974960327
-0.4,-0.692,2.044,32.09223389625549
-0.628,-1.276,2.044,32.59397482872009
-0.8,-1.54,2.044,33.09579586982727
-0.676,-1.236,2.044,33.597413063049316
-1.384,-1.812,2.044,34.098973989486694
-0.54,-1.56,2.044,34.60079503059387
-0.384,-1.584,2.044,35.10259294509888
-0.596,-1.236,2.044,35.604251861572266
-0.612,-1.332,2.044,36.106178998947144
-0.72,-0.88,2.044,36.60796785354614
-0.996,-1.36,2.044,37.10967183113098
-0.688,-1.076,2.044,37.61163687705994
-0.792,-1.308,2.044,38.11344504356384
-0.672,-1.564,2.044,38.61527991294861
-0.42,-1.524,2.044,39.117225885391235
-0.432,-1.632,2.044,39.619016885757446
0.832,-1.776,1.724,40.1207389831543
-0.584,-1.368,2.044,40.62267994880676
-0.848,-0.488,2.044,41.12445592880249
-0.28,-1.2,2.044,41.62620997428894
-0.62,-0.644,2.044,42.12816786766052
-0.636,-1.26,2.044,42.6299569606781
-0.692,-1.304,2.044,43.131688833236694
-0.812,-1.464,2.044,43.63367795944214
-0.688,-2.008,2.044,44.13552498817444
-0.688,-0.684,2.044,44.637271881103516
-0.432,-1.268,2.044,45.13908290863037
0.48,-1.54,1.936,45.64071702957153
-0.56,-0.848,2.044,46.14228701591492
-0.564,-1.896,2.044,46.64408588409424
-0.624,-0.844,2.044,47.145710945129395
0.144,-1.744,2.044,47.64726686477661
0.44,-2.0,1.628,48.14903783798218
-0.62,-1.388,2.044,48.650656938552856
-0.66,-0.732,2.044,49.152222871780396
-0.484,-1.232,2.044,49.65403699874878
-0.9,-0.54,2.044,50.15567183494568
-0.456,-1.16,2.044,50.65736484527588
-0.208,-0.748,2.044,51.15930199623108
-0.512,-1.16,2.044,51.661083936691284
-0.864,-1.12,2.044,52.16279101371765
-0.952,-1.48,2.044,52.664726972579956
-0.904,-2.048,2.044,53.16649794578552
-0.456,-0.676,2.044,53.668203830718994
-0.724,-1.624,2.044,54.170145988464355
-0.632,-1.5,2.044,54.67196488380432
-0.412,-1.548,2.044,55.18154501914978
0.02,-2.048,1.66,55.683533906936646
-0.652,-1.256,2.044,56.185322999954224
-0.856,-0.48,2.044,56.68704104423523
-0.452,-1.288,2.044,57.18884086608887
-0.376,-1.364,2.044,57.69052290916443
-0.732,-1.32,2.044,58.192086935043335
-0.596,-1.336,2.044,58.69385600090027
-0.356,-1.36,2.044,59.19545292854309
-0.252,-1.228,2.044,59.69700598716736
-0.588,-1.224,2.044,60.19878888130188
-0.72,-1.332,2.044,60.70061492919922
-0.74,-1.508,2.044,61.20235300064087
-1.148,-1.456,2.044,61.70429801940918
-1.092,-1.268,2.044,62.206063985824585
-0.284,-1.884,2.044,62.70776605606079
-0.564,-1.176,2.044,63.209699869155884
-0.532,-1.476,2.044,63.71161103248596
0.112,-1.224,1.968,64.21337604522705
-0.644,-1.296,2.044,64.71533203125
-0.868,-0.452,2.044,65.21711802482605
-0.308,-1.112,2.044,65.71885704994202
-0.584,-1.056,2.044,66.2208240032196
-0.664,-1.316,2.044,66.72260093688965
-0.924,-1.532,2.044,67.22431302070618
-0.58,-1.136,2.044,67.72625303268433
-0.324,-1.72,2.044,68.22818183898926
-0.684,-1.164,2.044,68.72997498512268
-0.564,-1.564,2.044,69.23179793357849
-0.488,-1.324,2.044,69.73361802101135
-0.712,-1.364,2.044,70.23523592948914
-0.684,-0.672,2.044,70.73714995384216
-0.792,-1.22,2.044,71.2389669418335
-0.912,-1.456,2.044,71.74079704284668
-0.908,-1.204,2.044,72.24276685714722
-0.708,-0.788,2.044,72.74457502365112
-0.576,-1.404,2.044,73.24629402160645
-0.504,-1.704,2.044,73.74824404716492
-0.708,-1.148,2.044,74.25001692771912
-0.808,-0.988,2.044,74.75172591209412
-0.792,-1.364,2.044,75.2536690235138
-1.052,-1.792,2.044,75.75544786453247
-0.944,-1.48,2.044,76.25722098350525
-0.448,-1.596,2.044,76.75921487808228
-0.08,-1.72,1.276,77.26105999946594
-0.736,-1.256,2.044,77.76279783248901
-0.808,-0.708,2.044,78.26475405693054
-0.74,-1.128,2.044,78.76653385162354
-0.504,-1.852,2.044,79.26824593544006
-0.936,-1.492,2.044,79.77017998695374
-0.676,-1.672,2.044,80.27213501930237
-0.836,-1.672,2.044,80.7737889289856
-0.668,-1.424,2.044,81.27556490898132
-0.556,-0.928,2.044,81.777184009552
-0.76,-1.328,2.044,82.2787549495697
-0.996,-0.536,2.044,82.78053689002991
-0.628,-1.136,2.044,83.28215098381042
-0.82,-1.212,2.044,83.78370094299316
-0.976,-1.444,2.044,84.2854700088501
-1.108,-1.724,2.044,84.78708004951477
-0.96,-1.288,2.044,85.28862595558167
-0.52,-1.672,2.044,85.79053282737732
-0.336,-2.048,2.044,86.2922990322113
-0.76,-1.372,2.044,86.79400205612183
-0.788,-0.572,2.044,87.29594492912292
-0.676,-1.04,2.044,87.79778504371643
-0.428,-0.836,2.044,88.29958200454712
-0.732,-1.244,2.044,88.80160999298096
-0.924,-1.728,2.044,89.30338096618652
-1.092,-1.232,2.044,89.80509996414185
-0.58,-1.668,2.044,90.30705785751343
-0.384,-1.52,2.044,90.80885195732117
-0.688,-1.424,2.044,91.31056189537048
-0.792,-0.584,2.044,91.81250286102295
-0.588,-1.172,2.044,92.31428003311157
-0.948,-0.544,2.044,92.81587505340576
-0.604,-1.112,2.044,93.31768083572388
-0.756,-1.072,2.044,93.81937098503113
-0.788,-1.344,2.044,94.32095193862915
-1.136,-1.704,2.044,94.82271099090576
-1.176,-1.676,2.044,95.32437205314636
-0.456,-1.86,2.044,95.82608604431152
-0.396,-1.244,2.044,96.32803106307983
-0.736,-1.652,2.044,96.82981085777283
-0.56,-1.092,1.92,97.33151698112488
-0.66,-1.352,2.044,97.83345603942871
-0.924,-0.512,2.044,98.33522891998291
-0.452,-1.132,2.044,98.83695983886719
-0.124,-1.06,2.044,99.33893394470215
-0.776,-1.252,2.044,99.84077405929565
-0.868,-1.624,2.044,100.34257984161377
-0.856,-1.36,2.044,100.84453892707825
-1.092,-1.832,2.044,101.34630584716797
-0.712,-1.208,2.044,101.8480179309845
-0.216,-1.816,2.044,102.34995698928833
-0.492,-1.44,2.044,102.85174798965454
-0.596,-1.548,2.044,103.35346388816833
-0.708,-0.968,2.044,103.85540795326233
-0.768,-1.396,2.044,104.3572268486023
-0.9,-0.488,2.044,104.85890793800354
-0.464,-0.924,2.044,105.36069798469543
-0.456,-1.036,2.044,105.86246705055237
-0.792,-1.22,2.044,106.3640809059143
-0.772,-1.74,2.044,106.86585593223572
-0.72,-1.316,2.044,107.3674669265747
-1.064,-1.892,2.044,107.86900997161865
-0.92,-1.38,2.044,108.37076687812805
-0.452,-1.66,2.044,108.87254691123962
-0.288,-1.516,2.044,109.3741500377655
-0.696,-1.452,2.044,109.87594604492188
-0.788,-0.636,2.044,110.37763905525208
-0.664,-1.144,2.044,110.8794059753418
-0.624,-0.58,2.044,111.38143587112427
-0.568,-1.016,2.044,111.88321685791016
-0.864,-1.02,2.044,112.38492703437805
-0.768,-1.3,2.044,112.88686203956604
-1.152,-1.824,2.044,113.38863587379456
-1.352,-1.472,2.044,113.89041090011597
-0.064,-1.768,2.044,114.39234495162964
-0.7,-1.236,2.044,114.89412093162537
-0.648,-1.488,2.044,115.39611005783081
-0.74,-1.268,2.0,115.89810800552368
-0.708,-1.388,2.044,116.39996695518494
-0.856,-0.676,2.044,116.90135788917542
-0.816,-1.04,2.044,117.40314292907715
-0.876,-1.148,2.044,117.9047589302063
-0.848,-1.356,2.044,118.40630984306335
-1.324,-1.9,2.044,118.90807604789734
-1.336,-1.68,2.044,119.4096908569336
-0.236,-1.724,2.044,119.91126298904419
-0.508,-1.212,2.044,120.41302585601807
-0.696,-1.536,2.044,120.91480898857117
-0.192,-1.476,1.92,121.41659998893738
-0.856,-1.276,2.044,121.91853499412537
-0.848,-0.54,2.044,122.42034196853638
-0.548,-1.0,2.044,122.92204093933105
-0.78,-0.552,2.044,123.42397403717041
-0.488,-1.264,2.044,123.92575693130493
-0.844,-0.984,2.044,124.42748188972473
-0.884,-1.468,2.044,124.92942190170288
-0.744,-1.84,2.044,125.43132901191711
-0.956,-1.136,2.044,125.93309187889099
-0.696,-1.612,2.044,126.43507695198059
-1.216,-1.268,2.044,126.93693995475769
-0.38,-1.744,2.044,127.43867301940918
-0.768,-1.48,2.044,127.94061088562012
-0.588,-1.244,2.044,128.44242405891418
-0.656,-0.752,2.044,128.94418096542358
-0.524,-1.3,2.044,129.44600296020508
-0.744,-0.592,2.044,129.94782304763794
-0.696,-1.072,2.044,130.4494400024414
-0.796,-1.352,2.044,130.9514298439026
-0.784,-1.336,2.044,131.45319294929504
-0.932,-1.68,2.044,131.9549958705902
-1.284,-1.708,2.044,132.45697593688965
-0.484,-1.572,2.044,132.95875787734985
0.08,-2.048,0.872,133.46046996116638
-0.724,-1.268,2.044,133.9623999595642
-0.888,-0.888,2.044,134.4641728401184
-0.716,-1.168,2.044,134.96587991714478
-0.432,-1.432,2.044,135.46782803535461
-0.38,-1.112,2.044,135.96959900856018
-0.744,-1.336,2.044,136.47138595581055
-0.86,-0.604,2.044,136.97332000732422
-0.692,-1.108,2.044,137.47512984275818
-0.824,-1.04,2.044,137.97692203521729
-0.716,-1.24,2.044,138.47887206077576
-0.96,-1.584,2.044,138.9807050228119
-0.692,-1.596,2.044,139.48242783546448
-0.664,-1.56,2.044,139.984365940094
-0.744,-1.208,2.044,140.48609399795532
-0.688,-1.288,2.044,140.9877119064331
-0.92,-0.736,2.044,141.48949003219604
-0.64,-1.116,2.044,141.99111199378967
-0.876,-0.976,2.044,142.49266600608826
-0.776,-1.096,2.044,142.9944610595703
-1.24,-2.016,2.044,143.4961519241333
-1.2,-1.592,2.044,143.997722864151
-0.2,-1.728,2.044,144.49948596954346
-0.364,-1.852,2.044,145.00108790397644
-0.612,-1.48,2.044,145.50263595581055
-0.648,-0.628,2.044,146.00453901290894
-0.776,-1.304,2.044,146.5064058303833
-0.884,-0.644,2.044,147.00814390182495
-0.588,-1.108,2.044,147.51008105278015
-0.816,-1.116,2.044,148.01184606552124
-0.832,-1.336,2.044,148.51358199119568
-1.136,-1.82,2.044,149.01554584503174
-1.068,-1.576,2.044,149.51734590530396
-0.464,-1.796,2.044,150.01905488967896
-0.5,-1.696,2.044,150.52099704742432
-0.636,-1.296,2.044,151.02276492118835
-0.68,-0.592,2.044,151.52447891235352
-0.64,-1.16,2.044,152.02641606330872
-0.504,-1.228,2.044,152.5280909538269
-0.724,-1.264,2.044,153.03061604499817
-0.828,-1.756,2.044,153.53243803977966
-1.032,-1.356,2.044,154.03410291671753
-0.312,-1.952,2.044,154.53575587272644
-0.664,-1.628,2.044,155.0375280380249
-0.768,-1.36,2.044,155.53914999961853
-0.916,-0.684,2.044,156.04103088378906
-0.52,-1.368,2.044,156.54295897483826
-0.32,-0.8,2.044,157.04472303390503
-0.672,-1.248,2.044,157.5464370250702
-0.568,-1.788,2.044,158.04837894439697
-0.924,-1.236,2.044,158.55015897750854
-0.44,-1.736,2.044,159.05186104774475
0.008,-2.032,1.784,159.55383801460266
-0.732,-1.24,2.044,160.05568385124207
-0.708,-0.632,2.044,160.5575249195099
-0.976,-1.02,2.044,161.0594880580902
-0.86,-0.876,2.044,161.56137490272522
-0.892,-1.424,2.044,162.0630898475647
-0.768,-1.824,2.044,162.56501483917236
-0.412,-1.42,2.044,163.06677794456482
-0.7,-1.312,2.044,163.5685248374939
-0.688,-0.572,2.044,164.07046484947205
-0.456,-1.3,2.044,164.5721399784088
-0.34,-0.932,2.044,165.0738079547882
-0.776,-1.14,2.044,165.57560992240906
-0.724,-1.44,2.044,166.07737398147583
-0.744,-0.98,2.044,166.5793058872223
-0.736,-1.504,2.044,167.08112001419067
-0.704,-1.248,2.044,167.58283805847168
-0.448,-1.664,2.044,168.08477091789246
-0.38,-2.048,2.044,168.5865559577942
-0.712,-1.336,2.044,169.08829498291016
-0.764,-0.536,2.044,169.59023594856262
-0.568,-1.14,2.044,170.09209895133972
-0.884,-0.792,2.044,170.59383893013
-0.692,-1.188,2.044,171.09579801559448
-0.448,-1.504,2.044,171.59758496284485
-0.856,-1.14,2.044,172.09929585456848
-0.972,-1.588,2.044,172.60121989250183
-0.744,-1.4,2.044,173.10301399230957
-0.58,-1.472,2.044,173.6047248840332
-0.236,-1.708,1.38,174.10665583610535
-0.716,-1.404,2.044,174.6084280014038
-0.872,-0.568,2.044,175.11043190956116
-0.608,-1.148,2.044,175.61241483688354
-0.172,-1.208,2.044,176.11414504051208
-0.772,-1.332,2.044,176.61581683158875
-0.988,-1.464,2.044,177.11759996414185
-1.128,-1.176,2.044,177.61922097206116
-0.384,-1.84,2.044,178.12077498435974
-0.116,-0.972,2.044,178.62253284454346
-0.644,-1.564,2.044,179.12415194511414
0.12,-1.64,0.964,179.62570691108704
-0.716,-1.352,2.044,180.12746286392212
-0.876,-0.556,2.044,180.62907886505127
-0.548,-1.18,2.044,181.13076305389404
-0.268,-1.008,2.044,181.63273692131042
-0.78,-1.272,2.044,182.1345920562744
-1.072,-1.744,2.044,182.63632702827454
-1.04,-1.148,2.044,183.13826084136963
-0.524,-1.896,2.044,183.64004683494568
-0.372,-1.012,2.044,184.14178895950317
-0.552,-1.616,2.044,184.64373397827148
0.168,-1.856,1.448,185.14551901817322
-0.78,-1.212,2.044,185.64729285240173
-0.76,-0.548,2.044,186.14923787117004
-0.64,-1.164,2.044,186.65101885795593
-0.512,-1.112,2.044,187.15275382995605
-0.836,-1.396,2.044,187.65471386909485
-1.312,-1.856,2.044,188.1565170288086
-1.284,-1.52,2.044,188.65813493728638
-0.604,-1.756,2.044,189.15991306304932
-0.488,-1.492,2.044,189.66173791885376
-0.668,-1.32,2.044,190.1633539199829
-0.816,-0.536,2.044,190.66526198387146
-0.484,-1.164,2.044,191.16704392433167
-0.468,-0.896,2.044,191.6687560081482
-0.82,-1.252,2.044,192.17068791389465
-0.524,-1.828,2.044,192.6725058555603
-0.916,-1.324,2.044,193.1742889881134
-0.608,-1.592,2.044,193.67624402046204
0.076,-1.92,1.728,194.17802095413208
-0.756,-1.288,2.044,194.67972493171692
-0.828,-0.72,2.044,195.1816680431366
-0.748,-1.224,2.044,195.6835458278656
-0.948,-1.272,2.044,196.18529891967773
-0.964,-1.388,2.044,196.68724703788757
-0.96,-1.496,2.044,197.1890299320221
-0.74,-1.276,2.044,197.69073486328125
-0.688,-1.652,2.044,198.19270491600037
-0.512,-0.944,2.044,198.69457387924194
-0.688,-1.204,2.044,199.19632291793823
-0.66,-1.06,2.044,199.69827103614807
-0.496,-1.284,2.044,200.1999340057373
-0.68,-1.48,2.044,200.70149898529053
-1.176,-1.612,2.044,201.20326900482178
-0.368,-1.7,2.044,201.7048819065094
-0.76,-1.292,2.044,202.20642590522766
-0.796,-1.168,2.044,202.70818901062012
-0.796,-0.532,2.044,203.20979595184326
-0.548,-1.216,2.044,203.71136498451233
-0.92,-1.044,2.044,204.2131450176239
-0.892,-1.276,2.044,204.71475887298584
-1.108,-1.536,2.044,205.21631789207458
-0.716,-1.396,2.044,205.71822500228882
-0.656,-1.672,2.044,206.22001194953918
0.136,-1.672,1.44,206.72172498703003
-0.724,-1.324,2.044,207.2236669063568
-0.876,-0.644,2.044,207.72545289993286
-0.664,-1.036,2.044,208.22716093063354
-0.824,-1.104,2.044,208.72910284996033
-0.86,-1.336,2.044,209.23091888427734
-1.22,-1.764,2.044,209.7327380180359
-1.248,-1.252,2.044,210.2346968650818
-0.616,-1.52,2.044,210.7364799976349
-0.68,-1.388,1.664,211.23819398880005
-0.652,-1.42,2.044,211.74013590812683
-0.868,-0.512,2.044,212.24180102348328
-0.54,-1.092,2.044,212.74336194992065
-0.444,-1.124,2.044,213.24512887001038
-0.836,-1.268,2.044,213.74676895141602
-0.912,-1.556,2.044,214.2483308315277
-1.0,-1.244,2.044,214.75012183189392
-0.66,-1.948,2.044,215.25178384780884
-0.596,-1.312,2.044,215.75354385375977
-0.728,-1.388,2.044,216.2554988861084
-0.74,-0.592,2.044,216.7572739124298
-0.756,-1.164,2.044,217.25897693634033
-0.784,-0.808,2.044,217.760910987854
-0.644,-1.116,2.044,218.26267385482788
-0.836,-1.476,2.044,218.76437902450562
-0.796,-1.24,2.044,219.2663140296936
-0.792,-1.596,2.044,219.76814985275269
-0.724,-1.352,2.044,220.26994585990906
-0.648,-1.648,2.044,220.77191996574402
-0.468,-1.536,1.54,221.2737009525299
-0.672,-1.28,2.044,221.77541399002075
-1.048,-0.6,2.044,222.27734899520874
-0.572,-1.192,2.044,222.77911901474
-0.804,-1.232,2.044,223.2808198928833
-0.684,-1.376,2.044,223.78276801109314
-0.984,-1.484,2.044,224.28455090522766
-0.244,-1.32,2.044,224.78619694709778
-0.536,-1.548,2.044,225.2879719734192
-0.34,-1.6,1.676,225.7898449897766
-0.804,-1.32,2.044,226.2916009426117
-0.828,-0.664,2.044,226.7935390472412
-0.608,-1.004,2.044,227.29547595977783
-0.832,-1.16,2.044,227.79726696014404
-0.936,-1.38,2.044,228.29921197891235
-1.224,-1.832,2.044,228.80103087425232
-1.32,-1.296,2.044,229.30275106430054
-0.336,-1.804,2.044,229.8046898841858
-0.264,-1.504,2.044,230.30646085739136
-0.644,-1.272,2.044,230.80829501152039
-0.836,-0.516,2.044,231.31037592887878
-0.584,-1.164,2.044,231.8121738433838
-0.5,-1.036,2.044,232.31387400627136
-0.788,-1.236,2.044,232.8158209323883
-0.888,-1.632,2.044,233.31760501861572
-0.6,-0.96,2.044,233.81931495666504
-0.592,-1.88,2.044,234.32125306129456
-0.288,-1.304,2.044,234.82303595542908
-0.66,-1.288,2.044,235.32500100135803
-0.492,-0.756,2.044,235.82684993743896
-0.712,-1.22,2.044,236.32858085632324
-0.44,-0.5,2.044,236.83025598526
-0.628,-1.16,2.044,237.3320620059967
-0.792,-1.528,2.044,237.83368301391602
-0.796,-1.056,2.044,238.33523297309875
-0.364,-1.812,2.044,238.83699703216553
-0.016,-2.048,2.044,239.338604927063
-0.784,-1.248,2.044,239.84015798568726
-0.764,-0.936,2.044,240.34192490577698
-0.516,-1.264,2.044,240.84368300437927
-1.216,-1.868,2.044,241.34539985656738
-1.064,-2.036,2.044,241.84738183021545
-0.12,-1.568,2.044,242.34922885894775
-0.02,-2.048,2.032,242.85096788406372
-0.632,-1.336,2.044,243.35291004180908
-0.768,-0.668,2.044,243.8547089099884
-0.408,-1.068,2.044,244.35642504692078
-0.372,-0.952,2.044,244.8583629131317
-0.672,-1.132,2.044,245.36013293266296
-1.068,-1.736,2.044,245.86185503005981
-1.16,-1.492,2.044,246.3638038635254
-0.236,-1.888,2.044,246.86558890342712
-0.508,-1.728,2.044,247.36732006072998
-0.712,-1.3,2.044,247.86915397644043
-0.812,-0.588,2.044,248.37093687057495
-0.692,-1.24,2.044,248.87256383895874
-0.26,-1.088,2.044,249.37435698509216
-0.836,-1.308,2.044,249.87618494033813
-0.992,-1.64,2.044,250.37778902053833
-1.132,-1.516,2.044,250.87969493865967
-0.068,-1.836,2.044,251.3814868927002
-0.396,-1.644,2.044,251.88324189186096
-0.648,-1.26,2.044,252.38519597053528
-0.848,-0.476,2.044,252.88701486587524
-0.58,-1.148,2.044,253.38882088661194
-0.364,-0.872,2.044,253.89077186584473
-0.716,-1.328,2.044,254.39255595207214
-1.484,-1.668,2.044,254.894268989563
-1.06,-1.424,2.044,255.39620995521545
-0.452,-1.724,2.044,255.89807295799255
-0.052,-2.048,1.556,256.3998188972473
-0.748,-1.328,2.044,256.9017469882965
-0.836,-0.588,2.044,257.40351390838623
-0.688,-1.104,2.044,257.9052209854126
-0.676,-1.376,2.044,258.4071960449219
-0.732,-1.292,2.044,258.9090440273285
-0.868,-1.628,2.044,259.4107928276062
-0.832,-1.28,2.044,259.91266202926636
-0.644,-1.6,2.044,260.4144079685211
-0.788,-0.676,2.044,260.9159860610962
-0.704,-1.18,2.044,261.4177598953247
-0.432,-1.248,2.044,261.919371843338
-0.908,-1.192,2.044,262.4209158420563
-0.96,-1.416,2.044,262.92268085479736
-0.62,-1.356,2.044,263.4242880344391
-0.496,-1.84,2.044,263.9258539676666
-0.352,-1.584,2.044,264.4276418685913
-0.812,-1.304,2.044,264.9292528629303
-0.812,-0.688,2.044,265.4307940006256
-0.524,-1.144,2.044,265.9327199459076
-0.472,-1.184,2.044,266.43457198143005
-0.944,-1.224,2.044,266.93631887435913
-0.768,-1.464,2.044,267.4382698535919
-0.768,-1.244,2.044,267.94004702568054
-0.58,-1.632,2.044,268.4418058395386
0.228,-2.048,1.436,268.94374895095825
-0.62,-1.268,2.044,269.4455819129944
-0.856,-0.624,2.044,269.94739389419556
-0.664,-1.208,2.044,270.44934487342834
-0.9,-1.284,2.044,270.95112705230713
-0.576,-1.172,2.044,271.4527280330658
-0.944,-1.896,2.044,271.95459389686584
-0.592,-1.46,2.044,272.45628690719604
-0.652,-1.396,2.044,272.95784091949463
-0.924,-0.592,2.044,273.4596128463745
-0.628,-1.216,2.044,273.961256980896
-0.568,-1.112,2.044,274.4628059864044
-0.748,-1.304,2.044,274.96460485458374
-0.952,-1.776,2.044,275.46626806259155
-0.716,-0.676,2.044,275.96799182891846
-0.592,-1.884,2.044,276.46988105773926
-0.1,-1.948,1.944,276.9716410636902
-0.768,-1.352,2.044,277.4733409881592
-0.52,-0.564,2.044,277.9752779006958
-0.644,-1.188,2.044,278.4770438671112
-0.864,-1.448,2.044,278.97879695892334
-0.688,-0.916,2.044,279.48074293136597
-0.58,-1.692,2.044,279.9825699329376
-0.12,-2.048,1.996,280.4843518733978
-0.648,-1.316,2.044,280.98631501197815
-0.928,-0.944,2.044,281.4880919456482
-0.74,-1.16,2.044,281.98979592323303
-0.68,-1.428,2.044,282.4917359352112
-0.544,-1.192,2.044,282.99350094795227
-0.632,-1.868,2.044,283.49510192871094
0.192,-2.048,1.428,283.996887922287
-0.712,-1.312,2.044,284.498587846756
-0.728,-0.572,2.044,285.0001468658447
-0.648,-1.192,2.044,285.501916885376
-0.188,-0.9,2.044,286.00371193885803
-0.868,-1.024,2.044,286.50552892684937
-0.844,-1.372,2.044,287.00748586654663
-0.764,-1.2,2.044,287.5092658996582
-0.512,-1.544,2.044,288.0109689235687
-0.144,-1.568,1.892,288.51291394233704
-0.664,-1.344,2.044,289.0146849155426
-0.792,-0.816,2.044,289.51639795303345
-0.636,-1.204,2.044,290.01833295822144
-0.888,-1.256,2.044,290.52010798454285
-0.88,-1.18,2.044,291.021812915802
-0.516,-1.704,2.044,291.5237829685211
-0.7,-1.34,2.044,292.0256209373474
-0.7,-1.244,2.044,292.5273690223694
-0.932,-0.716,2.044,293.02931094169617
-0.52,-1.184,2.044,293.5311028957367
-0.808,-1.024,2.044,294.03281903266907
-0.836,-1.236,2.044,294.5347669124603
-0.448,-1.52,2.044,295.0365228652954
-0.368,-0.8,2.044,295.5383360385895
-0.664,-1.508,2.044,296.0401339530945
-0.696,-0.556,2.044,296.54137802124023
-0.532,-1.308,2.044,297.0429708957672
-0.168,-0.636,2.044,297.54475688934326
-0.768,-1.316,2.044,298.04635787010193
-0.848,-1.932,2.044,298.54790902137756
-0.904,-1.068,2.044,299.0498249530792
-0.668,-1.884,2.044,299.5516469478607
0.044,-1.344,2.044,300.0533678531647
-0.744,-1.36,2.044,300.55530285835266
-0.596,-0.6,2.044,301.05716586112976
-0.528,-1.328,2.044,301.5589418411255
-0.64,-0.664,2.044,302.06089091300964
-0.38,-1.276,2.044,302.5627658367157
-0.96,-1.264,2.044,303.06457805633545
-0.708,-0.728,2.044,303.566526889801
-0.536,-1.54,2.044,304.06828904151917
-0.612,-1.164,2.044,304.57004594802856
-0.524,-1.676,2.044,305.07200288772583
0.48,-2.048,1.228,305.57376885414124
-0.7,-1.332,2.044,306.0754859447479
-0.908,-0.716,2.044,306.57743096351624
-0.412,-1.152,2.044,307.07924699783325
-0.756,-0.932,2.044,307.58090901374817
-0.904,-1.2,2.044,308.082720041275
-0.76,-1.5,2.044,308.58447098731995
-0.52,-1.084,2.044,309.086238861084
-0.548,-1.584,2.044,309.58806896209717
-0.12,-2.044,1.884,310.0896849632263
-0.644,-1.364,2.044,310.5912549495697
-0.8,-0.664,2.044,311.0930218696594
-0.216,-1.22,2.044,311.5946650505066
-0.092,-0.884,2.044,312.0962278842926
-0.76,-1.26,2.044,312.59799003601074
-0.812,-1.892,2.044,313.09960293769836
-0.912,-0.848,2.044,313.6011700630188
-0.504,-1.892,2.044,314.10311102867126
-0.704,-1.532,2.044,314.6048860549927
-0.616,-1.324,2.044,315.106595993042
-0.704,-0.556,2.044,315.608540058136
-0.464,-1.38,2.044,316.1104760169983
-0.524,-1.12,2.044,316.61230301856995
-0.676,-1.356,2.044,317.11425590515137
-0.756,-1.492,2.044,317.61602783203125
-0.74,-0.864,2.044,318.1177339553833
-0.856,-1.928,2.044,318.619668006897
-0.632,-1.224,2.044,319.12171697616577
-0.668,-1.468,2.044,319.62348198890686
-0.616,-0.88,2.044,320.12527894973755
-0.528,-1.296,2.044,320.6269018650055
-0.404,-0.908,2.044,321.128497838974
-0.664,-1.364,2.044,321.6302888393402
-0.472,-1.376,2.044,322.1320550441742
-0.232,-1.34,2.044,322.63366198539734
-0.6,-1.308,2.044,323.13542795181274
-0.6,-1.132,2.044,323.6372299194336
-0.652,-1.304,2.044,324.13895893096924
-0.776,-1.312,2.044,324.64092993736267
-0.76,-1.328,2.044,325.14276003837585
-0.656,-1.476,2.044,325.6444978713989
-0.66,-0.808,2.044,326.1464350223541
-0.652,-1.3,2.044,326.6481988430023
-0.112,-0.772,2.044,327.1498990058899
-1.108,-1.312,2.044,327.6518340110779
-0.712,-1.468,2.044,328.1536009311676
-0.272,-0.976,2.044,328.65529894828796
-0.592,-1.316,2.044,329.15723490715027
-0.728,-0.664,2.044,329.659019947052
-0.46,-1.308,2.044,330.1639709472656
-0.292,-0.996,2.044,330.6659300327301
-0.92,-1.388,2.044,331.1676290035248
-0.872,-1.536,2.044,331.66919684410095
-1.284,-1.66,2.044,332.1709680557251
-0.396,-1.792,2.044,332.6725878715515
-0.084,-2.048,2.032,333.1741359233856
-0.636,-1.288,2.044,333.67604804039
-0.624,-0.768,2.044,334.1778118610382
-0.756,-1.312,2.044,334.67951583862305
-1.16,-1.336,2.044,335.1860558986664
-0.76,-0.94,2.044,335.6878550052643
-0.68,-1.608,2.044,336.1896710395813
-0.624,-1.372,2.044,336.6916358470917
-0.676,-1.576,2.044,337.19340991973877
-0.676,-0.716,2.044,337.695121049881
-0.54,-1.268,2.044,338.1970748901367
-0.532,-0.836,2.044,338.69886302948
-0.656,-1.328,2.044,339.20057106018066
-0.88,-1.8,2.044,339.70252299308777
-0.572,-0.812,2.044,340.2095079421997
-0.452,-1.852,2.044,340.7113709449768
-0.3,-1.348,2.044,341.2133598327637
-0.704,-1.384,2.044,341.71514105796814
-0.764,-0.668,2.044,342.2168519496918
-0.52,-1.304,2.044,342.71882700920105
-0.064,-0.76,2.044,343.2205090522766
-0.844,-1.12,2.044,343.7222719192505
-0.876,-1.576,2.044,344.2241258621216
-1.232,-1.648,2.044,344.7257809638977
-0.3,-1.636,2.044,345.2273700237274
-0.304,-2.048,1.856,345.7291970252991
-0.592,-1.272,2.044,346.23082304000854
-0.8,-0.792,2.044,346.73236989974976
-0.508,-1.244,2.044,347.2341630458832
-0.748,-1.46,2.044,347.7357828617096
-0.7,-0.724,2.044,348.2373309135437
-0.704,-1.636,2.044,348.7392768859863
-0.652,-1.316,2.044,349.2410659790039
-0.628,-1.404,2.044,349.74279403686523
-0.704,-0.432,2.044,350.2447829246521
-0.556,-1.324,2.044,350.74751591682434
-0.544,-0.664,2.044,351.24931287765503
-0.644,-1.368,2.044,351.7513859272003
-0.88,-1.632,2.044,352.2531759738922
-0.98,-1.256,2.044,352.7548818588257
-0.496,-1.62,2.044,353.2568829059601
-0.16,-1.928,2.044,353.75866985321045
-0.62,-1.252,2.044,354.26042199134827
-0.896,-0.732,2.044,354.76247692108154
-0.324,-1.356,2.044,355.26437497138977
-0.424,-0.988,2.044,355.76630306243896
-0.836,-1.024,2.044,356.2680969238281
-0.952,-1.716,2.044,356.7698528766632
-0.708,-1.384,2.044,357.27145886421204
-0.7,-1.684,2.044,357.7732570171356
-0.572,-0.868,2.044,358.2748749256134
-0.688,-1.288,2.044,358.77655386924744
-0.66,-0.784,2.044,359.2785289287567
-0.596,-1.236,2.044,359.78047585487366
-0.86,-1.784,2.044,360.28224992752075
-1.24,-1.404,2.044,360.78423404693604
-0.56,-1.484,2.044,361.2905659675598
0.008,-2.048,2.044,361.79234504699707
-0.616,-1.324,2.044,362.29433393478394
-0.624,-0.816,2.044,362.79611802101135
-0.948,-1.368,2.044,363.2978320121765
-0.952,-1.492,2.044,363.7998058795929
-1.208,-1.708,2.044,364.3016059398651
-0.6,-1.696,2.044,364.80333495140076
-0.636,-0.82,2.044,365.30531787872314
-0.456,-1.36,2.044,365.8071119785309
-0.052,-0.78,2.044,366.3113338947296
-1.028,-1.588,2.044,366.8132538795471
-0.484,-1.628,2.044,367.3149130344391
-0.272,-1.768,1.756,367.81647300720215
-0.78,-1.24,2.044,368.31827092170715
-0.896,-0.936,2.044,368.820063829422
-0.66,-1.216,2.044,369.3220069408417
-0.784,-0.6,2.044,369.82404804229736
-0.932,-1.136,2.044,370.3258469104767
-0.996,-1.668,2.044,370.82785391807556
-0.388,-1.008,2.044,371.32978892326355
-0.54,-1.528,2.044,371.8316578865051
-0.66,-0.636,2.044,372.33364701271057
-0.696,-1.312,2.044,372.8354549407959
-0.556,-0.832,2.044,373.33717799186707
-0.84,-1.364,2.044,373.83915305137634
-0.748,-1.932,2.044,374.34101700782776
-1.1,-1.404,2.044,374.8427369594574
-0.448,-1.888,2.044,375.34469985961914
-0.632,-1.524,2.044,375.846510887146
-0.704,-1.188,2.044,376.3482258319855
-0.888,-0.672,2.044,376.8502199649811
-0.708,-1.26,2.044,377.35215997695923
0.116,-1.244,2.044,377.8539068698883
-0.904,-0.972,2.044,378.3558659553528
-0.968,-1.484,2.044,378.8575439453125
-1.2,-1.308,2.044,379.3591139316559
-0.504,-1.968,2.044,379.86090993881226
0.472,-2.048,1.948,380.3625559806824
-0.64,-1.216,2.044,380.8641240596771
-0.856,-0.664,2.044,381.36591506004333
-0.504,-1.28,2.044,381.86754298210144
-0.78,-1.34,2.044,382.369108915329
-0.724,-0.868,2.044,382.87091994285583
-0.484,-1.996,2.044,383.37255001068115
-0.632,-1.408,2.044,383.8742389678955
-0.72,-1.292,2.044,384.3762068748474
-0.9,-0.776,2.044,384.8780150413513
-0.48,-1.168,2.044,385.37972497940063
-0.448,-1.744,2.044,385.8816909790039
-1.0,-1.868,2.044,386.3834729194641
-0.764,-1.292,2.044,386.8851799964905
-1.108,-1.248,2.044,387.3871660232544
-0.636,-1.308,2.044,387.88899397850037
-0.784,-1.312,2.044,388.3908050060272
-1.008,-1.524,2.044,388.89279103279114
-0.428,-1.74,2.044,389.3945870399475
-0.204,-2.048,1.888,389.896311044693
-0.66,-1.296,2.044,390.3982889652252
-0.776,-0.812,2.044,390.90004992485046
-0.56,-1.244,2.044,391.4016590118408
-1.064,-1.36,2.044,391.90345096588135
-0.832,-0.796,2.044,392.4050829410553
-0.816,-1.6,2.044,392.90663504600525
-0.476,-1.332,2.044,393.40843391418457
-0.696,-1.624,2.044,393.91038489341736
-0.84,-0.72,2.044,394.41214394569397
-0.512,-1.344,2.044,394.9141230583191
-0.256,-0.884,2.044,395.41590785980225
-0.976,-1.32,2.044,395.9176299571991
-0.796,-1.56,2.044,396.4196050167084
-1.152,-1.504,2.044,396.9214608669281
-0.4,-1.72,2.044,397.4231698513031
0.356,-2.048,1.616,397.92514085769653
-0.644,-1.308,2.044,398.4269218444824
-0.872,-0.72,2.044,398.9286689758301
0.092,-1.352,2.044,399.43067383766174
-0.82,-1.176,2.044,399.9325358867645
-1.016,-1.304,2.044,400.4342939853668
-0.824,-1.616,2.044,400.9363160133362
-0.72,-1.264,2.044,401.4381229877472
-0.472,-1.78,2.044,401.93984293937683
-0.68,-0.7,2.044,402.4418258666992
-0.572,-1.36,2.044,402.9435029029846
-0.256,-0.968,2.044,403.4450669288635
-0.896,-1.436,2.044,403.9468638896942
-0.78,-1.204,2.044,404.44853591918945
-0.528,-1.36,2.044,404.95018792152405
-0.54,-1.444,2.044,405.4519908428192
-0.904,-0.72,2.044,405.95367193222046
-0.484,-1.212,2.044,406.4552619457245
-0.644,-1.468,2.044,406.9570560455322
-1.072,-1.024,2.044,407.45868396759033
-0.668,-1.612,2.044,407.9602310657501
0.868,-2.048,1.584,408.4620609283447
-0.628,-1.228,2.044,408.9638228416443
-0.812,-0.936,2.044,409.4655330181122
-0.632,-1.28,2.044,409.96753692626953
-0.88,-1.508,2.044,410.46944189071655
-0.924,-1.012,2.044,410.97119784355164
-0.512,-1.74,2.044,411.4731779098511
-0.268,-1.684,2.044,411.97497487068176
-0.612,-1.288,2.044,412.4766869544983
-0.58,-0.932,2.044,412.97866106033325
-0.396,-1.38,2.044,413.48045682907104
-0.832,-1.836,2.044,413.9821729660034
-1.148,-1.588,2.044,414.48415184020996
-0.628,-1.66,2.044,414.98582792282104
-0.14,-1.84,1.984,415.4875750541687
-0.716,-1.232,2.044,415.9894189834595
-0.744,-0.712,2.044,416.4910509586334
-0.364,-1.264,2.044,416.9926109313965
-1.068,-1.276,2.044,417.494411945343
-0.784,-1.004,2.044,417.9960238933563
-0.72,-1.556,2.044,418.49776792526245
-0.644,-1.152,2.044,418.9997408390045
-0.588,-1.472,2.044,419.50155997276306
-0.836,-0.668,2.044,420.00328493118286
-0.468,-1.552,2.044,420.50527000427246
0.268,-1.12,2.044,421.0071020126343
-0.876,-1.172,2.044,421.50891494750977
-0.712,-1.444,2.044,422.01090383529663
-0.344,-0.936,2.044,422.5127079486847
-0.632,-1.392,2.044,423.0144188404083
-0.764,-0.6,2.044,423.5163929462433
-0.488,-1.308,2.044,424.018177986145
-0.072,-0.88,2.044,424.5198850631714
-0.968,-1.216,2.044,425.02185583114624
-0.788,-1.544,2.044,425.5236530303955
-0.46,-1.144,2.044,426.025367975235
-0.544,-1.492,2.044,426.5272090435028
-0.824,-0.708,2.044,427.0289399623871
-0.384,-1.272,2.044,427.5305440425873
-0.776,-1.12,2.044,428.03226804733276
-0.864,-1.128,2.044,428.533891916275
-0.664,-1.512,2.044,429.0358009338379
-0.472,-1.352,2.044,429.5378270149231
-0.6,-1.452,2.044,430.0396418571472
-0.76,-0.56,2.044,430.5414090156555
-0.592,-1.352,2.044,431.0433828830719
-0.076,-0.956,2.044,431.54521799087524
-0.824,-1.172,2.044,432.04696893692017
-0.836,-1.564,2.044,432.54898500442505
-0.384,-1.344,2.044,433.05076789855957
-0.58,-1.54,2.044,433.5524899959564
-0.904,-0.68,2.044,434.05446004867554
-0.568,-1.284,2.044,434.556263923645
0.012,-0.836,2.044,435.05796694755554
-0.908,-1.252,2.044,435.55994486808777
-0.78,-1.508,2.044,436.0618269443512
-0.56,-1.18,2.044,436.56367087364197
-0.62,-1.44,2.044,437.0656669139862
-0.756,-0.656,2.044,437.5674948692322
-0.508,-1.244,2.044,438.0693359375
-0.844,-1.244,2.044,438.57117891311646
-0.796,-0.948,2.044,439.0728099346161
-0.648,-1.548,2.044,439.5743799209595
-0.78,-1.58,2.044,440.076189994812
-0.924,-1.372,2.044,440.57781291007996
-0.884,-0.74,2.044,441.0794188976288
-0.484,-1.264,2.044,441.58125495910645
-0.996,-1.416,2.044,442.08288502693176
-0.904,-1.008,2.044,442.5844328403473
-0.536,-1.744,2.044,443.0862309932709
0.336,-2.048,1.78,443.58795499801636
-0.612,-1.312,2.044,444.0896780490875
-0.724,-0.768,2.044,444.5916588306427
-0.556,-1.236,2.044,445.0934519767761
-0.772,-1.636,2.044,445.5951659679413
-1.244,-1.8,2.044,446.09714698791504
-0.672,-1.536,2.044,446.59894490242004
-0.688,-0.684,2.044,447.10066199302673
-0.58,-1.32,2.044,447.6026420593262
0.12,-1.196,2.044,448.1044239997864
-0.816,-1.032,2.044,448.6061589717865
-0.676,-1.6,2.044,449.10816383361816
-0.104,-1.912,2.044,449.60997796058655
-0.744,-1.12,2.044,450.11170506477356
-0.92,-1.044,2.044,450.61353397369385
-0.844,-1.308,2.044,451.11516189575195
-0.812,-1.352,2.044,451.61689496040344
-0.476,-1.168,2.044,452.11872696876526
-0.668,-1.248,2.044,452.6203579902649
-0.792,-1.276,2.044,453.12190890312195
-0.776,-1.28,2.044,453.62386083602905
-0.476,-1.692,2.044,454.12566685676575
0.164,-1.56,1.724,454.6276128292084
-0.708,-1.276,2.044,455.1296238899231
-0.64,-0.784,2.044,455.63146686553955
-0.752,-1.288,2.044,456.13318490982056
-1.008,-1.692,2.044,456.63515400886536
-1.476,-1.864,2.044,457.1369318962097
-0.652,-1.6,2.044,457.63863801956177
-0.66,-0.7,2.044,458.14062786102295
-0.544,-1.268,2.044,458.6424460411072
-0.884,-1.02,2.044,459.1441559791565
-0.86,-1.032,2.044,459.64617800712585
-0.684,-1.568,2.044,460.1480870246887
-0.716,-1.396,2.044,460.6498498916626
-0.824,-1.208,2.044,461.1518409252167
-0.868,-0.832,2.044,461.65364503860474
-0.56,-1.256,2.044,462.1553649902344
-1.032,-1.696,2.044,462.6571910381317
-1.332,-1.552,2.044,463.15881085395813
-0.808,-1.568,2.044,463.66037702560425
-0.732,-0.828,2.044,464.1621799468994
-0.568,-1.296,2.044,464.6638128757477
-0.524,-0.888,2.044,465.16538095474243
-0.82,-1.288,2.044,465.6672029495239
-0.82,-1.34,2.044,466.1688508987427
-0.536,-1.416,2.044,466.67039799690247
-0.392,-1.628,2.044,467.1721930503845
-0.8,-0.62,2.044,467.67381501197815
-0.54,-1.376,2.044,468.17536187171936
-0.576,-0.94,2.044,468.67730689048767
-0.672,-1.316,2.044,469.1791260242462
-0.812,-1.524,2.044,469.680871963501
-0.504,-1.344,2.044,470.1828498840332
-0.62,-1.54,2.044,470.6846778392792
-0.72,-0.688,2.044,471.1865198612213
-0.624,-1.316,2.044,471.68851590156555
-0.38,-1.1,2.044,472.1903729438782
-0.892,-1.136,2.044,472.6920909881592
-0.804,-1.716,2.044,473.19409584999084
-0.412,-1.08,2.044,473.6958930492401
-0.672,-1.516,2.044,474.19749999046326
-0.76,-0.596,2.044,474.69930386543274
-0.504,-1.312,2.044,475.20117688179016
-0.292,-1.156,2.044,475.7028260231018
-0.916,-0.996,2.044,476.2046408653259
-0.64,-1.664,2.044,476.7063789367676
-0.46,-1.728,2.044,477.2079679965973
-0.64,-1.516,2.044,477.7097659111023
-0.688,-0.54,2.044,478.21138095855713
-0.472,-1.364,2.044,478.7130620479584
-0.012,-0.868,2.044,479.2150409221649
-0.86,-1.152,2.044,479.71685695648193
-0.74,-1.52,2.044,480.21864795684814
-0.5,-1.336,2.044,480.72062587738037
-0.728,-1.548,2.044,481.2224268913269
-0.676,-0.5,2.044,481.72417283058167
-0.532,-1.348,2.044,482.2261939048767
-0.508,-1.044,2.044,482.72797083854675
-0.912,-1.24,2.044,483.2296669483185
-0.728,-1.66,2.044,483.73168683052063
-1.032,-1.912,2.044,484.23346495628357
-0.788,-1.684,2.044,484.7351689338684
-0.72,-0.68,2.044,485.237144947052
-0.584,-1.308,2.044,485.73892998695374
-0.2,-0.824,2.044,486.24059104919434
-0.748,-1.248,2.044,486.74240899086
-0.796,-1.492,2.044,487.2440400123596
-0.892,-1.644,2.044,487.74568486213684
-0.66,-1.524,2.044,488.2475018501282
-0.752,-0.636,2.044,488.74926805496216
-0.508,-1.316,2.044,489.25120782852173
-0.12,-1.036,2.044,489.7532379627228
-1.008,-1.256,2.044,490.25503396987915
-0.636,-1.672,2.044,490.75675201416016
-0.484,-1.08,2.044,491.2587020397186
-0.604,-1.264,2.044,491.76051783561707
-0.912,-0.752,2.044,492.2622549533844
-0.552,-1.364,2.044,492.7642159461975
-1.116,-1.436,2.044,493.26611495018005
-1.38,-1.904,2.044,493.7678668498993
-0.692,-1.568,2.044,494.26981592178345
-0.52,-0.756,2.044,494.77161693573
-0.636,-1.156,2.044,495.2733278274536
-0.532,-0.824,2.044,495.7752709388733
-1.008,-1.192,2.044,496.27713203430176
-0.632,-1.552,2.044,496.7788758277893
-0.844,-1.524,2.044,497.2808299064636
-0.644,-1.544,2.044,497.7826199531555
-0.796,-0.916,2.044,498.2886528968811
-0.688,-1.072,2.044,498.7904529571533
-0.984,-1.728,2.044,499.2920880317688
-1.164,-1.476,2.044,499.79367089271545
-0.508,-1.52,2.044,500.2954468727112
-0.036,-2.048,2.044,500.7970688343048
-0.656,-1.184,2.044,501.2986228466034
-0.824,-0.688,2.044,501.80039286613464
-0.584,-1.364,2.044,502.30200600624084
-0.976,-1.444,2.044,502.8035509586334
-1.392,-1.5,2.044,503.30756187438965
-0.696,-1.524,2.044,503.8093559741974
-0.456,-1.288,2.044,504.31109285354614
-0.624,-1.304,2.044,504.81305503845215
-0.116,-1.08,2.044,505.3148410320282
-0.872,-1.08,2.044,505.8165419101715
-0.804,-1.676,2.044,506.31851506233215
-0.576,-1.612,2.044,506.82038283348083
-0.64,-1.388,2.044,507.3220999240875
-0.72,-0.64,2.044,507.82404685020447
-0.528,-1.316,2.044,508.331102848053
-0.832,-1.096,2.044,508.8328969478607
-0.676,-0.756,2.044,509.3348948955536
-0.504,-1.816,2.044,509.8365969657898
0.272,-2.048,2.044,510.338171005249
-0.584,-1.232,2.044,510.83994483947754
-0.844,-0.744,2.044,511.3416528701782
-0.236,-1.272,2.044,511.8432619571686
-0.836,-1.488,2.044,512.3450360298157
-1.324,-1.688,2.044,512.8466579914093
-0.444,-1.62,2.044,513.3529279232025
-0.528,-1.172,2.044,513.8548669815063
-0.668,-1.292,2.044,514.3566470146179
0.008,-1.036,2.044,514.8583600521088
-0.904,-1.064,2.044,515.3603889942169
-0.652,-1.592,2.044,515.8621690273285
-0.424,-1.296,2.044,516.3639628887177
-0.612,-1.2,2.044,516.8659219741821
-0.9,-0.74,2.044,517.3677248954773
-0.672,-1.408,2.044,517.8694348335266
-0.76,-1.656,2.044,518.3738579750061
-0.74,-1.624,2.044,518.8756759166718
-0.612,-1.432,2.044,519.3773980140686
-1.04,-1.22,2.044,519.8793609142303
-0.3,-1.44,2.044,520.3811628818512
-0.584,-1.436,2.044,520.882894039154
0.02,-1.912,2.044,521.384840965271
-0.528,-1.256,2.044,521.8866288661957
-0.764,-0.772,2.044,522.3882389068604
-0.62,-1.288,2.044,522.8900158405304
-1.02,-1.22,2.044,523.3967499732971
-0.88,-0.952,2.044,523.8985249996185
-0.488,-1.756,2.044,524.4004859924316
-0.64,-1.54,2.044,524.9024548530579
-0.64,-1.384,2.044,525.404219865799
-0.828,-0.54,2.044,525.906163930893
-0.26,-1.296,2.044,526.4079630374908
-0.1,-1.024,2.044,526.9096829891205
-0.904,-0.944,2.044,527.4116508960724
-0.768,-1.536,2.044,527.9134390354156
-0.752,-1.192,2.044,528.4197540283203
-0.704,-1.596,2.044,528.9217228889465
-0.688,-0.612,2.044,529.423495054245
-0.54,-1.312,2.044,529.9252169132233
-0.636,-0.84,2.044,530.4271650314331
-0.704,-1.292,2.044,530.9289379119873
-0.8,-1.748,2.044,531.4306478500366
-1.14,-1.404,2.044,531.9325969219208
-0.532,-1.636,2.044,532.4343779087067
0.076,-2.048,2.044,532.9360918998718
-0.664,-1.352,2.044,533.4404878616333
-0.888,-0.572,2.044,533.94220495224
-0.264,-1.308,2.044,534.4438090324402
-0.364,-1.024,2.044,534.9455809593201
-0.92,-1.136,2.044,535.4474010467529
-0.756,-1.516,2.044,535.9490449428558
-0.428,-1.044,2.044,536.4508180618286
-0.588,-1.7,2.044,536.9524328708649
-0.592,-0.684,2.044,537.4539799690247
-0.616,-1.272,2.044,537.9557428359985
-0.74,-0.888,2.044,538.4605669975281
-1.104,-1.156,2.044,538.9623110294342
-0.712,-1.584,2.044,539.4642648696899
0.308,-2.048,2.044,539.9660580158234
-0.668,-1.324,2.044,540.4677679538727
-0.9,-0.7,2.044,540.9697020053864
-0.324,-1.26,2.044,541.4715759754181
-1.0,-1.036,2.044,541.9733288288116
-0.804,-0.868,2.044,542.4753129482269
-0.688,-1.648,2.044,542.9771039485931
-0.672,-1.372,2.044,543.4836599826813
-0.696,-1.34,2.044,543.9856338500977
-0.92,-0.676,2.044,544.4874160289764
-0.532,-1.136,2.044,544.9891300201416
-0.776,-1.004,2.044,545.4910879135132
-0.812,-0.876,2.044,545.9927530288696
-0.876,-1.552,2.044,546.4943208694458
-0.58,-1.316,2.044,546.9960899353027
-0.776,-1.664,2.044,547.4977159500122
-0.6,-0.532,2.044,547.999440908432
-0.416,-1.428,2.044,548.503497838974
-0.492,-0.82,2.044,549.0054459571838
-0.884,-1.468,2.044,549.5093128681183
-0.908,-1.852,2.044,550.0114059448242
-0.72,-0.828,2.044,550.5132079124451
-0.492,-1.78,2.044,551.0149159431458
0.524,-2.048,2.008,551.5168030261993
-0.452,-1.248,2.044,552.0185580253601
-0.924,-0.752,2.044,552.5203289985657
-0.7,-1.296,2.044,553.0222849845886
-0.984,-1.732,2.044,553.5266699790955
-0.888,-0.84,2.044,554.0284609794617
-0.504,-1.98,2.044,554.5304679870605
0.72,-2.048,2.044,555.032233953476
-0.668,-1.168,2.044,555.5339398384094
-0.864,-0.7,2.044,556.0359039306641
-0.38,-1.36,2.044,556.5378088951111
-0.788,-0.88,2.044,557.039559841156
-0.716,-0.844,2.044,557.5415630340576
-0.704,-1.732,2.044,558.0432178974152
-0.468,-1.236,2.044,558.5484700202942
-0.656,-1.404,2.044,559.0501520633698
-0.86,-0.66,2.044,559.551745891571
-0.372,-1.312,2.044,560.0535590648651
-0.56,-0.824,2.044,560.5551919937134
-0.776,-1.032,2.044,561.0567409992218
-0.916,-1.452,2.044,561.5585079193115
-0.848,-1.628,2.044,562.0601289272308
-0.668,-1.604,2.044,562.5616829395294
-0.64,-0.492,2.044,563.063444852829
-0.504,-1.276,2.044,563.5681719779968
-0.24,-0.896,2.044,564.0699598789215
-0.98,-1.276,2.044,564.5719249248505
-0.86,-1.548,2.044,565.0737299919128
-0.796,-1.216,2.044,565.5754399299622
-0.648,-1.46,2.044,566.0773818492889
-0.732,-0.676,2.044,566.5792398452759
-0.648,-1.356,2.044,567.0809888839722
-0.244,-0.904,2.044,567.5829479694366
-0.912,-1.304,2.044,568.0847358703613
-0.78,-1.452,2.044,568.591048002243
-0.592,-1.336,2.044,569.0930209159851
-0.464,-1.52,2.044,569.5947098731995
-0.772,-0.672,2.044,570.0964360237122
-0.544,-1.296,2.044,570.5982489585876
-0.812,-1.116,2.044,571.0998840332031
-0.832,-0.908,2.044,571.6014590263367
-0.752,-1.648,2.044,572.1032478809357
-0.676,-1.404,2.044,572.6048610210419
-0.7,-1.312,2.044,573.1065819263458
-0.66,-0.616,2.044,573.613273859024
-0.468,-1.264,2.044,574.1151268482208
0.144,-0.812,2.044,574.6168749332428
-0.916,-1.224,2.044,575.1188299655914
-0.704,-1.688,2.044,575.6206078529358
-0.6,-1.524,2.044,576.122328042984
-0.672,-1.3,2.044,576.6242890357971
-0.804,-0.668,2.044,577.1260750293732
-0.484,-1.224,2.044,577.6277809143066
-0.88,-1.788,2.044,578.1297190189362
-1.048,-1.816,2.044,578.6315948963165
-0.508,-1.536,2.044,579.1333479881287
-0.76,-0.508,2.044,579.6353139877319
-0.448,-1.252,2.044,580.1371459960938
-0.848,-1.348,2.044,580.6388900279999
-0.68,-0.9,2.044,581.1408469676971
-0.688,-1.584,2.044,581.6425819396973
-0.36,-1.396,2.044,582.1441760063171
-0.568,-1.34,2.044,582.6459529399872
-0.032,-1.144,2.044,583.1475789546967
-0.4,-0.804,2.044,583.6541669368744
-0.636,-1.476,2.044,584.1561369895935
-0.648,-0.808,2.044,584.6579439640045
-0.62,-1.232,2.044,585.1596839427948
-0.136,-1.028,2.044,585.6616299152374
-0.828,-0.824,2.044,586.1634089946747
-0.748,-1.664,2.044,586.6651208400726
-0.232,-1.668,2.044,587.167121887207
-0.58,-1.184,2.044,587.6688978672028
-0.92,-0.816,2.044,588.1706018447876
-0.708,-1.124,2.044,588.6749649047852
-0.972,-1.496,2.044,589.1768009662628
-0.404,-1.232,2.044,589.6785469055176
-0.624,-1.4,2.044,590.1805050373077
-0.712,-0.532,2.044,590.6822888851166
-0.336,-1.36,2.044,591.184005022049
-0.556,-1.08,2.044,591.6859428882599
-0.756,-0.912,2.044,592.1877188682556
-0.692,-1.712,2.044,592.689425945282
-0.616,-1.2,2.044,593.191468000412
-0.676,-1.18,2.044,593.6966679096222
-0.848,-0.764,2.044,594.1983330249786
-0.556,-1.184,2.044,594.7001440525055
-0.816,-1.9,2.044,595.201985836029
-1.18,-1.608,2.044,595.7036199569702
-0.456,-1.824,2.044,596.2054009437561
-0.36,-1.496,2.044,596.7070870399475
-0.676,-1.28,2.044,597.2086629867554
-0.612,-0.956,2.044,597.7104558944702
-0.736,-1.264,2.044,598.212080001831
-1.048,-1.632,2.044,598.71834897995
-1.224,-1.484,2.044,599.2204158306122
-0.48,-1.772,2.044,599.7222390174866
0.056,-1.784,2.044,600.2239699363708
-0.756,-1.204,2.044,600.7259130477905
-0.632,-0.788,2.044,601.2276878356934
-0.664,-1.288,2.044,601.7294509410858
-0.756,-1.512,2.044,602.2315149307251
-1.328,-1.704,2.044,602.7332980632782
-0.444,-1.732,2.044,603.235004901886
0.856,-2.048,1.532,603.7396650314331
-0.74,-1.216,2.044,604.2414619922638
-0.684,-1.02,2.044,604.743185043335
-0.672,-1.28,2.044,605.2449929714203
-0.8,-1.524,2.044,605.7466149330139
-0.616,-1.336,2.044,606.2481639385223
-0.62,-1.512,2.044,606.7499220371246
-0.704,-0.56,2.044,607.2515540122986
-0.468,-1.344,2.044,607.7531139850616
-0.104,-1.072,2.044,608.2549068927765
-0.836,-1.328,2.044,608.7601509094238
-0.756,-1.556,2.044,609.2621228694916
-1.06,-1.568,2.044,609.764163017273
-0.756,-1.432,2.044,610.2659480571747
-0.736,-0.596,2.044,610.7676680088043
-0.528,-1.308,2.044,611.2696130275726
-0.492,-0.928,2.044,611.7715208530426
-0.828,-1.348,2.044,612.2732579708099
-0.74,-1.472,2.044,612.7751958370209
-1.38,-1.78,2.044,613.2769649028778
-0.692,-1.628,2.044,613.783586025238
-0.676,-0.952,2.044,614.2855479717255
-0.6,-1.256,2.044,614.7873349189758
-0.384,-0.824,2.044,615.2890410423279
-0.896,-1.4,2.044,615.790983915329
-0.792,-1.7,2.044,616.292788028717
-0.928,-1.54,2.044,616.7944979667664
-0.668,-1.656,2.044,617.296303987503
-0.704,-0.612,2.044,617.7979278564453
-0.548,-1.368,2.044,618.2994799613953
-0.652,-0.764,2.044,618.8060300350189
-0.816,-1.468,2.044,619.3077778816223
-0.764,-1.62,2.044,619.8093800544739
-1.232,-1.74,2.044,620.3111519813538
-0.528,-1.676,2.044,620.8127679824829
-0.272,-1.34,2.044,621.3143260478973
-0.652,-1.256,2.044,621.8160939216614
-0.6,-0.816,2.044,622.3177509307861
-0.684,-1.28,2.044,622.8193140029907
-0.776,-1.612,2.044,623.3210768699646
-1.104,-1.688,2.044,623.8253118991852
-0.8,-1.612,2.044,624.3270928859711
-0.64,-0.724,2.044,624.8290860652924
-0.56,-1.388,2.044,625.3308780193329
-0.444,-0.944,2.044,625.8325939178467
-0.904,-1.488,2.044,626.3345580101013
-0.78,-1.224,2.044,626.8363468647003
-0.768,-1.488,2.044,627.3380558490753
-0.676,-1.456,2.044,627.8399958610535
-0.708,-0.844,2.044,628.3417718410492
-0.092,-1.324,2.044,628.8468730449677
-0.932,-1.704,2.044,629.3486969470978
-1.016,-1.46,2.044,629.8503398895264
-0.108,-1.704,2.044,630.3519070148468
0.372,-2.048,1.916,630.8536789417267
-0.708,-1.272,2.044,631.3553190231323
-0.856,-0.768,2.044,631.8568730354309
-0.604,-1.236,2.044,632.3586430549622
-0.976,-1.868,2.044,632.8603019714355
-0.912,-0.94,2.044,633.3618528842926
-0.468,-1.604,2.044,633.866996049881
0.224,-2.048,1.952,634.3688049316406
-0.576,-1.28,2.044,634.8705289363861
-0.84,-0.736,2.044,635.3724730014801
-0.428,-1.296,2.044,635.8742468357086
-0.972,-1.6,2.044,636.3760240077972
-0.784,-0.704,2.044,636.8779790401459
-0.344,-1.888,2.044,637.3797650337219
0.296,-2.048,2.044,637.88148188591
-0.552,-1.228,2.044,638.3834218978882
-0.896,-0.804,2.044,638.8898248672485
-0.332,-1.188,2.044,639.39159989357
0.008,-0.968,2.044,639.8935589790344
-0.992,-1.112,2.044,640.3953788280487
-0.804,-1.744,2.044,640.8971860408783
-1.236,-1.68,2.044,641.3989958763123
-0.388,-1.612,2.044,641.9006419181824
-0.288,-1.912,2.044,642.4022159576416
-0.616,-1.192,2.044,642.903993844986
-0.608,-0.66,2.044,643.4056079387665
-0.756,-1.312,2.044,643.9135398864746
-0.74,-1.8,2.044,644.4155378341675
-1.5,-1.8,2.044,644.9173500537872
-0.512,-1.676,2.044,645.4190590381622
-0.596,-1.548,2.044,645.9210419654846
-0.612,-1.316,2.044,646.4228930473328
0.1,-1.1,2.044,646.9246530532837
-0.812,-0.8,2.044,647.4265968799591
-0.376,-1.6,2.044,647.9283759593964
-0.78,-1.428,2.044,648.4300830364227
-0.692,-1.292,2.044,648.9355640411377
-0.7,-1.5,2.044,649.4373669624329
-0.792,-1.256,2.044,649.939101934433
-0.568,-1.524,2.044,650.4410469532013
-0.94,-0.748,2.044,650.9428248405457
-0.516,-1.24,2.044,651.4445359706879
-0.716,-1.856,2.044,651.9464778900146
-0.936,-0.98,2.044,652.4482610225677
-0.44,-1.66,2.044,652.9498670101166
-0.584,-1.444,2.044,653.451642036438
-0.64,-1.248,2.044,653.9577748775482
-0.748,-0.756,2.044,654.4594058990479
-0.608,-1.208,2.044,654.9611859321594
-0.816,-1.704,2.044,655.4630069732666
-1.248,-1.452,2.044,655.964644908905
-0.524,-1.564,2.044,656.4664280414581
-0.508,-1.496,2.044,656.9680399894714
-0.628,-1.284,2.044,657.4695858955383
-0.656,-0.856,2.044,657.9713859558105
-0.648,-1.252,2.044,658.473002910614
-0.82,-1.512,2.044,658.9771299362183
-0.676,-1.248,2.044,659.47909283638
-0.476,-1.656,2.044,659.9809060096741
-0.748,-0.608,2.044,660.4826328754425
-0.608,-1.216,2.044,660.9845788478851
0.06,-1.096,2.044,661.4863660335541
-0.856,-1.3,2.044,661.9880750179291
-0.752,-1.436,2.044,662.490040063858
-0.572,-1.348,2.044,662.9918370246887
-0.604,-1.38,2.044,663.4935748577118
-0.784,-0.704,2.044,663.9988858699799
-0.46,-1.24,2.044,664.5007019042969
-0.9,-1.612,2.044,665.0023250579834
-1.044,-1.38,2.044,665.5040969848633
-0.504,-1.696,2.044,666.0057079792023
0.224,-2.048,2.044,666.5072629451752
-0.536,-1.384,2.044,667.0090289115906
-0.132,-1.064,2.044,667.5106539726257
-0.824,-1.256,2.044,668.0123660564423
-0.744,-1.496,2.044,668.5141680240631
-0.264,-1.3,2.044,669.0193309783936
-0.612,-1.28,2.044,669.5213940143585
-0.744,-0.856,2.044,670.0234138965607
-0.72,-1.276,2.044,670.5252170562744
-0.976,-1.532,2.044,671.0269298553467
-1.188,-1.116,2.044,671.5288088321686
-0.652,-1.62,2.044,672.0305678844452
0.036,-2.048,2.044,672.5323150157928
-0.684,-1.264,2.044,673.0342569351196
-0.604,-1.088,2.044,673.5360538959503
-0.668,-1.296,2.044,674.0586349964142
-0.732,-1.432,2.044,674.5606069564819
-1.212,-1.844,2.044,675.0623919963837
-0.512,-1.708,2.044,675.5640988349915
-0.696,-0.88,2.044,676.0660419464111
-0.76,-1.26,2.044,676.5679709911346
-0.612,-0.932,2.044,677.0696129798889
-0.756,-1.256,2.044,677.5713729858398
-0.816,-1.7,2.044,678.0729818344116
-1.156,-1.512,2.044,678.5745558738708
-0.432,-1.76,2.044,679.0949709415436
0.28,-2.048,1.656,679.5967988967896
-0.648,-1.276,2.044,680.0985419750214
-0.788,-0.668,2.044,680.6004469394684
-0.472,-1.212,2.044,681.1022078990936
-0.808,-1.452,2.044,681.6039259433746
-0.708,-0.744,2.044,682.1058719158173
-0.732,-1.72,2.044,682.6076629161835
-0.768,-1.352,2.044,683.1093690395355
-0.588,-1.472,2.044,683.611410856247
-0.772,-0.684,2.044,684.1347839832306
-0.7,-1.308,2.044,684.6365749835968
-0.56,-0.848,2.044,685.1385259628296
-0.764,-1.364,2.044,685.6403539180756
-0.852,-1.572,2.044,686.1420559883118
-1.124,-1.32,2.044,686.6440000534058
-0.672,-1.664,2.044,687.1457529067993
0.132,-2.048,1.84,687.6474540233612
-0.544,-1.292,2.044,688.1494019031525
-0.924,-0.796,2.044,688.6510999202728
-0.38,-1.264,2.044,689.1750450134277
-1.084,-1.048,2.044,689.6768410205841
-0.756,-0.76,2.044,690.1784439086914
-0.628,-1.5,2.044,690.6800088882446
-0.684,-1.276,2.044,691.18177485466
-0.708,-1.304,2.044,691.6834139823914
-0.704,-0.648,2.044,692.1849620342255
-0.604,-1.304,2.044,692.6867198944092
-0.216,-1.2,2.044,693.1883170604706
-0.856,-1.036,2.044,693.6899950504303
-0.72,-1.356,2.044,694.2114689350128
-0.588,-1.256,2.044,694.7133350372314
-0.652,-1.44,2.044,695.2152829170227
-0.812,-0.66,2.044,695.717071056366
-0.444,-1.388,2.044,696.2187728881836
-0.012,-1.088,2.044,696.7207078933716
-0.936,-1.228,2.044,697.2224788665771
-0.728,-1.432,2.044,697.724189043045
-0.6,-1.188,2.044,698.2261259555817
-0.704,-1.516,2.044,698.7279498577118
-0.644,-0.628,2.044,699.2470438480377
-0.508,-1.348,2.044,699.7490119934082
-0.388,-1.036,2.044,700.2508158683777
-0.94,-1.308,2.044,700.752436876297
-0.768,-1.516,2.044,701.2542078495026
-0.38,-1.204,2.044,701.7558798789978
-0.7,-1.4,2.044,702.2574439048767
-0.896,-0.6,2.044,702.7591998577118
-0.396,-1.312,2.044,703.2608070373535
-0.74,-1.252,2.044,703.762482881546
-0.972,-1.208,2.044,704.2874019145966
-0.792,-1.54,2.044,704.7892110347748
-0.648,-1.28,2.044,705.2909228801727
-0.68,-1.368,2.044,705.7928609848022
-0.86,-0.704,2.044,706.2946350574493
-0.548,-1.228,2.044,706.7964069843292
-0.956,-1.04,2.044,707.2983639240265
-0.676,-0.92,2.044,707.8001389503479
-0.508,-1.784,2.044,708.3018398284912
0.7,-2.048,1.332,708.8037748336792
-0.736,-1.32,2.044,709.327229976654
-0.844,-0.652,2.044,709.8290159702301
-0.568,-1.164,2.044,710.3309700489044
-0.612,-1.936,2.044,710.8327429294586
-0.904,-1.048,2.044,711.334440946579
-0.732,-1.66,2.044,711.8364069461823
-0.784,-0.504,2.044,712.3381860256195
-0.524,-1.34,2.044,712.839784860611
-0.62,-1.152,2.044,713.3415548801422
-0.952,-1.068,2.044,713.843202829361
-0.552,-1.608,2.044,714.3705070018768
-0.232,-1.244,2.044,714.8723039627075
-0.624,-1.412,2.044,715.3741328716278
-0.932,-1.012,2.044,715.8757660388947
-0.864,-0.776,2.044,716.3774869441986
-0.652,-1.66,2.044,716.8791189193726
-0.268,-1.696,2.044,717.3806779384613
-0.608,-1.212,2.044,717.882462978363
-0.572,-0.476,2.044,718.384073972702
-0.972,-1.432,2.044,718.8857479095459
-0.928,-1.408,2.044,719.4074668884277
-0.74,-1.52,2.044,719.9093010425568
-0.644,-1.38,2.044,720.4110379219055
-0.792,-0.688,2.044,720.912978887558
-0.468,-1.36,2.044,721.4147570133209
-1.02,-1.048,2.044,721.9164710044861
-0.676,-0.708,2.044,722.4184129238129
-0.48,-1.672,2.044,722.9201879501343
0.3,-2.048,2.044,723.4219830036163
-0.664,-1.304,2.044,723.9239230155945
-0.788,-0.636,2.044,724.4431269168854
-0.504,-1.22,2.044,724.9447610378265
-0.948,-1.708,2.044,725.446534872055
-0.792,-1.104,2.044,725.948282957077
-0.336,-1.608,2.044,726.4498839378357
-0.34,-1.676,2.044,726.9516549110413
-0.648,-1.264,2.044,727.4532659053802
-0.628,-0.908,2.044,727.9549739360809
-0.604,-1.252,2.044,728.4567718505859
-0.84,-1.388,2.044,728.958732843399
-1.04,-1.568,2.044,729.4606268405914
-0.708,-1.632,2.044,729.9626469612122
-0.448,-1.552,2.044,730.4644389152527
-0.7,-1.208,2.044,730.9661650657654
-0.864,-0.808,2.044,731.4681239128113
-0.508,-1.212,2.044,731.9699468612671
-1.012,-1.276,2.044,732.4716849327087
-0.676,-1.08,2.044,732.9736330509186
-0.54,-1.596,2.044,733.475389957428
0.032,-2.048,1.748,733.9771120548248
-0.668,-1.212,2.044,734.4790508747101
-0.8,-0.928,2.044,734.9809589385986
-0.504,-1.288,2.044,735.4827079772949
-0.816,-1.636,2.044,735.984659910202
-1.184,-1.812,2.044,736.4863140583038
-0.388,-1.564,2.044,736.9878759384155
-0.68,-0.624,2.044,737.4896519184113
-0.572,-1.336,2.044,737.9913039207458
0.244,-1.112,2.044,738.4928538799286
-0.82,-1.076,2.044,738.9947729110718
-0.7,-1.58,2.044,739.4965438842773
-0.58,-1.092,2.044,740.0179989337921
-0.632,-1.284,2.044,740.5199699401855
-0.924,-0.612,2.044,741.0217549800873
-0.228,-1.208,2.044,741.5234589576721
-1.008,-1.52,2.044,742.0254158973694
-1.144,-1.012,2.044,742.5271880626678
-0.64,-1.608,2.044,743.0289058685303
0.12,-1.98,1.996,743.5308468341827
-0.648,-1.236,2.044,744.0326519012451
-0.708,-0.82,2.044,744.53435587883
-0.636,-1.264,2.044,745.0544798374176
-0.78,-1.756,2.044,745.556282043457
-1.372,-1.652,2.044,746.0579979419708
-0.692,-1.624,2.044,746.5599389076233
-0.7,-0.56,2.044,747.0617940425873
-0.544,-1.352,2.044,747.5635459423065
-0.192,-1.152,2.044,748.0654969215393
-0.792,-0.876,2.044,748.5672039985657
-0.728,-1.684,2.044,749.0687818527222
-0.604,-1.672,2.044,749.5705459117889
-0.596,-1.3,2.044,750.0941410064697
-0.828,-0.744,2.044,750.5957570075989
-0.488,-1.24,2.044,751.0975339412689
-0.964,-1.452,2.044,751.5991339683533
-0.632,-0.848,2.044,752.1006779670715
-0.436,-1.852,2.044,752.6024389266968
-0.344,-1.888,1.856,753.1040470600128
-0.66,-1.176,2.044,753.6055960655212
-0.896,-0.844,2.044,754.1075038909912
-0.748,-1.332,2.044,754.6092748641968
-0.628,-1.428,2.044,755.1340298652649
-0.828,-1.82,2.044,755.6359870433807
-0.656,-1.344,2.044,756.1377558708191
-0.696,-0.464,2.044,756.6395859718323
-0.436,-1.404,2.044,757.1415979862213
-0.904,-1.396,2.044,757.6433899402618
-1.112,-1.216,2.044,758.1450889110565
-0.568,-1.836,2.044,758.6470398902893
-0.148,-1.96,1.848,759.1488029956818
-0.656,-1.316,2.044,759.650533914566
-0.996,-0.776,2.044,760.1730470657349
-0.572,-1.188,2.044,760.6747510433197
-0.952,-1.816,2.044,761.1763219833374
-1.352,-1.508,2.044,761.6780920028687
-0.604,-1.48,2.044,762.1797778606415
-0.704,-0.74,2.044,762.6813590526581
-0.704,-1.228,2.044,763.1831240653992
-0.568,-1.072,2.044,763.6848850250244
-0.748,-1.12,2.044,764.1866040229797
-0.496,-1.884,2.044,764.6885499954224
-0.644,-1.544,2.044,765.2085750102997
-0.708,-1.308,2.044,765.7104270458221
-0.892,-0.76,2.044,766.2123730182648
-0.356,-1.2,2.044,766.7141418457031
-1.108,-1.304,2.044,767.2158439159393
-0.844,-0.708,2.044,767.7177798748016
-0.584,-1.764,2.044,768.2195429801941
0.08,-2.048,2.044,768.7213618755341
-0.668,-1.192,2.044,769.2232999801636
-0.788,-0.84,2.044,769.7250809669495
-0.408,-1.34,2.044,770.2488338947296
-1.036,-1.6,2.044,770.7507948875427
-0.976,-1.168,2.044,771.25257396698
-0.688,-1.62,2.044,771.754273891449
-0.748,-0.836,2.044,772.256078004837
-0.68,-1.288,2.044,772.757688999176
-0.684,-1.084,2.044,773.2592329978943
-0.968,-1.084,2.044,773.7611439228058
-0.82,-1.66,2.044,774.2628149986267
-0.512,-1.428,2.044,774.7643778324127
-0.668,-1.444,2.044,775.2894208431244
-0.776,-0.7,2.044,775.7910659313202
-0.52,-1.316,2.044,776.2928369045258
-0.824,-1.0,2.044,776.7944569587708
-0.704,-0.74,2.044,777.2960798740387
-0.696,-1.72,2.044,777.7978529930115
0.216,-1.608,2.044,778.2994699478149
-0.68,-1.228,2.044,778.801148891449
-0.948,-0.724,2.044,779.3030760288239
-0.552,-1.26,2.044,779.8049018383026
-0.84,-1.732,2.044,780.3102068901062
-1.108,-1.472,2.044,780.8122818470001
-0.548,-1.252,2.044,781.3140580654144
-1.236,-1.384,2.044,781.8157629966736
-0.848,-1.228,2.044,782.3176999092102
-0.72,-1.504,2.044,782.8194739818573
-0.96,-1.396,2.044,783.3211739063263
-0.656,-1.56,2.044,783.8231048583984
-0.832,-0.676,2.044,784.3249258995056
-0.432,-1.332,2.044,784.8265678882599
-0.664,-1.276,2.044,785.3331258296967
-0.8,-1.008,2.044,785.8347828388214
-0.604,-1.584,2.044,786.3363499641418
0.708,-2.048,1.984,786.8381128311157
-0.58,-1.26,2.044,787.3398809432983
-0.764,-0.816,2.044,787.8414878845215
-0.192,-1.248,2.044,788.3432819843292
-1.02,-1.5,2.044,788.8450598716736
-0.932,-0.98,2.044,789.3470280170441
-0.58,-1.6,2.044,789.8490500450134
-0.388,-1.928,2.044,790.355584859848
-0.66,-1.28,2.044,790.8573749065399
-0.696,-0.996,2.044,791.359326839447
-0.82,-1.252,2.044,791.8611478805542
-0.72,-1.68,2.044,792.3628828525543
-1.08,-1.52,2.044,792.8648290634155
-0.432,-1.8,2.044,793.3665950298309
-0.116,-2.044,2.044,793.8683018684387
-0.624,-1.252,2.044,794.3702409267426
-0.812,-0.936,2.044,794.872104883194
-0.628,-1.232,2.044,795.3784129619598
-0.964,-1.7,2.044,795.880429983139
-0.98,-1.304,2.044,796.3821549415588
-0.692,-1.68,2.044,796.8837459087372
-0.684,-0.716,2.044,797.3855240345001
-0.668,-1.284,2.044,797.8871638774872
-0.148,-0.968,2.044,798.388720035553
-0.708,-1.176,2.044,798.8906319141388
-0.792,-1.612,2.044,799.3924188613892
-0.44,-1.196,2.044,799.8941400051117
-0.516,-1.484,2.044,800.3985159397125
-0.796,-0.804,2.044,800.9003899097443
-0.296,-1.256,2.044,801.4021320343018
-1.032,-0.816,2.044,801.9040739536285
-0.784,-0.836,2.044,802.4059109687805
-0.928,-1.676,2.044,802.9076209068298
-0.604,-1.344,2.044,803.409558057785
-0.532,-1.552,2.044,803.9114370346069
-0.532,-0.804,2.044,804.4131450653076
-0.716,-1.276,2.044,804.9150869846344
-0.608,-1.104,2.044,805.4202399253845
-0.74,-1.16,2.044,805.9221289157867
-0.924,-1.588,2.044,806.4240748882294
0.068,-1.016,2.044,806.9258480072021
-0.512,-1.624,2.044,807.4276280403137
-0.632,-0.732,2.044,807.9294438362122
-0.516,-1.32,2.044,808.4310698509216
-0.216,-1.116,2.044,808.9326348304749
-0.936,-1.204,2.044,809.434406042099
-0.728,-1.488,2.044,809.9360508918762
-0.448,-1.228,2.044,810.4423189163208
-0.596,-1.504,2.044,810.9441070556641
-0.696,-0.688,2.044,811.445720911026
-0.552,-1.28,2.044,811.9472670555115
-0.864,-0.98,2.044,812.4490439891815
-0.796,-1.072,2.044,812.950670003891
-0.692,-1.584,2.044,813.452220916748
-0.764,-1.408,2.044,813.9541280269623
-0.688,-1.252,2.044,814.4559090137482
-0.824,-0.708,2.044,814.9576230049133
-0.62,-1.32,2.044,815.4622759819031
-0.764,-0.964,2.044,815.9641239643097
-1.204,-1.464,2.044,816.465854883194
-0.844,-1.632,2.044,816.9678359031677
-1.036,-1.504,2.044,817.4696788787842
-0.732,-1.604,2.044,817.9714369773865
-0.128,-1.32,1.98,818.4733819961548
-0.72,-1.308,2.044,818.9751679897308
-0.952,-0.784,2.044,819.4768688678741
-0.256,-1.26,2.044,819.9786839485168
-0.972,-0.904,2.044,820.4838440418243
-0.752,-1.028,2.044,820.9854888916016
-0.624,-1.508,2.044,821.4872698783875
-0.416,-1.328,2.044,821.9889118671417
-0.456,-1.596,2.044,822.4905159473419
-0.404,-0.844,2.044,822.9922909736633
-0.692,-1.304,2.044,823.4939079284668
-0.612,-0.752,2.044,823.995589017868
-0.728,-1.288,2.044,824.4975368976593
-0.964,-2.044,2.044,824.9993238449097
-0.78,-1.04,2.044,825.504585981369
-0.548,-1.684,2.044,826.0065560340881
-0.592,-1.328,2.044,826.5084218978882
-0.644,-1.508,2.044,827.010174036026
-0.612,-0.56,2.044,827.5121438503265
-0.552,-1.268,2.044,828.0139260292053
-0.66,-0.704,2.044,828.5156290531158
-0.784,-1.212,2.044,829.0175938606262
-1.072,-1.536,2.044,829.5193710327148
-0.724,-0.776,2.044,830.0210950374603
-0.492,-1.708,2.044,830.5276439189911
-0.448,-1.396,2.044,831.0294568538666
-0.584,-1.284,2.044,831.5311958789825
-0.812,-0.728,2.044,832.0330109596252
-0.444,-1.252,2.044,832.5346398353577
0.016,-0.72,2.044,833.0361928939819
-0.884,-1.284,2.044,833.538017988205
-0.856,-1.616,2.044,834.0398099422455
-1.004,-1.784,2.044,834.5415380001068
-0.772,-1.692,2.044,835.0434868335724
-0.42,-1.4,2.044,835.5504720211029
-0.58,-1.368,2.044,836.052304983139
-0.86,-0.864,2.044,836.5543310642242
-0.772,-1.276,2.044,837.0561249256134
-0.576,-1.696,2.044,837.5578439235687
-1.324,-1.832,2.044,838.0597898960114
-0.672,-1.54,2.044,838.5615730285645
-0.54,-0.684,2.044,839.0632839202881
-0.608,-1.284,2.044,839.5652248859406
0.068,-1.372,2.044,840.0670280456543
-0.72,-0.76,2.044,840.5720438957214
-0.56,-1.676,2.044,841.074028968811
0.424,-2.048,2.044,841.5758059024811
-0.5,-1.404,2.044,842.0775179862976
-0.284,-0.728,2.044,842.5794808864594
-1.208,-1.46,2.044,843.0813479423523
-0.828,-1.62,2.044,843.5830669403076
0.0,-1.9,2.044,844.0848689079285
-0.604,-1.292,2.044,844.5864849090576
-0.648,-0.988,2.044,845.0880408287048
-0.96,-1.316,2.044,845.5945210456848
-0.848,-1.664,2.044,846.0961539745331
-0.584,-1.064,2.044,846.5977108478546
-0.744,-1.22,2.044,847.0994799137115
-0.828,-0.812,2.044,847.6011049747467
-0.768,-1.336,2.044,848.102826833725
-0.868,-1.524,2.044,848.6046278476715
-1.02,-1.696,2.044,849.1065938472748
-0.664,-1.564,2.044,849.6086790561676
-0.6,-0.592,2.044,850.1106870174408
-0.624,-1.284,2.044,850.6172230243683
-0.184,-0.848,2.044,851.1189930438995
-0.836,-1.228,2.044,851.6208789348602
-0.812,-1.32,2.044,852.1226449012756
-1.132,-1.768,2.044,852.6243660449982
-0.72,-1.672,2.044,853.1263048648834
-0.532,-1.1,2.044,853.628082036972
-0.684,-1.252,2.044,854.1297860145569
-0.66,-0.86,2.044,854.6317529678345
-0.816,-1.348,2.044,855.13352394104
-0.8,-1.708,2.044,855.6374180316925
-1.44,-1.708,2.044,856.139251947403
-0.752,-1.632,2.044,856.6408648490906
-0.244,-1.664,2.044,857.1424238681793
-0.632,-1.172,2.044,857.6441938877106
-0.74,-0.824,2.044,858.1458029747009
-0.852,-1.248,2.044,858.6474750041962
-1.024,-1.312,2.044,859.1494438648224
-0.56,-0.552,2.044,859.6512138843536
-0.528,-1.636,2.044,860.152930021286
-0.428,-1.616,2.044,860.6582009792328
-0.672,-1.304,2.044,861.1599960327148
-0.892,-0.888,2.044,861.6617269515991
-0.688,-1.372,2.044,862.1636638641357
-0.98,-1.156,2.044,862.6654510498047
-0.784,-0.796,2.044,863.1671538352966
-0.416,-1.852,2.044,863.6690909862518
0.368,-2.048,2.044,864.1708610057831
-0.636,-1.376,2.044,864.6725659370422
-0.924,-0.704,2.044,865.1745069026947
-0.464,-1.196,2.044,865.6795530319214
-0.9,-1.428,2.044,866.1813788414001
-0.856,-0.944,2.044,866.6833519935608
-0.436,-1.772,2.044,867.1851270198822
0.168,-2.048,2.044,867.6868100166321
-0.584,-1.22,2.044,868.1886029243469
-0.944,-0.696,2.044,868.6905250549316
-0.4,-1.232,2.044,869.1921889781952
-0.796,-1.124,2.044,869.6939690113068
-0.812,-0.888,2.044,870.195592880249
-0.58,-1.716,2.044,870.7008829116821
-0.572,-1.348,2.044,871.2026710510254
-0.644,-1.368,2.044,871.7044398784637
-0.776,-0.816,2.044,872.2060480117798
-0.28,-1.364,2.044,872.7078158855438
-0.688,-1.472,2.044,873.209419965744
-0.92,-0.988,2.044,873.7111048698425
-0.644,-1.808,2.044,874.213045835495
-0.304,-1.74,2.044,874.7148480415344
-0.616,-1.208,2.044,875.2165639400482
-0.692,-0.784,2.044,875.7218470573425
-0.348,-1.28,2.044,876.2237179279327
-1.02,-1.564,2.044,876.7254710197449
-1.52,-1.852,2.044,877.2274179458618
-0.64,-1.664,2.044,877.7293200492859
-0.796,-0.764,2.044,878.2310829162598
-0.612,-1.432,2.044,878.7330248355865
-0.88,-1.116,2.044,879.2348070144653
-0.712,-0.692,2.044,879.7364408969879
-0.464,-1.692,2.044,880.2382378578186
0.792,-2.048,1.764,880.7445528507233
-0.664,-1.236,2.044,881.2461688518524
-0.956,-0.764,2.044,881.7479400634766
-0.532,-1.244,2.044,882.2495439052582
-1.012,-1.172,2.044,882.7511370182037
-0.668,-0.872,2.044,883.2529120445251
-0.54,-1.72,2.044,883.7546670436859
0.204,-2.048,2.044,884.2563788890839
-0.544,-1.224,2.044,884.7583198547363
-0.988,-0.676,2.044,885.2600929737091
-0.444,-1.284,2.044,885.7645409107208
-0.772,-1.636,2.044,886.2665059566498
-1.076,-1.276,2.044,886.768296957016
-0.672,-1.528,2.044,887.2700009346008
0.064,-1.808,2.044,887.7719419002533
-0.692,-1.156,2.044,888.273717880249
-0.564,-1.016,2.044,888.77543592453
-0.7,-0.86,2.044,889.2773759365082
-0.492,-1.34,2.044,889.7792429924011
-0.472,-1.564,2.044,890.2809579372406
-0.768,-1.304,2.044,890.7862379550934
-0.756,-0.868,2.044,891.2880549430847
-0.836,-1.468,2.044,891.7896790504456
-0.68,-1.808,2.044,892.2914760112762
-0.96,-1.776,2.044,892.7931070327759
-0.752,-1.696,2.044,893.2946629524231
-0.744,-0.748,2.044,893.7965700626373
-0.632,-1.308,2.044,894.2983560562134
-0.476,-0.94,2.044,894.8000729084015
-0.868,-1.244,2.044,895.302041053772
-0.884,-1.304,2.044,895.8071138858795
-0.768,-1.492,2.044,896.3089120388031
-0.64,-1.34,2.044,896.810868024826
-0.756,-0.62,2.044,897.3126430511475
-0.504,-1.348,2.044,897.8143558502197
-0.336,-1.472,2.044,898.3162989616394
-0.788,-0.804,2.044,898.8180930614471
-0.384,-1.672,2.044,899.3198029994965
-0.208,-1.824,2.044,899.8217530250549
-0.736,-1.3,2.044,900.323520898819
-0.196,-1.056,2.044,900.8542778491974
-0.792,-1.244,2.044,901.3562428951263
-0.76,-1.236,2.044,901.8580420017242
-0.472,-0.924,2.044,902.3597419261932
-0.684,-1.52,2.044,902.861692905426
-0.604,-1.516,2.044,903.3633658885956
-0.008,-1.844,2.044,903.8650798797607
-0.648,-1.276,2.044,904.3668909072876
-0.156,-1.204,2.044,904.8685269355774
-0.788,-1.724,2.044,905.3700940608978
-0.696,-1.484,2.044,905.8744230270386
-0.82,-0.756,2.044,906.3762209415436
-0.636,-1.292,2.044,906.8779008388519
-0.66,-1.072,2.044,907.3797030448914
-0.748,-1.924,2.044,907.8813290596008
-0.592,-1.34,2.044,908.3830480575562
-0.8,-0.68,2.044,908.8849959373474
-0.412,-1.288,2.044,909.3870470523834
-0.532,-1.34,2.044,909.8890700340271
-1.012,-1.52,2.044,910.39106798172
-0.852,-1.412,2.044,910.8930020332336
-0.748,-1.22,2.044,911.3948519229889
-0.676,-1.492,2.044,911.8967499732971
-0.82,-0.788,2.044,912.398500919342
-0.492,-1.344,2.044,912.9003939628601
-0.12,-1.396,2.044,913.4023590087891
-0.776,-0.892,2.044,913.9041509628296
-0.864,-1.78,2.044,914.4058749675751
-0.156,-1.824,2.044,914.9078369140625
-0.672,-1.228,2.044,915.4095048904419
-0.8,-0.9,2.044,915.9112539291382
-0.704,-1.216,2.044,916.4187178611755
-0.476,-1.248,2.044,916.9203908443451
-0.824,-0.996,2.044,917.4219608306885
-0.672,-1.288,2.044,917.9237289428711
-0.824,-0.916,2.044,918.4253289699554
-0.704,-1.148,2.044,918.9271919727325
-0.964,-1.612,2.044,919.4291658401489
-1.248,-1.56,2.044,919.9309849739075
-0.728,-1.636,2.044,920.4327099323273
-0.656,-0.756,2.044,920.934651851654
-0.64,-1.316,2.044,921.4397349357605
-0.976,-0.972,2.044,921.9415159225464
-0.644,-0.72,2.044,922.4434669017792
-0.548,-1.392,2.044,922.9452600479126
-0.224,-1.844,2.044,923.4469668865204
-0.64,-1.244,2.044,923.9489178657532
-0.636,-0.84,2.044,924.4507009983063
-0.292,-1.456,2.044,924.9524269104004
-0.52,-0.724,2.044,925.454372882843
-0.756,-1.352,2.044,925.9561469554901
-0.844,-1.888,2.044,926.4627358913422
-0.804,-0.896,2.044,926.9645719528198
-0.46,-1.888,2.044,927.4661889076233
0.2,-2.048,1.38,927.9679589271545
-0.788,-1.22,2.044,928.4695990085602
-0.744,-1.304,2.044,928.9713969230652
-0.7,-1.252,2.044,929.4733378887177
-0.756,-1.192,2.044,929.9751558303833
-0.28,-1.204,2.044,930.4768919944763
-0.572,-1.552,2.044,930.97882604599
-0.732,-0.552,2.044,931.4830620288849
-0.504,-1.244,2.044,931.9848380088806
-1.1,-1.056,2.044,932.4867868423462
-0.78,-0.888,2.044,932.9885740280151
-0.66,-1.54,2.044,933.4903979301453
-0.52,-0.96,2.044,933.9923360347748
-0.604,-1.592,2.044,934.4941248893738
-0.436,-0.968,2.044,934.9958369731903
-0.736,-1.224,2.044,935.4977769851685
-0.652,-0.828,2.044,935.9995720386505
-0.728,-1.34,2.044,936.504725933075
-0.872,-1.804,2.044,937.0067179203033
-0.916,-0.924,2.044,937.5084898471832
-0.216,-1.856,2.044,938.0102498531342
0.272,-2.048,1.844,938.5122928619385
-0.548,-1.272,2.044,939.0139780044556
-0.836,-0.732,2.044,939.5155448913574
-0.544,-1.312,2.044,940.0173299312592
-1.096,-1.408,2.044,940.5189969539642
-0.816,-0.76,2.044,941.0206718444824
-0.356,-1.916,2.044,941.5258228778839
0.684,-2.048,2.044,942.027459859848
-0.712,-1.308,2.044,942.5290188789368
-0.888,-0.608,2.044,943.0307929515839
-0.276,-1.352,2.044,943.5324418544769
-0.88,-0.932,2.044,944.0341429710388
-0.816,-0.776,2.044,944.5360999107361
-0.6,-1.624,2.044,945.0378739833832
0.032,-2.036,2.044,945.5395770072937
-0.648,-1.276,2.044,946.0415530204773
-0.752,-0.64,2.044,946.5630960464478
-0.392,-1.268,2.044,947.0649018287659
-0.788,-1.432,2.044,947.5668640136719
-0.756,-0.72,2.044,948.0687079429626
-0.484,-1.84,2.044,948.5704588890076
0.216,-2.048,2.044,949.0724158287048
-0.668,-1.288,2.044,949.5742020606995
-0.876,-0.764,2.044,950.0759179592133
-0.26,-1.376,2.044,950.5778799057007
-0.86,-0.716,2.044,951.0795469284058
-0.956,-1.396,2.044,951.5985679626465
-0.688,-1.592,2.044,952.1003749370575
-1.104,-1.628,2.044,952.6020109653473
-0.72,-1.648,2.044,953.1035759449005
-0.604,-0.844,2.044,953.6053550243378
-0.624,-1.276,2.044,954.107106924057
-0.644,-0.8,2.044,954.6088428497314
-0.876,-1.388,2.044,955.1108438968658
-0.824,-1.46,2.044,955.6126608848572
-1.012,-1.536,2.044,956.1143798828125
-0.62,-1.672,2.044,956.6375980377197
-0.46,-1.012,2.044,957.139387845993
-0.584,-1.276,2.044,957.6411099433899
-0.52,-0.812,2.044,958.1430540084839
-0.944,-1.352,2.044,958.6448409557343
-0.856,-1.564,2.044,959.1465580463409
-0.728,-1.42,2.044,959.6485109329224
-0.72,-1.58,2.044,960.1503598690033
-0.288,-0.812,2.044,960.6520779132843
-0.632,-1.292,2.044,961.1540310382843
-0.648,-1.044,2.044,961.6781449317932
-0.692,-1.376,2.044,962.1799099445343
-0.832,-1.384,2.044,962.6818668842316
-0.76,-1.176,2.044,963.1835868358612
-0.496,-1.456,2.044,963.6851689815521
-0.776,-0.7,2.044,964.1869440078735
-0.448,-1.22,2.044,964.6885788440704
-1.068,-1.104,2.044,965.1901268959045
-0.744,-0.908,2.044,965.6918950080872
-0.548,-1.6,2.044,966.1934978961945
-0.664,-1.492,2.044,966.7141819000244
-0.696,-1.308,2.044,967.2159659862518
0.008,-1.092,2.044,967.7175939083099
-0.788,-1.196,2.044,968.2192928791046
-0.524,-1.628,2.044,968.7212369441986
0.072,-2.048,1.808,969.22318983078
-0.716,-1.264,2.044,969.7252058982849
-0.696,-1.272,2.044,970.2272238731384
-0.792,-1.356,2.044,970.7290320396423
-0.392,-1.732,2.044,971.2307438850403
-0.704,-2.008,2.044,971.7521929740906
-0.664,-1.252,2.044,972.2540030479431
-0.428,-0.884,2.044,972.7557468414307
-0.848,-1.092,2.044,973.2576899528503
-0.288,-2.048,2.044,973.7594759464264
0.088,-2.044,2.044,974.2611839771271
-0.484,-1.324,2.044,974.7631390094757
-0.656,-0.896,2.044,975.2648088932037
-0.928,-1.548,2.044,975.7663788795471
-0.72,-1.54,2.044,976.2680909633636
-0.476,-1.58,2.044,976.7867388725281
-0.62,-1.276,2.044,977.2883448600769
-0.776,-0.824,2.044,977.7901198863983
-0.756,-1.256,2.044,978.2918138504028
-0.88,-1.456,2.044,978.7935359477997
-0.54,-1.436,2.044,979.2954819202423
-0.692,-1.452,2.044,979.7972798347473
-0.648,-0.528,2.044,980.2990009784698
-0.552,-1.212,2.044,980.8009510040283
-0.676,-0.904,2.044,981.3027288913727
-0.608,-1.204,2.044,981.8278679847717
-1.056,-1.576,2.044,982.3298308849335
-0.712,-0.888,2.044,982.8316178321838
-0.452,-1.648,2.044,983.3333389759064
-0.464,-1.5,2.044,983.8352839946747
-0.684,-1.392,2.044,984.3370728492737
-0.74,-0.584,2.044,984.8387858867645
-0.48,-1.3,2.044,985.3407390117645
-0.512,-0.748,2.044,985.8425209522247
-0.82,-1.344,2.044,986.3443009853363
-1.044,-1.092,2.044,986.8655860424042
-0.656,-0.948,2.044,987.3673429489136
-0.72,-1.796,2.044,987.8689720630646
-0.96,-1.468,2.044,988.3707559108734
-0.736,-1.292,2.044,988.8725459575653
-0.76,-0.808,2.044,989.3742699623108
-0.316,-1.32,2.044,989.8762218952179
-0.848,-0.92,2.044,990.378173828125
-0.832,-0.836,2.044,990.8799459934235
-0.756,-1.432,2.044,991.3819079399109
-0.588,-1.424,2.044,991.9038279056549
-0.728,-1.588,2.044,992.4056069850922
-0.468,-0.888,2.044,992.9075539112091
-0.696,-1.272,2.044,993.4093539714813
-0.74,-0.748,2.044,993.9110789299011
-0.856,-1.332,2.044,994.4130280017853
-0.708,-1.976,2.044,994.914803981781
-1.356,-1.528,2.044,995.4165110588074
-0.464,-1.688,2.044,995.9184608459473
-0.348,-1.488,2.044,996.4202480316162
-0.656,-1.268,2.044,996.9448330402374
-0.628,-0.808,2.044,997.4468200206757
-0.728,-1.352,2.044,997.9486010074615
-0.844,-1.54,2.044,998.4504270553589
-0.968,-0.836,2.044,998.952241897583
-0.396,-1.688,2.044,999.453852891922
0.516,-2.048,1.992,999.955461025238
-0.628,-1.26,2.044,1000.4572539329529
-0.784,-0.66,2.044,1000.958881855011
-0.596,-1.2,2.044,1001.4604330062866
-0.504,-0.828,2.044,1001.9817728996277
-0.884,-1.112,2.044,1002.483414888382
-1.004,-1.612,2.044,1002.9849739074707
-0.768,-1.4,2.044,1003.4867520332336
-0.684,-1.596,2.044,1003.9885439872742
-0.264,-1.552,2.044,1004.4904198646545
-0.72,-1.196,2.044,1004.9923839569092
-0.884,-0.744,2.044,1005.4941630363464
-0.244,-1.24,2.044,1005.9958670139313
-1.044,-1.056,2.044,1006.4978029727936
-0.896,-0.808,2.044,1007.0172610282898
-0.844,-1.58,2.044,1007.5190379619598
-0.604,-1.4,2.044,1008.0209939479828
-0.588,-1.432,2.044,1008.522784948349
-0.884,-0.7,2.044,1009.0245008468628
-0.424,-1.36,2.044,1009.5264399051666
0.12,-0.628,2.044,1010.028223991394
-1.148,-1.404,2.044,1010.5298359394073
-0.732,-1.556,2.044,1011.0316150188446
-0.352,-1.168,2.044,1011.5332338809967
-0.752,-1.564,2.044,1012.0558688640594
-0.812,-0.516,2.044,1012.5575368404388
-0.456,-1.48,2.044,1013.0591089725494
0.004,-1.112,2.044,1013.5609078407288
-0.84,-1.204,2.044,1014.0626978874207
-0.78,-1.776,2.044,1014.5644240379333
-0.856,-1.212,2.044,1015.066447019577
-0.58,-1.536,2.044,1015.5683209896088
-0.756,-0.816,2.044,1016.0700719356537
-0.76,-1.332,2.044,1016.5717258453369
-0.7,-0.828,2.044,1017.0949649810791
-0.844,-1.352,2.044,1017.596745967865
-0.848,-1.564,2.044,1018.0987160205841
-1.448,-1.944,2.044,1018.6005778312683
-0.668,-1.568,2.044,1019.1023378372192
-0.76,-0.992,2.044,1019.6042718887329
-0.672,-1.248,2.044,1020.1060738563538
-0.416,-1.112,2.044,1020.6077868938446
-1.144,-1.636,2.044,1021.1097168922424
-0.824,-1.436,2.044,1021.6114890575409
-1.728,-1.844,2.044,1022.1329660415649
-0.544,-1.688,2.044,1022.6347899436951
-0.724,-1.0,2.044,1023.1364059448242
-0.608,-1.364,2.044,1023.637964963913
-0.304,-1.052,2.044,1024.1397359371185
-0.824,-1.12,2.044,1024.6413650512695
-0.724,-1.636,2.044,1025.1429209709167
-0.628,-1.552,2.044,1025.6446850299835
-0.684,-1.228,2.044,1026.1462948322296
-0.788,-0.656,2.044,1026.6479089260101
-0.388,-1.112,2.044,1027.1639189720154
-0.88,-1.652,2.044,1027.66557097435
-1.268,-1.74,2.044,1028.1672978401184
-0.548,-1.592,2.044,1028.6692419052124
-0.66,-0.784,2.044,1029.1712720394135
-0.572,-1.344,2.044,1029.6732938289642
-0.708,-1.1,2.044,1030.175302028656
-0.84,-1.28,2.044,1030.6770968437195
-0.568,-1.464,2.044,1031.178808927536
-0.932,-0.896,2.044,1031.6807448863983
-0.64,-1.216,2.044,1032.1825540065765
-0.616,-1.536,2.044,1032.6843869686127
-0.7,-1.072,2.044,1033.1863510608673
-0.708,-1.544,2.044,1033.6881399154663
-0.732,-1.384,2.044,1034.189868927002
0.44,-1.624,2.044,1034.6916739940643
-0.576,-1.3,2.044,1035.193316936493
-0.744,-0.7,2.044,1035.6948850154877
-0.524,-1.264,2.044,1036.1966638565063
-0.864,-1.676,2.044,1036.6982839107513
-1.236,-1.3,2.044,1037.199828863144
-0.628,-1.616,2.044,1037.7289409637451
0.512,-2.048,1.812,1038.2305688858032
-0.672,-1.3,2.044,1038.7322869300842
-0.936,-0.668,2.044,1039.2342309951782
-0.444,-1.228,2.044,1039.7360129356384
-0.584,-1.768,2.044,1040.2377288341522
-1.072,-1.304,2.044,1040.7396728992462
-0.384,-1.628,2.044,1041.2414469718933
0.744,-2.048,1.52,1041.7431468963623
-0.68,-1.3,2.044,1042.2450950145721
-0.848,-0.78,2.044,1042.7695488929749
-0.432,-1.26,2.044,1043.271388053894
-0.86,-1.044,2.044,1043.7733328342438
-0.816,-1.008,2.044,1044.2751178741455
-0.808,-1.64,2.044,1044.7768249511719
-0.576,-1.228,2.044,1045.2787699699402
-0.668,-1.476,2.044,1045.7805578708649
-0.704,-0.712,2.044,1046.2821700572968
-0.512,-1.368,2.044,1046.7839660644531
-0.272,-1.144,2.044,1047.2855968475342
-1.008,-1.348,2.044,1047.805568933487
-0.76,-1.392,2.044,1048.3073689937592
-0.36,-1.228,2.044,1048.8091280460358
-0.536,-1.276,2.044,1049.3108439445496
-0.752,-0.76,2.044,1049.8128168582916
-0.732,-1.24,2.044,1050.3146159648895
-0.824,-1.78,2.044,1050.8163359165192
-1.48,-1.784,2.044,1051.3182809352875
-0.644,-1.652,2.044,1051.8200659751892
-0.364,-1.492,2.044,1052.3217759132385
-0.732,-1.276,2.044,1052.8486359119415
-0.692,-1.076,2.044,1053.3504600524902
-0.88,-1.152,2.044,1053.852196931839
-0.828,-1.348,2.044,1054.354143857956
-0.5,-0.812,2.044,1054.8559210300446
-0.756,-1.364,2.044,1055.3576350212097
-0.796,-0.74,2.044,1055.8595728874207
-0.276,-1.24,2.044,1056.3614358901978
-1.144,-1.228,2.044,1056.8631489276886
-0.876,-0.888,2.044,1057.365089893341
-0.48,-1.708,2.044,1057.8865649700165
0.568,-2.048,2.044,1058.3882319927216
-0.588,-1.288,2.044,1058.8900170326233
-0.788,-0.684,2.044,1059.3916418552399
-0.484,-1.272,2.044,1059.8932478427887
-0.788,-1.616,2.044,1060.3950378894806
-1.488,-1.764,2.044,1060.8966610431671
-0.64,-1.584,2.044,1061.3982169628143
-0.176,-1.98,2.044,1061.899981021881
-0.696,-1.264,2.044,1062.4015929698944
-0.732,-0.768,2.044,1062.9204769134521
-0.684,-1.3,2.044,1063.4222729206085
-0.84,-1.48,2.044,1063.9240288734436
-1.084,-1.076,2.044,1064.4257400035858
-0.352,-1.9,2.044,1064.9277079105377
0.248,-2.048,1.924,1065.4294939041138
-0.616,-1.18,2.044,1065.9313509464264
-0.836,-0.612,2.044,1066.433259010315
-0.328,-1.244,2.044,1066.93506193161
-0.872,-1.06,2.044,1067.4367759227753
-0.9,-1.332,2.044,1067.9604799747467
-0.856,-1.584,2.044,1068.4622888565063
-1.008,-1.864,2.044,1068.9640958309174
-0.384,-1.656,2.044,1069.4660439491272
-0.676,-0.752,2.044,1069.9679069519043
-0.756,-1.248,2.044,1070.4695110321045
-0.616,-1.072,2.044,1070.9713289737701
-0.808,-1.128,2.044,1071.4729390144348
-0.852,-1.708,2.044,1071.974503993988
-0.076,-1.708,2.044,1072.4762749671936
-0.656,-1.548,2.044,1073.0003390312195
-0.824,-0.86,2.044,1073.5019619464874
-0.82,-1.196,2.044,1074.0038828849792
-0.892,-1.756,2.044,1074.5056569576263
-0.016,-1.096,2.044,1075.00736784935
-0.668,-1.252,2.044,1075.5093169212341
-0.836,-0.752,2.044,1076.0111198425293
-0.9,-1.416,2.044,1076.5128300189972
-0.756,-1.624,2.044,1077.0147709846497
0.816,-2.048,2.044,1077.5165479183197
-0.264,-1.368,2.044,1078.0380358695984
-0.976,-1.164,2.044,1078.5400240421295
-0.884,-0.872,2.044,1079.041818857193
-0.704,-1.508,2.044,1079.543527841568
-0.752,-0.596,2.044,1080.0454790592194
-0.392,-1.264,2.044,1080.547255039215
-0.844,-1.632,2.044,1081.0489580631256
-1.236,-1.212,2.044,1081.5508999824524
-0.672,-1.572,2.044,1082.052708864212
-0.64,-0.792,2.044,1082.5543239116669
-0.644,-1.296,2.044,1083.0760979652405
-0.792,-0.768,2.044,1083.5777759552002
-0.664,-1.316,2.044,1084.0793750286102
-1.228,-1.628,2.044,1084.5811519622803
-0.716,-0.516,2.044,1085.0827560424805
-0.628,-1.576,2.044,1085.5843060016632
-0.636,-1.104,2.044,1086.08607006073
-0.62,-1.256,2.044,1086.5877459049225
-0.028,-1.028,2.044,1087.0893230438232
-0.84,-1.128,2.044,1087.5910959243774
-0.788,-1.492,2.044,1088.1140909194946
-0.984,-1.508,2.044,1088.615886926651
-0.708,-1.596,2.044,1089.1178529262543
-0.752,-0.708,2.044,1089.6198830604553
-0.66,-1.316,2.044,1090.1216759681702
-0.556,-0.804,2.044,1090.6236259937286
-0.932,-1.452,2.044,1091.1253938674927
-0.6,-1.64,2.044,1091.6271529197693
-0.636,-1.196,2.044,1092.1291198730469
-0.58,-1.356,2.044,1092.6309230327606
-0.728,-0.708,2.044,1093.152811050415
-0.5,-1.336,2.044,1093.6546468734741
-0.408,-1.128,2.044,1094.1562750339508
-0.9,-1.168,2.044,1094.6580488681793
-0.752,-1.548,2.044,1095.1596670150757
-0.408,-1.18,2.044,1095.661260843277
-0.64,-1.44,2.044,1096.163025856018
-0.736,-0.552,2.044,1096.664654970169
-0.648,-1.264,2.044,1097.166198015213
-0.488,-1.076,2.044,1097.667958021164
-1.084,-1.456,2.044,1098.1890769004822
-0.936,-1.708,2.044,1098.6908390522003
-0.896,-0.852,2.044,1099.1928038597107
-0.728,-1.324,2.044,1099.694603919983
-0.82,-0.66,2.044,1100.1963369846344
-0.444,-1.28,2.044,1100.6982860565186
-0.896,-1.008,2.044,1101.200052022934
-0.872,-0.928,2.044,1101.7017679214478
-0.816,-1.528,2.044,1102.2037098407745
-0.768,-1.296,2.044,1102.7055070400238
-0.652,-1.432,2.044,1103.2246940135956
-0.664,-0.76,2.044,1103.7266628742218
-0.664,-1.268,2.044,1104.2284409999847
-0.684,-1.128,2.044,1104.7301540374756
-0.748,-1.04,2.044,1105.2320969104767
-0.612,-2.048,2.044,1105.7339119911194
-0.852,-0.512,2.044,1106.2356688976288
-0.724,-1.884,2.044,1106.7374799251556
-0.992,-2.048,2.044,1107.2390859127045
-0.692,-1.596,2.044,1107.7406568527222
-0.308,-1.86,2.044,1108.2666430473328
-0.544,-1.216,2.044,1108.768539905548
-0.904,-0.78,2.044,1109.2704799175262
-0.448,-1.196,2.044,1109.7724640369415
-0.848,-0.856,2.044,1110.2742438316345
-0.932,-1.068,2.044,1110.7759609222412
-0.876,-1.476,2.044,1111.277932882309
-0.956,-1.848,2.044,1111.7797238826752
-0.584,-1.6,2.044,1112.2814269065857
-0.292,-1.248,2.044,1112.7833828926086
-0.704,-1.256,2.044,1113.3052480220795
-0.664,-0.88,2.044,1113.8070750236511
-0.832,-1.32,2.044,1114.309033870697
-0.88,-1.472,2.044,1114.8108758926392
-0.384,-0.704,2.044,1115.3126139640808
-0.696,-1.232,2.044,1115.8145809173584
0.148,-1.284,2.044,1116.3163449764252
-0.86,-1.032,2.044,1116.8180539608002
-0.636,-1.324,2.044,1117.3200058937073
-0.64,-1.44,2.044,1117.82182097435
-0.664,-1.296,2.044,1118.341315984726
-0.58,-1.304,2.044,1118.843262910843
-0.896,-1.424,2.044,1119.3449189662933
-0.808,-1.536,2.044,1119.8465359210968
-0.404,-1.42,2.044,1120.3483300209045
-0.684,-1.296,2.044,1120.8499689102173
-0.98,-1.184,2.044,1121.3515548706055
-0.556,-1.216,2.044,1121.8533208370209
-0.788,-1.428,2.044,1122.354917049408
-1.136,-1.576,2.044,1122.856467962265
-1.344,-1.28,2.044,1123.3808188438416
-0.624,-1.32,2.044,1123.8826489448547
-0.708,-1.044,2.044,1124.3844120502472
-0.784,-1.296,2.044,1124.886361837387
-0.74,-1.572,2.044,1125.3881268501282
-0.256,-1.576,2.044,1125.8898389339447
-0.712,-1.336,2.044,1126.3917808532715
-0.592,-1.328,2.044,1126.8935878276825
-0.436,-1.484,2.044,1127.3952858448029
-0.288,-1.108,2.044,1127.8972549438477
-0.532,-1.404,2.044,1128.4219419956207
-0.156,-1.224,2.044,1128.9237279891968
-0.588,-1.004,2.044,1129.4256918430328
-0.796,-1.352,2.044,1129.9274020195007
0.52,-1.26,2.044,1130.4289779663086
-0.7,-1.48,2.044,1130.9307520389557
-0.784,-1.08,2.044,1131.432354927063
-0.6,-1.144,2.044,1131.9339079856873
-0.9,-1.008,2.044,1132.4356689453125
-0.92,-1.644,2.044,1132.9372940063477
-0.712,-1.568,2.044,1133.458310842514
-0.332,-1.744,2.044,1133.9602420330048
-0.804,-1.356,2.044,1134.4621138572693
-0.548,-1.244,2.044,1134.963830947876
-1.088,-1.992,2.044,1135.4657909870148
-0.456,-1.624,2.044,1135.9675970077515
-0.624,-1.036,2.044,1136.4693050384521
-0.624,-1.352,2.044,1136.9712479114532
-0.56,-1.964,2.044,1137.4730100631714
-0.804,-1.308,2.044,1137.9747169017792
-0.372,-1.412,2.044,1138.494176864624
-0.692,-1.072,2.044,1138.9960520267487
-1.088,-1.444,2.044,1139.49782705307
-1.032,-1.48,2.044,1139.9997780323029
-0.54,-0.644,2.044,1140.501564025879
-0.404,-1.384,2.044,1141.003278017044
-0.768,-0.856,2.044,1141.5052289962769
-0.708,-1.124,2.044,1142.0069060325623
-0.676,-1.32,2.044,1142.5084710121155
-0.296,-1.156,2.044,1143.0102398395538
                                                                                                                                                                                                                                                                                                                                                               