0,0,0,0.0083920956
-1.016,-0.74,1.76,0.0895740986
-1.284,-0.424,2.004,0.1609699726
-0.864,-0.084,2.028,0.232350111
-1.208,-0.444,2.044,0.3036940098
-0.552,-0.764,1.94,0.3750269413
-0.42,-0.492,2.044,0.4471809864
-0.48,-0.188,2.044,0.5185539722
-1.036,-0.452,2.044,0.5899269581
-0.5,-0.308,2.044,0.6613709927
-0.404,-0.044,2.044,0.7328310013
-0.836,-0.86,0.96,0.8042631149
-1.744,-0.02,2.044,0.8756930828
0.096,-0.572,2.044,0.9470591545
-1.108,-0.292,2.044,1.0184290409
-0.632,-0.464,2.044,1.0898070335
-1.064,-0.404,2.044,1.1611580849
-0.396,-0.244,2.044,1.2325251102
-0.716,-0.676,1.988,1.303907156
-1.028,-0.732,1.94,1.3752729893
-0.596,-0.748,1.916,1.4466609955
-0.984,-0.132,2.044,1.5180530548
-0.972,-0.176,2.044,1.5894761086
-0.536,-0.76,1.66,1.6608941555
-0.548,-0.284,2.044,1.7322981358
-0.236,-0.368,2.044,1.8036429882
-0.7,-0.488,2.044,1.8749649525
-0.392,-0.188,2.044,1.9548211098
-1.08,0.036,2.044,2.0262100697
-1.692,-1.376,2.02,2.0975501537
-0.968,-0.016,2.044,2.1689300537
-0.584,-0.376,1.896,2.240267992
-0.636,-0.204,2.044,2.3115971088
-0.852,-0.452,2.044,2.3828821182
-0.472,-0.572,2.044,2.4541909695
-0.784,-0.544,2.044,2.5256700516
-0.92,-0.56,1.908,2.5972421169
-1.324,-0.76,1.62,2.6688261032
-1.064,-0.128,2.044,2.7403509617
-0.736,-0.096,2.044,2.8119001389
-1.084,-0.084,1.816,2.8834879398
-0.172,-0.748,1.86,2.955119133
-0.488,-0.216,2.044,3.0266571045
-1.988,-1.14,2.044,3.0982460976
0.028,-0.632,2.044,3.1700530052
-0.604,0.132,2.044,3.2414669991
-1.64,0.8,1.532,3.3128249645
-1.232,0.368,2.044,3.3841760159
-0.004,-0.084,2.044,3.4555380344
-2.048,-2.048,1.512,3.5268959999
-1.8,-0.208,2.044,3.5980780125
-0.648,-0.108,2.044,3.6692450047
-0.912,-0.58,2.044,3.7403790951
-0.416,-0.456,2.044,3.8114981651
-0.668,-0.536,2.044,3.8828730583
-0.62,-0.524,2.044,3.9542689323
-0.54,-0.504,2.044,4.0256159306
-0.848,-0.412,1.884,4.0969581604
-0.676,-1.548,1.764,4.1683011055
-0.844,-0.276,2.044,4.2397401333
-0.54,-0.612,1.896,4.3176159859
-0.24,-0.748,1.888,4.4164659977
-0.836,-0.596,2.044,4.4878270626
-0.628,-0.392,2.044,4.5592579842
-0.748,-0.104,2.044,4.630712986
-0.432,-0.12,2.044,4.7021341324
-0.864,0.244,1.532,4.7735109329
-0.82,0.192,2.044,4.8449931145
0.092,-0.304,2.044,4.9163861275
-1.296,-0.596,1.984,4.9877970219
-0.756,-0.216,2.044,5.0592141151
-0.696,-0.264,2.044,5.1305890083
-0.776,-0.396,2.044,5.2019970417
-0.48,-0.468,2.044,5.2770740986
-0.804,-0.352,2.044,5.3485691547
-0.644,-0.348,2.044,5.4202101231
-0.464,-0.416,1.964,5.4918179512
-0.628,-0.632,1.844,5.5634570122
-0.804,-0.652,2.044,5.6349999905
-0.74,-0.232,1.892,5.7066061497
-0.324,0.004,2.044,5.7782070637
-1.148,-0.22,2.044,5.8498849869
-0.7,-0.688,1.988,5.9214401245
-0.404,-0.224,2.044,5.992978096
-1.504,0.012,2.044,6.0643889904
-0.804,-0.224,2.044,6.1357820034
-0.568,-0.104,2.044,6.2071690559
-1.068,0.432,1.332,6.2785329819
-2.048,-0.852,1.696,6.3499131203
-0.528,0.176,2.044,6.421628952
-2.048,-2.048,1.456,6.4931881428
-1.08,0.112,2.044,6.564658165
-0.284,-0.348,2.044,6.6362040043
-1.132,-0.508,2.044,6.7076721191
-0.736,-0.176,2.044,6.779102087
-0.776,-0.1,2.044,6.850536108
-0.26,-0.552,1.956,6.9229631424
-1.332,-0.852,1.828,6.9943909645
-1.092,-0.572,1.848,7.0655829906
-1.352,-0.028,1.996,7.1367411613
-0.824,0.048,2.044,7.2079730034
0.112,-0.816,1.176,7.2791230679
-0.94,-0.648,2.044,7.3502531052
-0.492,-0.248,2.044,7.4213700294
-0.7,-0.172,2.044,7.4928400517
-0.584,-0.092,2.044,7.5641629696
-0.792,0.116,1.772,7.6354670525
-2.048,-0.288,2.044,7.7067811489
-0.356,-0.176,2.044,7.7780530453
-0.06,-0.432,1.788,7.8493051529
-1.204,-0.576,2.044,7.9207439423
-0.924,-0.792,2.044,7.9920611382
-0.924,-0.16,2.044,8.0633161068
0.004,-0.608,2.044,8.1345689297
-0.688,-0.768,1.84,8.2058169842
-0.968,-0.84,1.716,8.277066946
-0.96,-0.232,2.044,8.3486170769
-0.86,-0.16,2.044,8.4199709892
-1.436,-0.412,2.044,8.4912409782
-0.572,-1.34,1.844,8.5624949932
-0.44,-0.532,2.044,8.6337440014
-0.564,-0.216,2.044,8.7050070763
-0.656,-0.764,2.044,8.7762629986
-0.624,-0.148,2.044,8.8475110531
-0.44,-0.056,2.044,8.9189260006
-0.42,-0.292,1.24,8.9904069901
-1.244,-0.34,2.044,9.0617699623
-0.308,-1.236,1.868,9.1330530643
-0.364,-0.088,2.044,9.2043089867
-1.18,-0.276,2.044,9.2755680084
-0.88,-0.428,2.044,9.3468210697
-0.508,-0.516,2.044,9.418076992
-0.512,-0.5,2.044,9.4893331528
-0.532,-0.772,2.008,9.5605890751
-0.64,-0.604,1.936,9.6318440437
-1.268,-0.376,2.044,9.7031149864
-0.624,-0.216,2.02,9.774392128
-1.62,-0.548,2.044,9.8459351063
-0.092,-1.144,1.796,9.9174079895
-0.32,-0.336,2.044,9.9887290001
-0.416,-0.452,2.044,10.0600030422
-0.832,-0.16,1.952,14.0433859825
-0.372,-0.56,2.044,14.1150369644
-0.408,-0.696,2.044,14.1863789558
-0.564,-0.512,2.044,14.2576479912
-0.44,-0.8,2.044,14.3289101124
-1.212,-0.576,1.552,14.4001669884
-1.16,0.188,2.044,14.4714281559
-0.18,-0.208,2.044,14.5426881313
-0.288,-0.74,2.044,14.6139500141
-1.908,-0.764,2.044,14.6852121353
-0.52,-0.432,2.044,14.756469965
-0.728,-0.536,2.044,14.8277289867
-0.576,-0.708,2.044,14.898982048
-0.932,-0.452,2.044,14.9702341557
-1.204,-0.212,2.044,15.0414960384
-1.176,0.04,2.044,15.1127541065
0.432,-1.336,1.456,15.1840231419
-0.328,-0.096,2.044,15.255354166
-0.736,-0.448,2.044,15.326636076
-0.34,-0.6,2.044,15.3978941441
-0.592,-1.168,2.044,15.4691519737
-0.884,-0.472,1.86,15.5404140949
-1.16,-0.224,2.044,15.611964941
-0.232,-0.5,2.044,15.6833059788
-1.136,-0.176,1.628,15.7546179295
0.292,-0.64,2.044,15.825895071
-0.472,-0.04,2.044,15.8971560001
-0.508,-0.284,2.044,15.9684121609
-0.352,-0.412,2.044,16.039550066
-0.696,-0.148,2.044,16.1106801033
-0.792,-2.048,1.804,16.1817829609
-0.788,-0.308,2.044,16.2528841496
0.22,-0.596,1.8,16.3239841461
-2.048,-0.084,2.044,16.3950841427
-0.54,-0.128,2.044,16.4661860466
-1.384,-1.28,2.032,16.5372920036
-0.88,-0.66,2.044,16.6084070206
-0.756,-0.34,2.044,16.6797270775
-1.164,-0.168,2.044,16.750895977
-0.348,-0.548,2.044,16.8220150471
-0.268,-0.328,2.044,16.8931181431
-0.288,-0.004,2.044,16.9642169476
-1.04,0.504,0.76,17.0353190899
-0.952,0.188,2.044,17.1066980362
0.968,-2.048,2.036,17.1778790951
-1.516,-0.38,2.044,17.2489831448
-0.712,-0.084,2.044,17.3201110363
-0.792,-0.444,2.044,17.3912250996
-0.664,-0.528,2.044,17.4623329639
-0.596,-0.392,2.044,17.5334579945
-0.616,-0.444,2.044,17.6045610905
-0.724,-0.448,2.044,17.675661087
-0.672,-0.536,2.044,17.7469010353
-0.084,-0.748,1.804,17.8181650639
-1.084,-0.688,2.044,17.8894219398
-0.684,-0.12,2.032,17.9607210159
-0.444,0.032,2.044,18.0319781303
-1,0.056,1.624,18.10323596
-0.468,-0.588,2.044,18.174487114
-0.62,-0.252,2.044,18.2457420826
-1.388,-0.548,2.044,18.3169989586
-0.692,-0.344,2.044,18.3882520199
-0.5,-0.132,2.044,18.4595050812
-1.004,0.192,1.972,18.5308020115
-2.048,-0.744,2.044,18.6023581028
-0.336,0.024,2.044,18.6736991405
-0.184,-0.112,1.912,18.7449669838
-0.884,-0.336,2.044,18.8162281513
-0.988,-0.412,2.044,18.88748312
-0.696,-0.344,2.044,18.9587359428
-0.644,-0.352,2.044,19.0300750732
-0.484,-0.596,2.044,19.1014139652
-0.68,-0.276,2.044,19.1726801395
-0.584,-0.468,2.044,19.2439341545
-0.528,-0.62,1.936,19.3151891232
-0.932,-0.9,1.844,19.3864400387
-0.892,-0.18,2.044,19.4576931
-0.664,-0.272,2.044,19.5289480686
-1.452,-0.42,2.044,19.6002020836
-0.796,-0.78,2.044,19.6714520454
-0.024,-0.572,2.044,19.7427339554
-1.46,-0.516,2.044,19.8140230179
-0.832,-0.464,2.044,19.8853011131
-0.668,-0.168,2.044,19.9565680027
-0.644,-0.064,2.044,20.0278360844
-1.216,-0.336,1.8,20.0993821621
-2.048,-1.604,1.844,20.1708190441
-0.784,0.188,2.044,20.2420740128
-0.376,-0.684,2.044,20.3133380413
-0.416,-0.228,2.044,23.0915689468
-0.328,-0.108,2.044,23.1629509926
-1.3,-0.468,0.152,23.2342441082
-0.948,0.232,2.044,23.3055210114
0.556,-0.548,2.044,23.3767950535
-1.032,-0.368,2.044,23.4480619431
-0.936,-0.152,2.044,23.5193190575
-1.064,-0.256,2.044,23.5905690193
-0.592,-0.432,2.044,23.6618261337
-0.596,-0.576,2.044,23.733082056
-0.732,-0.372,2.044,23.804338932
-0.508,-0.516,2.044,23.8755919933
-1.096,-0.632,2.044,23.946846962
-0.512,-0.98,1.744,24.0181019306
-1.016,-0.436,2.044,24.0893530846
-0.644,-0.256,2.044,24.1606040001
-0.932,-0.112,2.044,24.2318639755
-0.616,-0.812,2.02,24.3031189442
-0.32,-0.764,2.044,24.374366045
-0.792,-0.304,2.044,24.4456191063
-2.04,-0.808,2.044,24.5168731213
-0.4,-0.572,2.044,24.588408947
-0.492,-0.092,2.044,24.659799099
-0.964,-0.48,2.044,24.7310681343
-1.544,-0.1,0.088,24.8023300171
-2.048,-0.676,2.044,24.8735871315
-0.528,0.344,1.856,24.9448440075
-0.752,-0.344,2.044,25.0160970688
-0.796,-0.576,2.044,25.0873470306
-0.728,-0.796,2.044,25.1585960388
-0.46,-0.54,2.044,25.2298491001
-0.456,-0.488,2.044,25.3011031151
-0.688,-0.6,2.044,25.3723540306
-0.404,-0.628,2.044,25.4436039925
0.068,-0.584,2.044,25.5148570538
-0.412,-0.58,2.044,25.5861129761
-0.388,-0.604,2.044,25.6573629379
-0.856,-0.308,2.044,25.7286219597
-0.76,-0.452,1.948,25.79987216
-0.724,-0.696,2.044,25.8711280823
-0.42,-0.272,1.96,25.9423830509
-0.188,-0.532,1.852,26.0136320591
-1.216,-0.232,2.044,26.0851590633
-0.672,-0.708,1.984,26.156496048
-0.2,-0.724,2.044,26.2277560234
-1.028,0.044,2.044,26.2990400791
-0.776,-0.284,2.044,26.3703081608
-0.708,-0.484,1.76,26.4415650368
-1.172,-0.764,1.916,26.5128209591
-0.832,-0.936,2.008,26.5840799809
-0.572,-0.724,2.044,26.6553311348
-0.312,-0.552,2.044,26.7265920639
-0.996,-0.34,2.044,26.7978429794
-0.8,-0.496,2.044,26.8690969944
-0.54,-0.236,2.044,26.9403510094
-0.568,-0.672,2.044,27.011605978
-0.552,-0.492,2.044,27.082857132
-0.452,-0.556,2.044,27.1541121006
-0.476,-0.54,1.92,27.2253689766
-0.732,-0.896,1.976,27.296628952
-0.692,-0.584,2.044,27.367882967
-0.948,-0.124,2.044,27.4391379356
-0.724,-0.304,1.852,27.5103931427
-1.016,-0.608,2.044,27.5819289684
-0.204,-0.56,2.044,27.6532640457
-0.732,-0.44,2.044,27.7245321274
-0.472,-0.492,2.044,27.7957971096
-0.408,-0.18,2.044,27.8670499325
-1.184,-0.676,1.524,27.9381890297
-1.244,-0.7,2.044,28.0092909336
-0.688,-0.772,2.044,28.0803880692
-0.032,-0.568,2.044,28.1516230106
-0.976,-0.604,2.044,28.222782135
-0.612,-0.412,2.044,28.2938871384
-0.556,-0.32,2.044,28.364989996
-0.58,-0.64,2.044,28.4360921383
-0.432,-0.496,2.044,28.5071940422
-0.536,-0.688,2,28.5782940388
-0.568,-0.704,1.888,28.6493930817
-0.756,-0.804,2.044,28.7204990387
-0.528,-0.416,2.044,28.7915999889
0,0,0,0.0059070587
-0.8,-0.324,2.044,0.082378149
-0.84,-0.504,2.044,0.1542029381
-1.532,-0.5,2.044,0.2256319523
-0.588,-0.236,2.044,0.2970020771
-2.048,-2.048,2.044,0.368366003
-0.404,-0.708,2.044,0.439688921
-0.668,-0.356,2.044,0.5110490322
-0.892,-0.692,1.84,0.5824029446
-0.412,-0.892,1.8,0.6538059711
-0.916,-0.516,2.044,0.7252790928
-1.364,-0.312,2.044,0.7967169285
-0.82,-0.196,2.044,0.8681180477
-0.84,-0.876,1.948,0.9394681454
-1.124,-0.556,2.044,1.0108590126
-0.544,-0.376,2.044,1.082255125
-1.036,-0.492,2.044,1.1535990238
-0.9,-0.296,2.044,1.2249641418
-0.42,-0.204,2.044,1.2963180542
-0.34,-0.116,2.044,1.3676490784
-2.048,-1.56,0.884,1.4390330315
-0.708,-0.156,2.044,1.5103759766
-1.84,-2.048,1.776,1.5817661285
-0.86,-0.468,2.044,1.6531591415
-1.16,-0.24,2.044,1.7249200344
-1.268,-0.488,2.044,1.7962701321
-1.508,-0.316,2.044,1.8676631451
0.068,-0.456,2.044,1.9423160553
-1.072,-0.388,2.044,2.0137181282
-0.636,-0.416,2.044,2.0851280689
-0.936,-0.688,1.888,2.1565239429
-0.828,-1.02,1.848,2.2278621197
-0.996,-0.328,2.044,2.2991819382
-0.744,-0.24,2.044,2.3704371452
-1.168,-0.268,2.044,2.4417049885
-1.316,-0.7,2.044,2.5130550861
-0.112,-0.972,1.884,2.5844681263
-1.256,-0.344,2.044,2.6558470726
-0.856,-0.38,2.044,2.7272229195
-0.604,-0.256,2.044,2.7985780239
-0.552,-0.02,2.044,2.8700070381
-1.564,0.572,0.208,2.9413480759
-2.048,-0.636,1.904,3.0127129555
-0.444,0.028,2.044,3.0841751099
-0.172,-0.22,2.044,3.1614501476
-1.12,-0.496,2.044,3.2328240871
-1.052,-0.276,2.044,3.3057739735
-1.308,-0.48,2.044,3.377177
-1.144,-0.352,2.044,3.4485759735
-0.464,-0.252,2.044,3.519974947
0.356,-0.544,2.044,3.5923120975
-0.744,0.092,2.044,3.6636900902
-0.752,-0.616,2.044,3.73624897
-0.56,-0.364,2.044,3.8076601028
-1.16,-0.156,2.044,3.8790459633
-0.8,-0.984,2.044,3.9506289959
-1.864,-0.436,2.044,4.0220251083
-0.372,-0.264,1.768,4.0933711529
0.176,-0.468,2.044,4.1647379398
-2.048,0.148,1.944,4.2360711098
-1.376,-0.24,2.044,4.3075110912
-1.4,-0.384,2.044,4.3788599968
-1.076,-0.188,2.044,4.4502439499
-0.54,-0.316,2.044,4.5216650963
-1.816,0.12,1.892,4.5930969715
-2.048,-1.384,2.044,4.6645181179
-0.404,-0.116,2.044,4.73594594
-0.62,-0.072,1.868,4.8074939251
-0.788,-0.592,2.044,4.8788969517
-1.136,-0.412,2.044,4.9503610134
-0.952,-0.296,2.044,5.0219709873
-0.984,-0.324,2.044,5.0935020447
-1.156,-0.468,2.044,5.1650149822
-0.6,-0.276,2.044,5.2365620136
-0.484,-0.268,2.044,5.3081080914
-0.616,-0.728,2.044,5.3796200752
-0.676,-0.46,2.044,5.451157093
-0.652,-0.46,1.988,5.52267313
-0.652,-0.488,1.876,5.5943109989
-0.98,-1.008,1.9,5.6658620834
-0.88,-0.46,2.044,5.737404108
-1.156,-0.068,2.044,5.8087899685
-1.1,-0.12,2.044,5.8802521229
-0.9,-0.516,1.96,5.9517059326
-0.38,-0.696,1.884,6.0230870247
-1.044,-0.232,2.044,6.0945010185
-1.268,-0.396,2.044,6.1658990383
-0.412,-0.348,2.044,6.2373039722
-0.368,-0.14,2.044,6.3087790012
-1.136,0.38,1.484,6.3801939487
-2.048,-0.728,2.044,6.451624155
-0.564,-0.74,2.044,6.5230610371
-0.692,-0.504,2.044,6.5944471359
-0.524,-0.328,2.044,6.665831089
-0.764,-0.472,2.044,6.7373149395
-1.508,-0.64,2.044,6.8088469505
-0.76,-0.072,2.044,6.8802940845
-1.956,-2.048,2.044,6.9517099857
-1.004,-0.528,2.044,7.0229179859
-0.692,-0.448,2.044,7.0943119526
-1.156,-0.944,1.9,7.1655220985
-0.576,-0.952,1.912,7.2366530895
-0.668,-0.324,2.044,7.3077991009
-0.88,-0.452,2.044,7.3789179325
-0.9,-0.312,2.044,7.4500229359
-0.94,-0.804,2.044,7.5211651325
-0.492,-0.684,2.02,7.5922851563
-1.344,-0.212,2.044,7.6634221077
-1.24,-0.384,2.044,7.7345299721
-0.876,-0.24,2.044,7.8056340218
-0.404,-0.28,2.044,7.8767409325
-0.264,-0.036,2.044,7.9478480816
-1.504,-0.704,0.248,8.0189530849
-1.452,0.352,2.044,8.090170145
-0.056,-0.264,1.892,8.1613409519
-1.86,-1.112,2.044,8.2324740887
-0.992,-0.296,2.044,8.303841114
-1.148,-0.392,2.044,8.3750519753
-1.636,-0.356,2.044,8.4461741447
-0.476,-0.268,2.036,8.5172929764
-0.768,-0.552,2.044,8.5884029865
-0.428,-0.732,2.044,8.6595110893
-0.756,-0.476,2.044,8.730615139
-0.864,-0.62,1.952,8.8017201424
-0.98,-1.068,1.564,8.8728251457
-1.112,-0.476,2.044,8.9441170692
-1.2,-0.216,2.044,9.0153970718
-1.22,-0.148,2.044,9.0866971016
-0.544,-0.988,1.928,9.1578741074
-0.288,-0.856,2.04,9.2289979458
-1.02,-0.196,2.044,9.3001129627
-1.592,-0.24,2.044,9.3712210655
-0.92,-0.208,2.044,9.4423420429
-0.456,-0.172,2.044,9.5134680271
-0.624,-0.036,2.044,9.5845799446
-1.14,0.416,1.184,9.6556999683
-1.468,-0.032,2.044,9.7268240452
-0.428,0.104,2.024,9.7982010841
-1.012,-0.88,2.044,9.8693900108
-1.056,-0.572,2.044,9.9405069351
-1.068,-0.548,2.044,10.0116200447
-1.248,-0.48,2.044,10.0828299522
-1.1,-0.124,2.044,10.1541070938
-0.08,-0.256,2.044,10.2253079414
-2.048,-2.048,2.044,10.2964730263
-0.604,-0.56,2.044,10.3676040173
-0.832,-0.356,2.044,10.4387149811
-0.628,-0.416,2.044,10.5098309517
-1.12,-1.088,1.46,10.5810329914
-0.94,-0.464,2.044,10.6523110867
-1.432,-0.236,2.044,10.7235109806
-1.172,-0.1,2.044,10.7946610451
-1.016,-0.7,2.044,10.8658490181
-0.572,-0.688,2.044,10.9369990826
-0.92,-0.24,2.044,11.0081410408
-1.216,-0.276,2.044,11.0794320107
-0.744,-0.248,2.044,11.1506550312
-0.94,-0.252,2.044,11.222039938
-0.776,-0.256,2.044,11.2934470177
-2.048,0.396,1.744,11.3646309376
-1.928,-0.48,2.044,11.4357440472
-0.356,-0.18,2.044,11.50685215
-0.832,-0.516,2.044,11.5779559612
-0.98,-0.428,2.044,11.6490650177
-1.324,-0.312,2.044,11.7201719284
-0.864,-0.412,2.044,11.7912781239
-1.36,-0.32,2.044,11.8623819351
-0.86,-0.148,2.044,11.9334890842
-0.052,-0.604,2.044,12.0045950413
-0.928,-0.796,2.044,12.0759840012
-0.916,-0.376,2.044,12.1471860409
-0.988,-0.332,2.024,12.2182979584
-0.792,-0.764,2.004,12.2894160748
-0.684,-1.028,2,12.3605251312
-1.304,-0.416,2.044,12.4316279888
-1.224,-0.152,2.044,12.5027339458
-0.636,-0.352,2.044,12.5738780499
-0.928,-0.752,2.044,12.6450340748
-1.164,-0.452,2.044,12.716148138
-1.02,-0.272,2.044,12.7875001431
-1.112,-0.304,2.044,12.8586909771
-0.788,-0.152,2.044,12.9298141003
-0.776,-0.08,2.044,13.0009241104
-1.38,0.136,2.044,13.0720360279
-2.048,-0.444,2.044,13.1431400776
-0.444,0.004,2.044,13.2142419815
-1.08,0.092,2.044,13.2853519917
-1.084,-0.672,2.044,13.3564620018
-1.164,-0.42,2.044,13.4275660515
-0.94,-0.376,2.044,13.4986670017
-0.704,-0.356,2.044,13.5697760582
-0.836,-0.46,2.044,13.6408820152
-1.584,-0.472,2.044,13.7119839191
-0.744,-0.316,2.044,13.7830851078
0.088,-0.544,2.044,13.8541870117
-0.608,-0.684,2.044,13.9254350662
-0.948,-0.328,2.044,13.9967031479
-0.824,-0.492,2.044,14.067964077
-0.54,-0.432,2.044,14.139220953
-0.64,-0.792,2.044,14.2104771137
-0.476,-0.996,1.92,14.2820029259
-1.1,-0.044,2.044,14.3533661366
-1.036,-0.316,2.044,14.4246430397
-1.364,-0.132,2.044,14.4959061146
-0.376,-0.552,2.044,14.5671739578
-0.424,-0.752,2.044,14.6384410858
-1.024,-0.388,2.044,14.7097020149
-0.772,-0.268,2.044,14.7809641361
-0.828,-0.42,2.044,14.8522429466
-0.804,-0.66,2.044,14.9235970974
-1.112,-0.696,2.044,14.9948790073
-1.364,-0.344,2.044,15.06614995
-1.192,-0.86,0.876,15.1374630928
-0.688,-0.152,2.044,15.2087359428
-0.532,-0.784,1.6,15.2800090313
-1.192,-0.348,2.044,15.3512749672
-0.708,-0.428,2.044,15.4225361347
-1.12,-0.288,2.044,15.493792057
-0.344,-0.496,2.044,15.5651099682
-0.784,-0.656,2.044,15.6363739967
-0.932,-0.62,2.044,15.7076780796
-1.504,-0.28,2.044,15.7789540291
-1.676,-0.552,1.692,15.8505160809
-0.344,-0.424,1.424,15.9218759537
-0.128,-0.3,2.044,15.993142128
-1.704,-0.088,2.044,16.0644090176
-0.652,-0.596,2.044,16.1356761456
-0.544,-0.908,2.044,16.2069380283
-0.66,-0.504,1.184,16.278208971
-1.204,-0.372,2.044,16.3494710922
-0.42,-0.34,2.044,16.420730114
-0.496,-0.632,2.044,16.4919860363
-0.916,-0.492,2.044,16.563475132
-0.8,-0.348,2.044,16.6348221302
-0.94,-0.448,2.044,16.7061009407
-0.252,-0.552,2.044,16.7773680687
-0.944,-0.568,2.044,16.848637104
-1.456,-0.208,2.02,16.9199039936
-1.328,-0.276,2.044,16.991161108
-0.344,-0.712,2.044,17.0624220371
-0.576,-0.588,2.044,17.1336820126
-1.96,-0.184,2.044,17.204941988
-0.604,-0.272,2.044,17.2762479782
-0.676,-0.56,2.044,17.3477990627
-0.572,-0.868,2.044,17.4191589355
-1.132,-0.588,2.044,17.4904329777
-1.24,-0.056,2.044,17.5617201328
-0.86,-0.444,1.792,17.632983923
-0.468,-0.268,2.044,17.7042429447
-0.672,-1.284,1.584,17.7755110264
-0.772,-0.272,2.044,17.8467760086
-0.912,0.08,2.044,17.9180459976
-0.736,-0.184,2.044,17.9893081188
-0.572,-1.084,2.044,18.0605659485
-0.456,-0.48,2.044,18.1318280697
-2.048,-0.74,2.044,18.2030870914
-0.712,-0.076,2.044,18.2743570805
-0.296,-0.692,1.872,18.3456320763
-0.972,-0.712,1.964,18.4169130325
-0.512,-0.464,2.044,18.4881720543
-1,-0.424,2.044,18.5594370365
-0.628,-0.288,2.044,18.6306989193
-1.072,-0.688,2.044,18.7019591331
-0.432,-0.704,2.044,18.7732191086
-1.324,-0.232,2.044,18.844753027
-1.156,-0.14,2.044,18.9161190987
-0.872,-0.492,2.044,18.9873890877
-0.508,-0.328,2.044,19.0586559772
-0.588,-0.244,2.044,19.1299369335
-1.844,0.168,1.732,19.2012021542
-2.048,-0.396,1.704,19.2724721432
-0.548,0.072,2.044,19.3437359333
-0.804,-0.644,2.044,19.4150080681
-0.8,-0.604,2.044,19.4862730503
-1.224,-0.216,2.044,19.557543993
-0.908,-0.268,2.044,19.6288070679
-1.372,-0.32,2.044,19.7000670433
-0.972,-0.188,2.044,19.7713260651
0.164,-0.44,2.044,19.8425900936
-1.636,-0.824,2.044,19.9138510227
-0.848,-0.292,2.044,19.985227108
-0.992,-0.308,2.044,20.0565769672
-0.884,-0.352,2.044,20.1278729439
-0.996,-0.956,1.78,20.1991391182
-1.132,-0.504,2.044,20.270414114
-1.124,-0.224,2.044,20.3419449329
-1.28,-0.048,2.044,20.4132919312
-1.088,-0.556,2.016,20.484596014
-0.944,-0.852,1.936,20.5558969975
-1.124,-0.204,2.044,20.6271760464
-1.036,-0.312,2.044,20.6984410286
-0.208,-0.4,2.044,20.7697060108
-0.312,-0.188,2.044,20.8409700394
-1.744,0.216,1.58,20.9122450352
-2.048,-0.428,2.044,20.9835131168
-0.988,-0.516,2.044,21.0547881126
-0.464,-0.48,2.044,21.1260359287
-1.036,-0.34,2.044,21.1972179413
-1.068,-0.252,2.044,21.2684011459
-1.592,-0.316,2.044,21.3396000862
-1.332,-0.196,2.044,21.4107460976
-0.396,-0.132,1.852,21.4818890095
-2.048,-2.048,2.044,21.5530171394
-0.312,-0.696,2.02,21.6241390705
-1.176,-0.096,2.044,21.695250988
-0.752,-0.932,1.776,21.7663590908
-0.912,-0.472,2.044,21.8377230167
-0.892,-0.128,2.044,21.9089701176
-1.384,-0.02,2.044,21.980107069
-1.032,-0.664,2.044,22.0512280464
-0.292,-0.804,2.012,22.1223371029
-1.564,0.052,2.044,22.1934430599
-1.532,-0.092,2.044,22.2645609379
-0.916,-0.276,2.044,22.3356721401
-0.816,-0.22,2.044,22.4067821503
-0.696,-0.124,2.044,22.4778900146
-1.792,-0.36,1.192,22.5490410328
-2.048,-0.188,1.7,22.6201550961
-0.132,-1.252,2.044,22.691270113
-0.9,-0.544,2.044,22.7623910904
-1.144,-0.672,1.852,22.8335011005
-1.076,-0.124,2.044,22.9046120644
-0.944,-0.312,2.044,22.9757211208
-1.148,-0.496,2.044,23.0468270779
-0.628,-0.292,2.044,23.1179289818
-0.348,-0.124,2.044,23.1890330315
-0.76,-0.692,2.044,23.260144949
-0.656,-0.384,2.044,23.3315160275
-0.904,-0.508,1.956,23.40269804
-0.816,-1.024,1.904,23.4738121033
-1.176,-0.492,2.044,23.5449221134
-0.756,-0.232,2.044,23.6160280704
-1.292,0.016,2.044,23.6871330738
-0.976,-0.492,2.044,23.7582359314
-0.516,-1.084,1.852,23.8293399811
-1.016,-0.34,2.044,23.9005761147
-1.212,-0.176,2.044,23.9718379974
-0.928,-0.168,2.044,24.0430989265
-0.356,-0.136,2.044,24.114356041
-1.832,0.076,1.584,24.185642004
-1.988,-0.72,1.58,24.256911993
-0.876,-0.308,2.044,24.3281779289
-0.584,-0.556,2.044,24.3994381428
-0.72,-0.5,2.044,24.4706890583
-1.116,-0.46,2.044,24.5419540405
-0.972,-0.52,2.044,24.6132130623
-1.068,-0.448,2.044,24.6844730377
-0.892,-0.304,2.044,24.7557461262
-0.468,-0.02,2.044,24.8272869587
-0.828,-0.696,2.044,24.8986730576
-0.476,-0.096,2.044,24.9699530602
-1.024,-0.44,1.992,25.0412149429
-1.188,-0.916,1.776,25.1124930382
-1.012,-0.3,2.044,25.1838459969
-0.82,-0.18,2.044,25.2551920414
-1.292,-0.36,2.044,25.3264651299
-1.444,-0.844,2.044,25.3977251053
-0.032,-0.644,2.044,25.468984127
-1.136,-0.228,2.044,25.5402510166
-1.032,-0.444,2.044,25.6115150452
-0.412,-0.332,2.044,25.6827909946
-1.452,-0.216,1.776,25.7540550232
-2.048,-1.508,0.52,25.825371027
-1.16,-0.188,2.044,25.8966400623
-0.772,-0.296,2.044,25.9679019451
-0.84,-0.452,2.044,26.0391619205
-0.608,-0.38,2.044,26.110419035
-1.076,-0.576,2.044,26.1816799641
-1.54,-0.4,2.044,26.2529449463
-0.416,-0.056,1.904,26.3244760036
-0.476,-0.448,2.044,26.3958621025
-0.468,-0.728,2.044,26.4671361446
-0.728,-0.464,2.044,26.5384111404
-0.852,-0.576,2.028,26.6096789837
-0.688,-0.712,1.944,26.6809411049
-0.976,-0.896,1.928,26.752202034
-1.204,-0.372,2.044,26.8234601021
-1.144,-0.128,2.044,26.8947210312
-0.8,-0.404,2.044,26.9659850597
-1.688,-0.776,2,27.0372419357
-0.236,-0.448,2.044,27.108494997
-1,-0.676,2.044,27.1797509193
2.044,1.632,0.66,27.2510230541
-1.268,0.544,2.044,27.3222830296
0.22,-0.396,2.044,27.3935420513
-1.276,0.704,1.732,27.4648010731
-1.712,0.752,2.044,27.536067009
0.008,-0.308,2.044,27.6073291302
-0.356,-0.252,1.876,27.6785869598
-1.124,-0.564,2.044,27.7498481274
-0.796,-0.232,2.044,27.8213739395
-1.232,-0.288,2.044,27.8927249908
-1.308,-0.268,2.044,27.9640090466
-0.796,-0.508,2.044,28.035326004
-0.392,-0.528,2.044,28.1065881252
-0.636,-0.128,2.044,28.1778550148
-0.544,-0.392,2.044,28.2491230965
-0.88,-0.624,2.044,28.320389986
-1.736,-0.312,2.032,28.3916499615
-0.336,-0.768,2.044,28.4629089832
-1.436,-0.484,2.044,28.5342080593
-0.512,-0.276,1.852,28.6054749489
-0.448,-0.448,2.044,28.6767361164
-2.048,-0.184,2.044,28.7480111122
-1.86,-0.488,2.044,28.819272995
-0.292,-0.508,2.044,28.8905351162
-0.756,0.016,2.044,28.961796999
-0.86,-0.072,2.044,29.0330550671
-0.592,-0.316,2.044,29.1043131351
-1.568,-0.596,2.044,29.1755840778
-0.952,-0.136,2.044,29.2468519211
-0.96,-0.376,2.044,29.3183820248
-1.028,-0.556,2.044,29.3897430897
-0.948,-0.44,2.044,29.4610159397
-0.988,-0.408,2.044,29.5323059559
-0.86,-0.42,2.044,29.6035659313
-1.136,-0.452,2.044,29.6748359203
-0.444,-0.408,2.044,29.746101141
-0.984,-0.452,2.044,29.8173649311
-0.856,-0.692,1.484,29.888625145
-0.556,-0.416,2.044,29.9598839283
-0.564,-0.388,2.044,30.0311911106
-0.58,-0.344,2.036,30.1024551392
-0.632,-0.648,1.992,30.1739060879
-0.66,-0.572,2.044,32.5188550949
-0.724,-0.036,2.044,32.5902569294
-1.192,-0.272,1.82,32.6615560055
-0.812,-0.412,1.812,32.7328410149
-1.252,-0.348,2.044,32.8042149544
-0.584,-0.448,2.044,32.8755180836
-0.772,-0.556,2.044,32.9466969967
-0.628,-0.88,2.044,33.0178151131
-0.944,-0.6,2.044,33.0889251232
-0.704,-0.492,2.044,33.1600351334
-0.652,-0.452,2.044,33.2311429977
-0.436,-0.82,2.044,33.3022501469
-0.856,-0.54,2.044,33.3733570576
-0.808,-0.468,2.044,33.4444680214
-0.496,-0.556,2.044,33.5155861378
-0.412,-0.844,1.908,33.5867011547
-0.764,-0.98,1.984,33.6578121185
-0.556,-0.48,2.044,33.7289221287
-0.724,-0.36,2.044,33.8000349998
-1.18,-0.356,2.044,33.8714001179
-1.444,-0.832,2.044,33.9427449703
0.0,0.0,0.0,0.008187055587768555
0.132,0.824,2.044,0.08459091186523438
0.176,0.688,2.044,0.15597295761108398
0.056,0.688,2.044,0.22737407684326172
-0.036,1.472,2.044,0.29871487617492676
-0.152,1.564,2.044,0.37007999420166016
-1.024,0.392,2.044,0.4414329528808594
-0.484,0.548,2.044,0.5127809047698975
-0.252,0.656,2.044,0.5841798782348633
-0.032,0.696,2.044,0.6556010246276855
-0.768,0.616,2.044,0.7270309925079346
-0.32,0.72,2.044,0.7984540462493896
-0.388,0.908,2.044,0.8698699474334717
-0.484,0.996,2.044,0.9412250518798828
-0.652,0.648,2.044,1.0125348567962646
-0.616,0.544,2.044,1.0839450359344482
-0.684,0.664,1.956,1.1553230285644531
-0.888,0.588,2.044,1.2266769409179688
-0.876,0.352,2.032,1.29805588722229
-0.936,0.36,2.044,1.3694899082183838
-0.744,0.444,1.968,1.4408819675445557
-0.636,0.236,1.992,1.5122699737548828
-0.524,0.1,1.908,1.5836939811706543
-0.672,-0.052,2.044,1.6550920009613037
-0.744,0.392,2.044,1.7265160083770752
-1.732,0.232,2.044,1.7978870868682861
-1.368,1.112,2.024,1.8693029880523682
-0.748,1.14,2.044,1.9708340167999268
-1.568,-0.2,2.044,2.042418956756592
-0.868,-0.456,2.044,2.114064931869507
-1.112,0.568,2.044,2.1856870651245117
-0.944,-0.2,2.044,2.2573180198669434
-1.344,0.184,2.044,2.3288979530334473
0.04,0.052,1.552,2.400376081466675
-0.132,1.192,1.996,2.47183895111084
-2.048,-1.816,2.044,2.543315887451172
-0.688,0.756,2.044,2.614917039871216
-0.548,0.38,2.044,2.6865499019622803
-1.448,-0.636,1.788,2.758147954940796
-0.82,0.796,2.044,2.829710006713867
-0.928,0.072,1.896,2.901257038116455
-0.696,0.36,2.044,2.9726340770721436
-0.78,0.344,2.044,3.043968915939331
-0.704,0.324,2.044,3.1152539253234863
-0.944,0.472,2.044,3.186594009399414
-0.848,0.52,2.044,3.2581188678741455
-0.784,0.536,2.044,3.3295059204101562
-1.128,1.028,2.044,3.4010560512542725
-0.788,0.432,2.044,3.473391056060791
-0.788,-0.08,2.044,3.544879913330078
-0.804,0.464,2.044,3.616323947906494
-0.756,0.58,2.044,3.6906540393829346
-1.176,0.876,2.044,3.762078046798706
-0.752,1.38,2.044,3.8335459232330322
-0.836,0.784,2.044,3.9049909114837646
-1.048,0.232,2.044,3.976383924484253
-0.9,-0.016,2.044,4.047741889953613
-0.976,0.68,2.044,4.118926048278809
-0.636,0.524,2.044,4.190072059631348
-0.832,0.56,2.044,4.261209011077881
-0.7,0.432,2.044,4.3323140144348145
-0.696,0.512,2.044,4.403419017791748
-0.78,0.568,2.044,4.474529981613159
-0.78,0.516,2.044,4.545650005340576
-0.66,0.448,2.044,4.616788864135742
-0.816,0.536,2.044,4.687927007675171
-0.68,0.664,2.028,4.778825998306274
-0.932,0.512,2.044,4.850203990936279
-0.668,0.512,2.044,4.921581983566284
-0.648,0.308,2.044,4.993011951446533
-0.86,0.664,2.044,5.064393997192383
-0.984,0.408,2.044,5.135797023773193
-0.788,0.556,2.044,5.207180023193359
-0.928,0.628,2.044,5.278635025024414
-0.856,0.832,2.044,5.349992036819458
-0.732,0.488,2.044,5.429888963699341
-0.82,0.696,2.044,5.5012290477752686
-0.748,0.816,2.044,5.57257604598999
-0.972,1.04,2.044,5.643913984298706
-1.616,1.088,2.044,5.7152369022369385
-0.288,0.62,2.044,5.791562080383301
-0.564,0.184,2.044,5.862900972366333
-1.088,1.192,2.044,5.934241056442261
-0.64,0.448,2.044,6.00556206703186
-0.728,0.692,2.044,6.0768749713897705
-0.736,0.472,2.044,6.148207902908325
-0.8,0.552,2.044,6.219549894332886
-0.804,0.5,2.044,6.290896892547607
-0.768,0.368,2.044,6.362385034561157
-0.828,0.512,2.044,6.433868885040283
-0.88,0.736,2.044,6.50525689125061
-0.788,0.296,2.008,6.57674503326416
-0.764,0.512,2.044,6.64837908744812
-0.744,0.476,2.044,6.719892978668213
-0.712,0.516,2.044,6.7914509773254395
-1.08,0.512,2.044,6.863520860671997
-0.776,0.768,2.044,6.935172080993652
-0.76,0.572,2.044,7.006820917129517
-0.988,0.728,2.044,7.0784220695495605
-0.804,0.7,2.044,7.149950981140137
-0.74,0.552,2.044,7.221776008605957
-0.784,0.6,2.044,7.2965638637542725
-1.096,0.92,2.044,7.3679890632629395
-1.0,1.276,2.044,7.439394950866699
-0.736,1.028,2.044,7.510779857635498
-0.992,0.744,2.044,7.582149028778076
-0.704,0.616,2.044,7.653523921966553
-0.824,0.704,2.044,7.724930047988892
-0.78,0.392,2.044,7.796426057815552
-0.764,0.652,2.044,7.867932081222534
-0.684,0.556,2.044,7.939375877380371
-0.748,0.736,2.044,8.01079797744751
-0.908,0.312,2.044,8.084451913833618
-1.468,-0.428,2.044,8.155893087387085
-0.884,0.8,2.044,8.227158069610596
-0.864,0.836,2.044,8.298304080963135
-0.668,1.132,2.044,8.369417905807495
-0.528,1.344,2.044,8.440526962280273
-0.58,0.528,2.044,8.511931896209717
-1.288,1.184,2.044,8.583123922348022
-0.508,0.528,2.044,8.654237985610962
-0.828,1.06,2.044,8.725350856781006
-0.52,0.884,2.044,8.79648494720459
-0.856,0.808,2.044,8.867681980133057
-0.74,0.744,2.044,8.938827991485596
-0.788,0.736,2.044,9.009942054748535
-0.824,0.808,2.044,9.081111907958984
-0.696,0.524,2.044,9.152229070663452
-0.644,0.604,2.044,9.223420858383179
-0.8,0.804,2.044,9.29460597038269
-1.0,1.016,2.044,9.365731000900269
-1.108,1.272,2.044,9.436941862106323
-0.744,1.012,2.044,9.508121967315674
-0.808,0.168,2.044,9.579310894012451
-0.64,0.7,2.044,9.650480031967163
-0.588,0.748,2.044,9.721597909927368
-0.812,0.776,2.044,9.792711019515991
-0.788,0.716,2.044,9.863924026489258
-0.304,0.612,2.044,9.935132026672363
-0.9,0.54,2.044,10.006367921829224
-0.5,0.744,2.044,10.077890872955322
-1.072,0.764,2.044,10.149005889892578
-0.552,0.82,2.044,10.220458984375
-0.764,0.888,2.044,10.292464017868042
-0.808,0.492,1.94,10.364039897918701
-0.692,0.704,2.044,10.435566902160645
-0.524,0.6,2.044,10.507014036178589
-0.712,0.736,2.044,10.578430891036987
-0.832,0.68,2.044,10.649631023406982
-0.76,0.772,2.044,10.720788955688477
-0.748,0.712,2.044,10.79200005531311
-0.944,0.812,2.044,10.863322019577026
-0.868,0.836,2.044,10.93461799621582
-0.8,0.36,2.044,11.00580906867981
-0.816,0.512,2.044,11.07696008682251
-0.536,0.612,2.044,11.148313045501709
-1.096,2.044,0.92,11.219505071640015
-0.564,1.052,2.044,11.290617942810059
-0.612,0.304,2.044,11.36173391342163
-0.488,0.64,2.044,12.392153978347778
-0.96,0.832,2.044,12.463770866394043
-0.82,1.104,2.044,12.535279035568237
-0.664,0.552,2.044,12.606765985488892
-0.804,0.864,2.044,12.678205966949463
-1.168,1.068,2.044,12.74944806098938
-0.568,0.576,2.044,12.820566892623901
-0.46,0.12,2.044,12.891677856445312
-0.116,1.352,1.784,12.962811946868896
-1.584,1.524,2.044,13.033962965011597
-0.516,0.352,2.044,13.105356931686401
-0.628,0.304,2.044,13.17655086517334
-0.952,0.396,1.872,13.247665882110596
-0.608,0.74,2.044,13.318773031234741
-0.776,0.752,2.044,13.389883995056152
-0.708,0.604,2.044,13.460989952087402
-0.728,0.66,2.044,13.532098054885864
-0.616,0.588,2.044,13.603204011917114
-0.72,0.5,2.044,13.674308061599731
-0.54,0.372,2.044,13.74541187286377
-0.812,0.8,2.044,13.816515922546387
-0.592,0.932,2.044,13.887623071670532
-0.66,0.564,2.044,13.958991050720215
-0.824,0.448,2.044,14.030169010162354
-0.652,0.992,2.044,14.101366996765137
-0.596,0.612,2.044,14.172518968582153
-0.796,0.456,2.044,14.243629932403564
-1.2,0.952,2.044,14.314738035202026
-0.476,0.604,2.044,14.385844945907593
-0.892,0.272,2.044,14.45694899559021
-0.964,1.456,2.044,14.528059005737305
-0.692,1.564,1.584,14.599168062210083
-0.532,0.432,2.044,14.670271873474121
-0.284,0.68,2.044,14.741375923156738
-0.772,0.024,2.044,14.812479972839355
-0.536,0.752,2.044,14.883586883544922
-1.088,1.096,2.044,14.954696893692017
-0.524,0.508,2.044,15.025799989700317
-0.872,0.932,2.044,15.096994876861572
-0.648,1.196,2.044,15.1681489944458
-0.964,0.36,2.044,15.239261865615845
-0.532,0.872,2.044,15.310366868972778
-0.792,0.896,2.044,15.381471872329712
-0.692,0.384,2.044,15.45282506942749
-1.02,0.712,2.044,15.524064064025879
-0.608,0.404,2.044,15.595180988311768
-0.744,0.244,2.044,15.666313886642456
-1.004,1.564,2.044,15.737433910369873
-0.892,1.012,2.044,15.808539867401123
-0.472,0.672,2.044,15.879648923873901
-0.252,1.056,2.0,15.950754880905151
-0.412,0.364,2.044,16.02185893058777
-1.004,1.168,2.044,16.09305500984192
-0.796,0.644,2.044,16.16420888900757
-0.34,0.632,2.044,16.235322952270508
-0.792,0.94,2.044,16.30642604827881
-0.9,1.024,2.044,16.377527952194214
-0.86,0.616,2.044,16.44870901107788
-0.42,0.7,2.044,16.519891023635864
-0.868,0.932,2.044,16.59101891517639
-0.76,0.512,2.044,16.662123918533325
-0.856,0.644,2.044,16.73322892189026
-0.76,0.512,2.044,16.804333925247192
-0.784,0.648,2.044,16.875438928604126
-1.144,1.304,2.044,16.946933031082153
-0.444,1.932,1.28,17.018270015716553
-0.876,0.064,2.044,17.089637994766235
-0.128,0.396,2.044,17.16095995903015
-0.484,0.148,2.044,17.232228994369507
-0.544,1.076,2.044,17.303487062454224
-1.076,0.752,2.044,17.374753952026367
-0.464,0.812,2.044,17.446027040481567
-0.956,0.724,2.044,17.517297983169556
-0.624,0.756,2.044,17.58856201171875
-0.632,0.828,2.044,17.659820079803467
-0.336,0.832,2.044,17.731080055236816
-0.98,0.956,2.044,17.80233907699585
-0.536,0.512,2.044,17.873597860336304
-0.716,0.616,2.044,17.944861888885498
-0.704,0.52,2.044,18.016124963760376
-0.748,0.668,2.044,18.087703943252563
-0.82,0.832,2.044,18.15908408164978
-0.7,0.972,2.044,18.230352878570557
-0.96,1.324,2.044,18.301612854003906
-0.724,0.576,2.044,18.372920036315918
-0.956,0.148,2.044,18.444450855255127
-0.7,0.764,2.044,18.515812873840332
-0.584,0.356,2.044,18.587082862854004
-0.716,0.648,2.044,18.6583468914032
-1.98,2.004,1.536,18.7296040058136
-1.036,1.14,2.044,18.800863027572632
-0.644,0.476,2.044,18.87212300300598
-0.836,0.584,2.044,18.943384885787964
-0.796,0.524,2.044,19.014647960662842
-0.496,0.324,2.044,19.08591389656067
-0.668,0.328,2.044,19.157172918319702
-0.776,0.42,2.044,19.228429079055786
-0.572,0.48,2.044,19.299691915512085
-0.5,0.472,2.044,19.37094807624817
-0.64,1.196,2.044,19.44221806526184
-0.416,0.5,2.044,19.513481855392456
-0.72,0.708,2.044,19.58474898338318
-0.552,1.012,2.044,19.656007051467896
-1.028,0.06,1.404,19.727268934249878
-0.64,0.668,2.044,19.798529863357544
-0.728,0.784,2.044,19.869786024093628
-0.588,0.62,2.044,19.941313982009888
-0.652,0.54,2.044,20.01266098022461
-0.796,0.684,2.044,20.083967924118042
-0.788,0.776,2.044,20.15523386001587
-0.992,0.72,2.044,20.22649097442627
-0.76,0.82,2.044,20.29774785041809
-1.004,0.74,2.044,20.369009017944336
-0.628,0.684,2.044,20.440281867980957
-0.724,0.772,2.044,20.51154589653015
-0.836,1.012,2.044,20.58280897140503
-0.764,0.576,2.044,20.65411901473999
-1.156,1.28,2.044,20.725380897521973
-0.768,0.592,2.044,20.796653032302856
-0.98,1.12,2.044,20.867920875549316
-0.728,0.68,2.044,20.93918204307556
-0.78,0.604,2.044,21.01044988632202
-0.776,0.5,2.044,21.081713914871216
-0.676,0.628,2.044,21.15289306640625
-0.668,0.584,2.044,21.224014043807983
-0.772,0.748,2.044,21.29512596130371
-0.656,0.708,2.044,21.366245985031128
-0.616,0.552,2.044,21.437614917755127
-0.716,0.572,2.044,21.508883953094482
-0.652,0.616,2.044,21.580086946487427
-0.672,0.868,2.044,21.65122890472412
-0.616,0.676,1.872,21.722344875335693
-1.032,0.536,2.044,21.793452978134155
-0.624,0.324,2.044,21.864572048187256
-0.9,0.592,2.044,21.93571186065674
-0.684,0.556,2.044,22.006834983825684
-0.836,0.604,2.044,22.07811403274536
-0.996,0.696,2.044,22.149287939071655
-0.716,0.72,2.044,22.220407009124756
-1.072,0.86,2.044,22.291516065597534
-0.84,0.784,2.044,22.362623929977417
-0.712,0.372,2.044,22.433737993240356
-0.752,0.564,2.044,22.50497007369995
-0.628,0.516,2.044,22.576122045516968
-0.48,0.98,2.044,22.647320985794067
-2.048,1.672,2.044,22.71848487854004
0.144,-0.68,2.044,22.789646863937378
-1.128,-0.904,2.044,22.860815048217773
-0.672,0.74,2.044,22.932016849517822
-0.676,0.488,2.044,23.0034019947052
-0.84,0.68,2.044,23.074601888656616
-0.86,0.732,2.044,23.145709991455078
-0.684,0.48,2.044,23.216814041137695
-0.812,0.508,2.044,23.287914991378784
-0.552,0.636,2.044,23.359018087387085
-0.716,0.592,2.044,23.430125951766968
-0.652,0.576,2.044,23.501261949539185
-0.688,0.488,2.044,23.572376012802124
-0.624,0.564,2.044,23.643478870391846
-0.604,0.536,2.044,23.714582920074463
-0.904,0.688,2.044,23.78568387031555
-0.876,0.716,2.044,23.85679006576538
-0.928,0.604,2.044,23.927901029586792
-0.644,0.388,2.044,23.99900794029236
-1.0,0.588,2.044,24.070138931274414
-0.66,0.48,2.044,24.141242027282715
-0.916,0.744,2.044,24.212342977523804
-0.96,0.816,2.044,24.283442974090576
-0.7,0.644,2.044,24.35454297065735
-0.988,0.744,2.044,24.425649881362915
-0.828,0.872,2.044,24.497005939483643
-0.676,0.52,2.044,24.56819796562195
-0.62,0.336,2.044,24.639307975769043
-0.58,1.004,2.044,24.71040987968445
-1.14,1.152,2.044,24.781511068344116
-0.376,0.884,2.044,24.85261106491089
-0.588,0.536,2.044,24.92371892929077
-0.844,0.86,2.044,24.99482488632202
-0.66,0.332,2.044,25.06592607498169
-0.636,0.404,2.044,25.137027978897095
-0.78,0.52,2.044,25.208131074905396
-0.788,0.524,2.044,25.2792329788208
-0.792,0.392,2.044,25.350347995758057
-0.524,0.132,2.044,25.42145800590515
-0.588,0.46,2.044,25.492560863494873
-0.692,0.436,2.044,25.563665866851807
-0.684,0.732,1.924,25.63476800918579
-0.648,0.324,1.896,25.705868005752563
-0.88,0.368,2.044,25.776968955993652
-0.608,0.18,2.044,25.84806990623474
-0.812,0.376,2.044,25.919177055358887
-0.712,0.304,2.044,25.990530014038086
-0.8,0.436,2.044,26.061706066131592
-0.988,0.696,2.044,26.13280987739563
-0.936,0.5,2.044,26.20395302772522
-0.788,0.92,2.044,26.275054931640625
-1.052,0.672,2.044,26.346154928207397
-0.648,0.424,2.044,26.41726303100586
-0.716,0.312,2.044,26.48836588859558
-0.604,0.448,2.044,26.559470891952515
-0.548,2.044,0.516,26.630581855773926
-1.036,1.564,2.044,26.701750993728638
-0.792,1.708,1.32,26.772897005081177
-0.48,0.684,2.044,26.8439998626709
-0.908,0.872,2.044,26.915236949920654
-0.564,0.508,2.044,26.986495971679688
-0.896,0.844,2.044,27.057756900787354
-0.64,0.628,2.044,27.129014015197754
-0.84,0.776,2.044,27.20026993751526
-0.664,0.576,2.044,27.271524906158447
-0.62,0.508,2.044,27.342777967453003
-0.624,0.512,2.044,27.41414189338684
-0.7,0.428,2.044,27.48567485809326
-0.6,0.464,2.044,27.557029962539673
-0.656,0.524,2.044,27.62829303741455
-0.688,0.608,2.044,27.69955086708069
-0.552,0.796,2.044,27.770803928375244
-0.876,0.364,1.956,27.842058897018433
-0.512,0.612,2.044,27.913320064544678
-0.716,0.388,2.044,27.984582901000977
-0.756,0.476,2.044,28.055855989456177
-0.628,0.436,2.044,28.127119064331055
-0.804,0.592,2.044,28.198375940322876
-0.724,0.536,2.044,28.26963186264038
-0.872,0.668,2.044,28.340885877609253
-0.9,0.756,2.044,28.412147998809814
-0.892,0.872,2.044,28.483404874801636
-0.956,0.744,2.044,28.554666996002197
-0.836,0.544,2.044,28.625926971435547
-0.648,0.536,2.044,28.69718599319458
-0.948,0.344,2.044,28.76844596862793
-0.676,2.032,1.752,28.839695930480957
-0.936,1.232,2.044,28.91095995903015
-1.876,0.944,2.044,28.982495069503784
-0.92,0.564,2.044,29.053925037384033
-0.644,0.44,2.044,29.12519598007202
-0.608,0.372,2.044,29.196452856063843
-0.644,0.368,2.044,29.26771092414856
-0.592,0.328,2.044,29.338974952697754
-0.616,0.32,2.044,29.410244941711426
-0.6,0.34,2.044,29.481498956680298
-0.628,0.352,2.044,29.552759885787964
-0.652,0.412,2.044,29.624085903167725
-0.604,0.364,2.044,29.695348024368286
-0.508,0.324,2.044,29.766607999801636
-0.544,0.42,2.044,29.83785891532898
-0.82,0.144,1.784,29.90911602973938
-0.532,-0.16,2.044,29.98036789894104
-0.688,0.596,2.044,30.051621913909912
-0.792,0.708,2.044,30.122963905334473
-0.944,0.744,2.044,30.194227933883667
-0.968,0.78,2.044,30.265488862991333
-0.664,0.552,2.044,30.336745023727417
-0.764,0.848,2.044,30.408005952835083
-0.58,1.236,2.044,30.479531049728394
-0.912,0.912,2.044,30.550891876220703
-0.324,0.28,2.044,30.62215805053711
-1.264,0.552,2.044,30.693415880203247
-1.14,1.84,1.96,30.76467800140381
-0.928,0.884,2.044,30.835928916931152
-0.2,0.852,2.044,30.907188892364502
-1.484,0.92,2.044,30.978452920913696
-0.592,1.264,2.044,31.049710035324097
-0.344,-0.308,2.044,31.12096095085144
-1.008,0.56,2.044,31.19221591949463
-0.628,0.396,2.044,31.263470888137817
-0.868,0.6,2.044,31.334730863571167
-0.732,0.32,2.044,31.405988931655884
-0.708,0.368,2.044,31.477243900299072
-0.672,0.364,2.044,31.54850697517395
-0.62,0.36,2.044,31.619760036468506
-0.672,0.18,2.044,31.69101595878601
-0.756,0.508,2.044,31.762371063232422
-0.656,0.34,2.044,31.83368992805481
-0.652,0.38,2.044,31.904978036880493
-0.808,0.468,2.044,31.976513862609863
-0.708,0.488,2.044,32.04786801338196
-0.676,0.236,2.044,32.119128942489624
-0.608,0.292,2.024,32.19038796424866
-0.74,0.256,2.044,32.26164507865906
-0.448,0.236,2.044,32.332993030548096
-0.736,0.336,2.044,32.40425705909729
-0.604,0.468,2.044,32.475512981414795
-1.164,0.812,2.044,32.54678392410278
-0.948,0.552,2.044,32.61804389953613
-0.472,0.36,2.044,32.68930506706238
-0.804,0.872,2.044,32.76055693626404
-1.1,0.884,2.044,32.83181405067444
-0.692,0.408,2.044,32.90307807922363
-0.868,0.516,2.044,32.97434902191162
-0.828,0.5,2.044,33.045644998550415
-0.76,1.572,2.044,33.11681795120239
-1.208,0.76,2.044,33.18793296813965
-0.672,1.144,2.044,33.25904607772827
-0.832,0.872,2.044,33.33015584945679
-0.78,0.656,2.044,33.40127897262573
-0.7,0.476,2.044,33.47263288497925
-0.704,0.416,2.044,33.54386901855469
-0.52,0.508,2.044,33.61498785018921
-0.692,0.428,2.044,33.68609690666199
-0.836,0.5,2.044,33.75720000267029
-0.672,0.436,2.044,33.82901096343994
-0.74,0.448,2.044,33.90038084983826
-0.592,0.276,2.044,33.97171497344971
-0.74,0.456,2.044,34.04289889335632
-0.78,0.384,2.044,34.11405301094055
-0.72,0.208,1.808,34.18520998954773
-0.536,0.124,2.044,34.256319999694824
-0.876,0.408,2.044,34.32743287086487
-0.404,-0.088,2.044,34.398746967315674
-0.796,0.384,2.044,34.4698588848114
-0.656,0.428,2.044,34.5410418510437
-0.984,0.464,2.044,34.61214995384216
-0.872,0.592,2.044,34.68325686454773
-0.668,0.42,2.044,34.754497051239014
-1.092,0.788,2.044,34.82560896873474
-0.836,0.536,2.044,34.89671993255615
-0.888,0.524,2.044,34.968071937561035
-0.524,0.684,2.044,35.039254903793335
-0.512,0.816,2.044,35.11035990715027
-1.148,0.812,2.044,35.18146204948425
-0.972,0.784,2.044,35.25256299972534
-0.308,1.032,2.044,35.323662996292114
-0.624,0.644,2.044,35.39477491378784
-0.868,0.656,2.044,35.46588087081909
-0.616,0.5,2.044,35.53698706626892
-0.896,0.688,2.044,35.60809302330017
-0.512,0.428,2.044,35.67919301986694
-0.632,0.484,2.044,35.7502920627594
-0.668,0.596,2.044,35.82139205932617
-0.724,0.556,2.044,35.892494916915894
-0.584,0.596,2.044,35.963603019714355
-0.592,0.536,2.044,36.03470706939697
-0.72,0.508,2.044,36.10581088066101
-0.588,0.536,2.044,36.17691087722778
-0.716,0.58,2.044,36.24801206588745
-0.652,0.648,2.044,36.31910991668701
-0.48,0.584,2.044,36.39021396636963
-0.676,0.4,2.044,36.461560010910034
-0.572,0.46,2.044,36.53275799751282
-0.896,-0.664,1.96,36.60387206077576
-0.712,-0.076,1.824,36.67497801780701
-0.692,0.62,2.044,36.746078968048096
-0.844,0.712,2.044,36.81719207763672
-0.556,0.62,2.044,36.88836598396301
-1.008,0.68,2.044,36.959632873535156
-0.616,0.868,2.044,37.03089690208435
-0.956,0.68,2.044,37.10215401649475
-0.764,0.724,2.044,37.17341089248657
-0.988,0.704,2.044,37.24466800689697
-0.576,0.464,2.044,37.31592297554016
-0.476,0.484,2.044,37.387184858322144
-0.944,1.28,2.044,37.458451986312866
-0.948,1.084,2.044,37.52971887588501
-0.64,0.552,2.044,37.60097694396973
-0.632,0.308,2.044,37.6722309589386
-0.956,0.728,2.044,37.74348497390747
-0.796,0.372,2.044,37.814740896224976
-0.964,0.536,2.044,37.88599491119385
-0.688,0.424,2.044,37.95752286911011
-0.768,0.38,2.044,38.0288770198822
-0.7,0.324,2.044,38.10028290748596
-0.764,0.448,2.044,38.17161798477173
-0.748,0.368,2.044,38.24297785758972
-0.7,0.356,2.044,38.31424593925476
-0.668,0.336,2.044,38.38550591468811
-0.668,0.508,2.044,38.45677185058594
-0.756,0.24,1.96,38.52804088592529
-0.616,0.248,2.044,38.59929800033569
-0.736,0.372,2.044,38.67055702209473
-0.564,0.308,2.044,38.74181389808655
-0.744,0.504,2.044,38.81309390068054
-0.736,0.516,2.044,38.88439607620239
-0.78,0.324,2.044,38.95569705963135
-0.804,0.424,2.044,39.02698087692261
-0.96,0.692,2.044,39.098259925842285
-0.944,0.632,2.044,39.16952586174011
-0.752,0.316,2.044,39.240782022476196
-0.828,0.448,2.044,39.31204891204834
-0.608,0.52,2.044,39.383310079570.0,0.0,0.0,0.006666898727416992
-0.528,0.04,2.044,0.0876319408416748
-0.672,0.344,2.044,0.15916085243225098
-0.54,0.316,2.044,0.23074793815612793
-0.432,0.34,2.044,0.3022458553314209
-0.552,0.548,2.044,0.37395691871643066
-0.588,0.564,2.044,0.4459829330444336
-0.64,0.084,2.044,0.5180599689483643
-0.46,0.64,2.044,0.5894999504089355
-0.412,0.504,2.044,0.6624898910522461
-0.748,0.508,2.044,0.7339420318603516
-0.812,0.76,2.044,0.8054559230804443
-0.32,0.02,2.044,0.876884937286377
-0.768,1.008,2.044,0.9483358860015869
-1.232,1.516,1.916,1.019718885421753
-0.852,0.944,0.268,1.091073989868164
-0.716,0.208,2.044,1.1624460220336914
-0.208,-0.084,1.836,1.2338190078735352
-1.092,1.552,2.044,1.3051810264587402
-0.064,0.42,2.044,1.3765430450439453
-0.604,0.588,2.044,1.447887897491455
-0.716,0.36,2.044,1.5192668437957764
-0.832,1.032,2.044,1.5906100273132324
-0.272,0.924,2.044,1.6620090007781982
-0.996,0.3,2.044,1.7333488464355469
-0.228,0.236,2.044,1.8047149181365967
-0.508,0.38,2.044,1.8763248920440674
-0.608,0.408,2.044,1.947721004486084
-0.536,0.432,2.044,2.05663800239563
-0.664,0.34,2.044,2.1280808448791504
-0.732,1.096,2.044,2.1994450092315674
-0.804,0.94,2.044,2.2708280086517334
-0.516,0.244,2.044,2.342165946960449
-0.788,0.548,2.04,2.4134929180145264
-0.384,0.176,2.044,2.484776020050049
-0.06,0.104,2.044,2.55604887008667
-0.68,0.408,2.044,2.6273980140686035
-0.508,0.444,2.044,2.698848009109497
-0.708,0.88,2.044,2.773087978363037
-0.436,0.668,2.044,2.844465970993042
-0.776,0.66,1.932,2.9156289100646973
-0.852,0.644,2.044,2.9867379665374756
-0.3,0.456,2.044,3.0578420162200928
-0.876,0.664,2.044,3.1289420127868652
-0.46,0.452,2.044,3.2002110481262207
-0.58,-0.136,2.044,3.2713630199432373
-0.888,1.756,2.044,3.3424909114837646
-0.156,0.708,1.448,3.4136128425598145
-1.14,1.072,2.044,3.484928846359253
-0.356,0.028,2.044,3.556321859359741
-0.34,0.704,2.044,3.627811908721924
-0.144,0.4,2.044,3.699228048324585
-0.6,0.896,2.044,3.770611047744751
-0.464,0.344,2.044,3.8419978618621826
-0.656,0.784,2.044,3.913468837738037
-0.324,0.604,2.044,3.984873056411743
-0.592,0.512,2.044,4.05623197555542
-0.512,0.576,2.044,4.127737998962402
-0.832,0.512,1.672,4.2506279945373535
-0.284,0.564,2.044,4.322023868560791
-0.608,0.908,2.044,4.409644842147827
-0.228,0.3,2.044,4.481503009796143
-0.744,0.404,2.044,4.552978992462158
-0.784,0.66,2.044,4.62525486946106
-0.272,0.908,2.044,4.696739912033081
-0.856,0.84,2.044,4.768251895904541
-0.412,0.792,2.044,4.839768886566162
-0.516,0.644,2.044,4.9113099575042725
-0.3,0.624,2.044,4.994645833969116
-0.436,0.736,2.044,5.066135883331299
-0.612,1.356,2.044,5.137617826461792
-0.804,0.932,2.044,5.209101915359497
0.004,1.156,2.044,5.280598878860474
-0.484,0.588,2.044,5.362902879714966
-0.456,0.692,2.044,5.434459924697876
-0.764,0.604,2.044,5.505949020385742
-0.264,0.344,2.044,5.577425956726074
-0.616,0.66,2.044,5.648921012878418
-0.408,0.528,2.044,5.720423936843872
-0.444,0.652,2.044,5.791928052902222
-0.352,0.532,2.044,5.863653898239136
-0.34,0.396,2.044,5.935389995574951
-0.312,0.444,2.044,6.006938934326172
-0.504,0.584,2.044,6.078372955322266
-0.276,0.564,2.044,6.149914979934692
-0.168,0.832,2.044,6.221492052078247
-0.796,0.332,1.784,6.294482946395874
-0.328,0.472,2.044,6.367806911468506
-0.516,0.452,2.044,6.439273834228516
-0.496,0.524,2.044,6.510845899581909
-0.552,0.488,2.044,6.5824010372161865
-0.352,0.532,2.044,6.653872966766357
-0.648,0.752,2.044,6.725425958633423
-0.588,0.852,2.044,6.797029972076416
-0.552,0.948,2.044,6.868502855300903
-0.452,0.988,2.044,6.939939022064209
-0.356,0.74,2.044,7.011387825012207
-0.268,0.532,2.044,7.0828118324279785
-0.404,0.78,2.044,7.1541969776153564
-0.432,0.884,2.044,7.22563099861145
-0.744,1.476,2.044,7.297139883041382
-0.192,0.816,2.044,7.368551015853882
-0.736,1.656,2.044,7.4400529861450195
-0.356,0.804,2.044,7.5115039348602295
-0.24,0.604,2.044,7.583050012588501
-0.588,0.7,2.044,7.65450382232666
-0.368,0.504,2.044,7.725965976715088
-0.492,0.712,2.044,7.797432899475098
-0.428,0.648,2.044,7.868983030319214
-0.396,0.54,2.044,7.940366983413696
-0.416,0.536,2.044,8.011760950088501
-0.436,0.384,2.044,8.082944869995117
-0.208,0.528,2.044,8.154305934906006
-0.736,0.608,2.044,8.225493907928467
-0.248,0.504,2.044,8.296609878540039
-0.424,0.592,2.044,8.367740869522095
-0.228,0.564,2.044,8.43885087966919
-0.396,0.52,2.044,8.50995683670044
-0.308,0.528,2.044,8.581056833267212
-0.36,0.524,2.044,8.652168989181519
-0.396,0.396,2.008,8.723283052444458
-0.424,0.408,2.044,8.794391870498657
-0.468,0.396,2.044,8.865499019622803
-0.464,0.276,2.044,8.936599016189575
-0.468,0.5,2.044,9.007705926895142
-0.468,0.528,2.044,9.078810930252075
-0.68,0.916,2.044,9.15000605583191
-0.676,1.132,2.044,9.221153020858765
-0.276,0.792,2.044,9.292259931564331
-0.524,0.912,2.044,9.363606929779053
-0.656,0.94,2.044,9.43477487564087
-0.456,0.516,2.044,9.505890846252441
-0.444,0.648,2.044,9.576998949050903
-0.356,0.536,2.044,9.64811086654663
-1.288,1.476,2.044,9.719223976135254
-0.82,1.02,2.044,9.790473937988281
-0.292,0.672,2.044,9.861788988113403
-0.704,0.964,2.044,9.933053970336914
-0.452,0.76,2.044,10.004199028015137
-0.472,0.768,2.044,10.075310945510864
-0.5,0.436,2.044,10.146507978439331
-0.668,0.628,2.044,10.217655897140503
-0.504,0.76,2.044,10.288763046264648
-0.492,0.54,2.044,10.359901905059814
-0.552,0.548,2.044,10.431115865707397
-0.572,0.468,2.044,10.502478837966919
-0.428,0.46,2.044,10.573669910430908
-0.596,0.556,2.044,10.644822835922241
-0.34,0.632,2.044,10.71598196029663
-0.332,0.38,2.044,10.78711986541748
-0.424,0.392,2.044,10.858484983444214
-0.268,0.36,2.044,11.054628849029541
-0.264,0.3,1.92,11.126015901565552
-0.66,0.48,2.044,11.19720983505249
-0.428,0.64,2.044,11.26832389831543
-0.48,0.532,2.044,11.339426040649414
-0.476,0.556,2.044,11.410526037216187
-0.672,0.74,2.044,11.481636047363281
-0.588,0.936,2.044,11.552763938903809
-0.284,0.768,2.044,11.623865842819214
-0.624,0.976,2.044,11.69497299194336
-0.308,0.66,2.044,11.76608395576477
-0.548,0.648,2.044,11.837188959121704
-0.372,0.544,2.044,11.90829086303711
-0.7,0.548,2.044,11.979389905929565
-0.964,1.964,1.832,12.050490856170654
-0.38,0.672,2.044,12.121709823608398
-0.74,0.84,2.044,12.192858934402466
-0.404,0.62,2.044,12.263967037200928
-0.38,0.8,2.044,12.335294961929321
-0.608,0.528,2.044,12.406476020812988
-0.496,0.704,2.044,12.477622985839844
-0.388,0.644,2.044,12.54874587059021
-0.628,0.68,2.044,12.61984896659851
-0.368,0.644,2.044,12.690958976745605
-0.476,0.7,2.044,12.762069940567017
-0.58,0.616,2.044,12.833179950714111
-0.592,0.604,2.044,12.904281854629517
-0.268,0.548,2.044,12.975380897521973
-0.384,0.388,2.044,13.046481847763062
-0.492,0.52,2.044,13.117596864700317
-0.444,0.652,2.044,13.1889488697052
-0.468,0.424,1.96,13.260119915008545
-0.432,0.512,2.044,13.331223011016846
-0.44,0.4,2.044,13.402323007583618
-0.592,0.644,2.044,13.473429918289185
-0.42,0.444,2.044,13.544535875320435
-0.612,0.66,2.044,13.615633964538574
-0.508,0.848,2.044,13.686743021011353
-0.416,0.844,2.044,13.757853984832764
-0.552,0.908,2.044,13.829182863235474
-0.416,0.788,2.044,13.900373935699463
-0.464,0.588,2.044,13.971488952636719
-0.376,0.6,2.044,14.042614936828613
-0.404,0.604,2.044,14.113714933395386
0.252,2.044,2.044,14.184815883636475
-0.352,1.02,2.044,14.255915880203247
-0.34,1.088,2.044,14.327014923095703
-0.316,0.936,2.044,14.398115873336792
-0.54,0.892,2.044,14.46921682357788
-0.292,0.54,2.044,14.540319919586182
-0.488,0.768,2.044,14.611419916152954
-0.384,0.592,2.044,14.682525873184204
-0.524,0.672,2.044,14.753768920898438
-0.484,0.528,2.044,14.825037956237793
-0.46,0.636,2.044,14.896298885345459
-0.424,0.584,2.044,14.967555046081543
-0.436,0.548,2.044,15.03881287574768
-0.352,0.448,2.044,15.110074996948242
-0.176,0.444,2.044,15.181337833404541
-0.58,0.612,2.044,15.25259804725647
-0.292,0.696,2.044,15.324097871780396
-0.184,0.22,1.948,15.395437955856323
-0.484,0.62,2.044,15.466702938079834
-0.176,0.368,2.044,15.537969827651978
-0.928,0.764,2.044,15.609233856201172
-0.224,0.348,2.044,15.680598020553589
-0.372,0.46,2.044,15.751893043518066
-0.428,0.604,2.044,15.823161840438843
-0.328,0.4,2.044,15.894428968429565
-0.428,0.596,2.044,15.965703010559082
-0.58,0.916,2.044,16.037036895751953
-0.56,1.02,2.044,16.10832405090332
-0.228,0.744,2.044,16.17958402633667
-0.54,0.948,2.044,16.250839948654175
-0.42,0.68,2.044,16.322094917297363
-0.348,0.26,2.044,16.393354892730713
-0.248,0.56,2.044,16.464618921279907
-0.1,2.044,2.044,16.535883903503418
-0.4,1.164,2.044,16.60714602470398
-0.968,1.36,2.016,16.67841100692749
-0.156,0.436,2.044,16.74967885017395
-0.384,0.796,2.044,16.820937871932983
-0.372,0.752,2.044,16.892448902130127
-0.368,0.636,2.044,16.963770866394043
-0.468,0.616,2.044,17.035034894943237
-0.516,0.68,2.044,17.106297969818115
-0.288,0.504,2.044,17.177559852600098
-0.52,0.568,2.044,17.248819828033447
-0.392,0.512,2.044,17.320076942443848
-0.408,0.588,2.044,17.39133596420288
-0.316,0.428,2.044,17.46259593963623
-0.5,0.368,2.044,17.533859968185425
-0.28,0.612,2.044,17.60514998435974
-0.428,0.296,2.044,17.67642903327942
-0.46,0.328,2.044,17.747694969177246
-0.324,0.424,2.044,17.81895685195923
-0.596,0.496,2.044,17.890214920043945
-0.332,0.548,2.044,17.961468935012817
-0.468,0.612,2.044,18.032760858535767
-0.38,0.612,2.044,18.104027032852173
-0.372,0.668,2.044,18.17528486251831
-0.428,0.752,2.044,18.24654197692871
-0.32,0.776,2.044,18.31782102584839
-0.368,1.2,2.044,18.389328956604004
-0.3,0.868,2.044,18.460646867752075
-0.34,0.652,2.044,18.531918048858643
-0.24,1.488,2.044,18.603188037872314
-0.512,0.924,2.044,18.67445993423462
-0.148,1.216,2.044,18.745723962783813
-0.316,1.064,2.044,18.81698489189148
-0.292,0.68,2.044,18.888241052627563
-0.392,0.796,2.044,18.959496021270752
-0.388,0.628,2.044,19.030755043029785
-0.332,0.728,2.044,19.102017879486084
-0.424,0.808,2.044,19.173276901245117
-0.452,0.724,2.044,19.244534969329834
-0.424,0.608,2.044,19.315801858901978
-0.344,0.576,2.044,19.38706398010254
-0.4,0.572,2.044,19.458317041397095
-0.456,0.612,2.044,19.529578924179077
-0.452,0.692,2.044,19.60084295272827
-0.352,0.576,2.044,19.672112941741943
-0.288,0.468,2.044,19.743381023406982
-0.264,0.908,2.044,19.814642906188965
-0.184,0.82,2.02,19.88615083694458
-0.532,0.52,2.044,19.95747685432434
-0.312,0.392,2.044,20.028738975524902
-0.344,0.456,2.044,20.09999990463257
-0.348,0.532,2.044,20.171254873275757
-0.424,0.492,2.044,20.242512941360474
-0.32,0.54,2.044,20.313781023025513
-0.396,0.932,2.044,20.38503885269165
-0.552,0.924,2.044,20.456295013427734
-0.408,0.932,2.044,20.52755904197693
-0.416,0.732,2.044,20.5988290309906
-0.32,0.668,2.044,20.670090913772583
-0.344,0.764,2.044,20.7413489818573
-0.576,0.78,2.044,20.812614917755127
-0.228,1.588,2.044,20.88388991355896
-0.428,0.904,2.044,20.955153942108154
-0.296,1.22,2.044,21.02641797065735
-0.408,0.964,2.044,21.097599983215332
-0.456,0.9,2.044,21.168782949447632
-0.328,0.676,2.044,21.23991084098816
-0.456,0.64,2.044,21.311015844345093
-0.228,0.424,2.044,21.382357835769653
-0.532,0.58,2.044,21.453589916229248
-0.424,0.656,2.044,21.524739027023315
-0.284,0.696,2.044,21.595881938934326
-0.352,0.688,2.044,21.667009830474854
-0.464,0.664,2.044,21.73812699317932
-0.152,0.564,2.044,21.809237957000732
-0.312,0.628,2.044,21.88034200668335
-0.316,0.552,2.044,21.95144486427307
-0.224,0.588,2.044,22.022686004638672
-0.412,0.608,1.988,22.093852996826172
-0.372,0.364,2.044,22.164979934692383
-0.404,0.516,2.044,22.236122846603394
-0.4,0.488,2.044,22.307271003723145
-0.436,0.652,2.044,22.378422021865845
-0.344,0.692,2.044,22.449565887451172
-0.428,0.636,2.044,22.520716905593872
-0.332,0.836,2.044,22.591837882995605
-0.4,0.808,2.044,22.662951946258545
-0.428,1.024,2.044,22.734065055847168
-0.384,0.664,2.044,22.805179834365845
-0.3,0.608,2.044,22.87651801109314
-0.284,0.644,2.044,22.947700023651123
-0.64,0.824,2.044,23.018831968307495
0.044,1.728,2.044,23.08993697166443
-0.38,0.896,2.044,23.1610369682312
-0.272,0.932,2.044,23.232136964797974
-0.26,0.812,2.044,23.30323886871338
-0.324,0.82,2.044,23.374368906021118
-0.38,0.612,2.044,23.44547200202942
-0.38,0.62,2.044,23.516578912734985
0.088,0.508,2.044,23.587678909301758
-0.756,0.656,2.044,23.658785820007324
-0.404,0.684,2.044,23.729892015457153
-0.268,0.64,2.044,23.80099582672119
-0.408,0.648,2.044,23.87209701538086
-0.444,0.392,2.044,23.943202018737793
-0.324,0.54,2.044,24.0143039226532
-0.392,0.56,2.044,24.085402011871338
-0.288,0.584,2.044,24.15650200843811
-0.264,0.648,2.044,24.22759985923767
-0.26,0.46,2.044,24.298698902130127
-0.384,0.564,2.044,24.370025873184204
-0.312,0.396,1.968,24.441192865371704
-0.352,0.476,2.044,24.512301921844482
-0.104,0.468,2.044,24.5834059715271
-0.472,0.64,2.044,24.654513835906982
-0.46,0.672,2.044,24.725618839263916
-0.476,0.752,2.044,24.796869039535522
-0.544,0.9,2.044,24.868134021759033
-0.332,0.648,2.044,24.93939185142517
-0.536,0.96,2.044,25.010650873184204
-0.216,1.024,2.044,25.08191204071045
-0.86,0.452,2.044,25.153172969818115
-0.516,0.484,2.044,25.224431037902832
-0.252,0.632,2.044,25.295694828033447
-0.6,1.216,2.044,25.36695694923401
-0.988,1.428,2.044,25.438215970993042
0.044,1.224,2.044,25.509480953216553
-0.332,0.9,2.044,25.580742835998535
-0.356,0.724,2.044,25.652008056640625
-0.572,0.696,2.044,25.723273992538452
-0.512,0.556,2.044,25.794541835784912
-0.532,0.692,2.044,25.866052865982056
-0.496,0.66,2.044,25.937389850616455
-0.508,0.592,2.044,26.008657932281494
-0.408,0.424,2.044,26.07991600036621
-0.376,0.576,2.044,26.15117383003235
-0.256,0.508,2.044,26.22245502471924
-0.368,0.508,2.044,26.293800830841064
-0.444,0.652,2.044,26.36508297920227
-0.276,0.608,2.044,26.43634796142578
-0.316,0.536,2.044,26.507617950439453
-0.376,0.472,2.044,26.578882932662964
-0.34,0.548,2.044,26.650145053863525
-0.38,0.496,2.044,26.721406936645508
-0.284,0.404,2.044,26.792722940444946
-0.46,0.512,2.044,26.86398696899414
-0.356,0.72,2.044,26.935245990753174
-0.296,0.588,2.044,27.006510972976685
-0.412,0.78,2.044,27.07777690887451
-0.292,0.76,2.044,27.149032831192017
-0.508,0.86,2.044,27.2202889919281
-0.364,0.772,2.044,27.29154896736145
-0.416,0.968,2.044,27.36306095123291
-0.396,0.616,2.044,27.434387922286987
-0.336,0.508,2.044,27.505656957626343
-0.472,0.588,2.044,27.576916933059692
0.256,2.044,2.044,27.648179054260254
-0.436,1.288,2.044,27.719440937042236
-0.56,0.652,2.044,27.790706872940063
-0.3,0.404,2.044,27.86196494102478
-0.412,1.148,2.044,27.933225870132446
-0.296,0.432,2.044,28.004488945007324
-0.564,0.668,2.044,28.075750827789307
-0.384,0.46,2.044,28.147011041641235
-0.468,0.72,2.044,28.218271017074585
-0.248,0.596,2.044,28.28953194618225
-0.308,0.596,2.044,28.360787868499756
-0.416,0.54,2.044,28.432049989700317
-0.14,0.628,2.044,28.503325939178467
-0.284,0.556,2.044,28.574585914611816
-0.332,0.668,2.044,28.64587092399597
-0.128,0.636,2.044,28.717139959335327
-0.596,0.688,2.044,28.788409948349
-0.196,0.352,2.044,28.859922885894775
-0.516,0.728,2.044,28.931257963180542
-0.3,0.616,2.044,29.002535820007324
-0.204,0.692,2.044,29.07379698753357
-0.476,0.952,2.044,29.145056009292603
-0.536,0.932,2.044,29.216312885284424
-0.136,0.716,2.044,29.287580966949463
-0.348,1.028,2.044,29.358849048614502
-0.184,0.632,2.044,29.430110931396484
-0.336,0.6,2.044,29.50138282775879
-0.424,0.44,2.044,29.572726011276245
-0.296,1.128,2.044,29.643996000289917
-1.628,0.644,2.044,29.71526002883911
0.196,0.732,2.044,29.786528825759888
-0.908,1.12,2.044,29.857789993286133
-0.536,0.884,2.044,29.929046869277954
-0.352,0.68,2.044,30.00031089782715
-0.448,0.608,2.044,30.071566820144653
-0.264,0.648,2.044,30.142823934555054
-0.48,0.684,2.044,30.21408486366272
-0.524,0.728,2.044,30.285346031188965
-0.384,0.624,2.044,30.356855869293213
-0.544,0.684,2.044,30.428184032440186
-0.332,0.556,2.044,30.499461889266968
-0.6,0.688,2.044,30.570723056793213
-0.264,0.58,2.044,30.641990900039673
-0.364,0.468,2.044,30.713255882263184
-0.336,0.7,2.044,30.78452205657959
-0.212,0.344,2.044,30.85577893257141
-0.84,0.956,1.90.0,0.0,0.0,0.006464958190917969
-0.528,0.808,2.044,0.08326292037963867
-0.776,0.66,2.044,0.15483498573303223
-1.432,0.18,2.044,0.22634387016296387
-0.932,0.748,2.044,0.29783201217651367
-0.788,0.76,2.044,0.3693699836730957
-0.564,0.428,2.044,0.44090700149536133
-0.6,1.008,2.044,0.5124688148498535
-0.664,1.016,1.932,0.5838468074798584
-0.712,0.488,2.044,0.6552150249481201
-1.068,0.364,2.044,0.726632833480835
-0.996,0.968,2.044,0.798102855682373
-0.72,0.7,2.044,0.8695158958435059
-0.496,0.324,2.044,0.9409058094024658
-0.928,0.476,2.044,1.012260913848877
-1.304,1.476,2.044,1.083601951599121
-0.336,-0.872,2.044,1.154932975769043
-0.748,0.864,2.044,1.2262988090515137
-0.528,0.268,2.044,1.2976458072662354
-0.308,-0.06,2.044,1.3690259456634521
-0.516,0.404,2.044,1.4403760433197021
-0.224,1.512,2.044,1.5117299556732178
-1.112,1.616,1.876,1.5830998420715332
-0.796,0.12,2.044,1.6544649600982666
-0.764,0.704,2.044,1.7257988452911377
-0.552,0.38,2.044,1.7972309589385986
-0.592,0.316,2.044,1.8686869144439697
-0.948,0.616,2.044,1.9400949478149414
-0.984,0.82,2.044,2.0114939212799072
-0.984,0.668,2.044,2.0828988552093506
-0.712,0.496,2.044,2.154296875
-0.536,0.34,2.044,2.2256200313568115
-0.692,0.52,2.044,2.2969398498535156
-0.936,0.84,2.044,2.3682098388671875
-1.084,1.164,1.788,2.439523935317993
-0.664,-0.264,1.804,2.5108258724212646
-0.472,0.132,2.044,2.58221697807312
-0.86,0.92,2.044,2.6536309719085693
-1.488,-0.056,2.044,2.725005865097046
-0.692,0.74,2.044,2.7963860034942627
-0.604,0.34,2.044,2.8677430152893066
-0.788,0.676,2.044,2.9390909671783447
-1.148,0.736,2.044,3.0104379653930664
-0.892,0.504,2.044,3.0818018913269043
-0.844,0.324,2.044,3.153146982192993
-0.776,0.42,2.044,3.2245068550109863
-1.548,0.14,2.044,3.295898914337158
-2.048,1.676,0.88,3.3673908710479736
-1.316,0.908,2.044,3.43881893157959
-0.772,0.484,2.044,3.5102169513702393
-0.6,0.66,2.044,3.581591844558716
-1.036,0.092,2.044,3.652963876724243
-0.724,0.632,2.044,3.7243309020996094
-1.316,0.752,2.044,3.7957069873809814
-1.044,0.892,2.044,3.867095947265625
-0.768,0.576,2.044,3.9385058879852295
-0.544,0.34,2.044,4.010479927062988
-0.6,0.452,2.044,4.081833839416504
-0.908,0.82,2.044,4.153183937072754
-0.928,0.76,2.044,4.224597930908203
-0.768,0.568,2.044,4.29601788520813
-0.58,0.608,2.044,4.367405891418457
-0.752,1.012,2.044,4.438819885253906
-0.78,0.8,2.044,4.510248899459839
-1.068,0.224,2.044,4.581701993942261
-0.664,0.616,2.044,4.653102874755859
-0.56,0.64,2.044,4.724493026733398
-0.64,0.42,2.044,4.7960920333862305
-0.74,0.712,2.044,4.8677589893341064
-0.624,0.744,2.044,4.939466953277588
-0.744,0.8,2.044,5.011229991912842
-0.592,0.772,2.044,5.082682847976685
-0.904,0.66,2.044,5.15427303314209
-0.864,0.344,2.044,5.225944995880127
-0.8,0.452,2.044,5.297552824020386
-0.564,0.216,2.044,5.369221925735474
-2.048,1.848,0.612,5.440910816192627
-1.2,0.824,2.044,5.512450933456421
-0.828,-0.028,2.044,5.583837985992432
-0.864,0.504,2.044,5.655670881271362
-0.688,0.288,2.044,5.727285861968994
-0.656,0.564,2.044,5.798837900161743
-0.76,-1.988,1.96,5.870227813720703
1.22,-0.728,2.044,5.941630840301514
-0.12,1.26,2.044,6.012989044189453
-0.848,1.04,2.044,6.084322929382324
-0.876,0.576,2.044,6.155663967132568
-0.584,0.532,2.044,6.227069854736328
-0.684,0.748,2.044,6.298537015914917
-0.728,0.74,2.044,6.369935035705566
-0.712,0.632,2.044,6.441370964050293
-0.764,0.664,2.044,6.512840986251831
-0.84,0.764,2.044,6.584367990493774
-0.816,0.948,2.044,6.655871868133545
-0.776,0.668,2.044,6.727283954620361
-0.74,0.628,2.044,6.798712968826294
-0.72,0.76,2.044,6.8702099323272705
-1.4,0.78,2.044,6.941633939743042
-0.936,0.46,2.044,7.013063907623291
-0.672,0.724,2.044,7.084491014480591
-0.744,0.496,2.044,7.15571403503418
-1.2,0.904,2.044,7.226938009262085
-0.916,0.468,2.044,7.298095941543579
-0.732,0.308,2.044,7.369241952896118
-0.58,0.512,2.044,7.440392017364502
-2.048,1.724,0.868,7.511521816253662
-1.272,0.724,2.044,7.582631826400757
-0.9,0.86,2.044,7.653739929199219
-0.704,0.384,2.044,7.724848985671997
-0.784,0.772,2.044,7.7959959506988525
-0.984,0.76,2.044,7.86710786819458
-1.04,0.48,2.044,7.938212871551514
-0.796,0.62,2.044,8.009320974349976
-0.752,0.632,2.044,8.080530881881714
-0.708,0.676,2.044,8.151681900024414
-0.78,0.676,2.044,8.222795009613037
-0.652,0.564,2.044,8.293910026550293
-0.66,0.428,2.044,8.365280866622925
-0.756,0.74,2.044,8.436465978622437
-1.064,0.792,2.044,8.50757884979248
-0.836,0.836,2.044,8.578683853149414
-0.616,0.532,2.044,8.64979600906372
-0.64,0.42,2.044,8.72090482711792
-0.712,0.56,2.044,8.792019844055176
-0.708,0.708,2.044,8.863130807876587
-0.836,0.62,2.044,8.934263944625854
-0.796,0.732,2.044,9.005384922027588
-0.656,0.676,2.044,9.07659101486206
-0.608,0.644,2.044,9.14774489402771
-2.048,0.156,2.044,9.218871831893921
-0.868,0.708,2.044,9.289999961853027
-1.22,0.932,2.044,9.361112833023071
-0.94,0.5,2.044,9.432225942611694
-0.588,0.148,2.044,9.50334095954895
-0.58,0.236,2.044,9.574450016021729
-0.264,0.4,2.044,9.645561933517456
-2.048,0.804,1.764,9.716670989990234
-1.18,1.132,2.044,9.787946939468384
-0.84,0.192,2.044,9.859586954116821
-0.932,0.692,2.044,9.930951833724976
-0.624,0.396,2.044,10.002116918563843
-0.624,0.512,2.044,10.073323965072632
-1.16,0.536,2.044,10.14448094367981
-0.7,0.656,2.044,10.215592861175537
-0.8,0.72,2.044,10.286700963973999
-0.74,0.588,2.044,10.3578200340271
-0.64,0.46,2.044,10.428975820541382
-0.636,0.516,2.044,10.500332832336426
-0.828,0.724,2.044,10.571540832519531
-0.74,0.636,2.044,10.642674922943115
-0.784,0.776,2.044,10.71381402015686
-0.724,0.836,2.044,10.785017967224121
-0.536,0.34,2.044,10.856168985366821
-0.728,0.6,2.044,10.927517890930176
-1.356,0.744,2.044,10.998847007751465
-0.7,0.728,2.044,11.070199012756348
-0.588,0.524,2.044,11.141419887542725
-0.456,0.38,2.044,11.212564945220947
-0.704,0.784,2.044,11.283954858779907
-2.048,0.532,2.044,11.355352878570557
-1.04,0.94,2.044,11.426546812057495
-0.936,0.844,2.044,11.497660875320435
-0.852,0.488,2.044,11.568768978118896
-0.804,0.288,2.044,11.639875888824463
-0.628,0.064,2.044,11.710984945297241
-0.828,0.72,2.044,11.782100915908813
-1.012,1.212,2.044,11.853209018707275
-0.768,1.084,2.044,11.924320936203003
-1.304,0.388,2.044,11.99542784690857
-0.78,0.616,2.044,12.06653094291687
-0.556,0.404,2.044,12.137912034988403
-0.74,0.592,2.044,12.209138870239258
-1.088,0.744,2.044,12.280251026153564
-0.832,0.824,2.044,12.35137391090393
-0.772,0.656,2.044,12.422508001327515
-0.592,0.456,2.044,12.49362587928772
-0.532,0.376,2.044,12.564728021621704
-0.72,0.692,2.044,12.635831832885742
-0.912,0.812,2.044,12.70694088935852
-0.976,0.56,2.044,12.778061866760254
-0.724,0.572,2.044,12.84941291809082
-0.56,0.52,2.044,12.920593023300171
-0.744,0.876,2.032,12.991699934005737
-0.576,0.436,2.044,13.062809944152832
-2.048,0.172,2.044,13.133914947509766
-0.7,0.716,2.044,13.205018997192383
-0.76,0.896,2.044,13.276122808456421
-0.716,0.744,2.044,13.347237825393677
-0.94,0.456,2.044,13.418351888656616
-0.844,0.44,2.044,13.489459991455078
-0.66,0.516,2.044,13.560567855834961
-1.06,0.512,2.044,13.631673812866211
-0.804,0.644,2.044,13.70278286933899
-0.804,0.792,2.044,13.773892879486084
-1.46,0.452,1.752,13.844998836517334
-1.052,0.388,2.044,13.916102886199951
-0.7,0.7,2.044,13.987206935882568
-0.572,0.412,2.044,14.058308839797974
-0.656,0.532,2.044,14.12941598892212
-0.788,0.796,2.044,14.200522899627686
-0.996,0.696,2.044,14.271631002426147
-0.728,0.52,2.044,14.342973947525024
-0.548,0.388,2.044,14.414167881011963
-0.776,0.804,2.044,14.485280990600586
-0.848,0.768,2.044,14.556389808654785
-0.948,0.376,2.044,14.627496004104614
-0.788,0.716,2.044,14.698601007461548
-0.592,0.596,2.044,14.769847869873047
-0.596,0.672,2.044,14.841117858886719
-0.808,0.892,2.044,14.91241192817688
-0.816,0.612,2.044,14.983749866485596
-0.844,0.68,2.044,15.055033922195435
-1.14,0.068,2.044,15.126300811767578
-0.608,0.6,2.044,15.197564840316772
-1.624,-0.048,2.044,15.268833875656128
-0.82,0.828,2.044,15.340113878250122
-1.268,0.044,2.044,15.411386013031006
-1.1,0.492,2.044,15.482697010040283
-0.988,0.4,2.044,15.553969860076904
-0.776,0.448,2.044,15.62523603439331
-0.564,0.164,2.044,15.696545839309692
-1.976,0.364,2.044,15.76783299446106
-1.492,1.884,1.232,15.839103937149048
-1.38,0.22,2.044,15.910671949386597
-1.192,1.28,1.976,15.982045888900757
-1.268,0.52,2.044,16.053319931030273
-0.908,0.576,2.044,16.12458896636963
-0.816,-0.068,2.044,16.19585680961609
-0.772,0.548,2.044,16.267120838165283
-0.704,0.46,2.044,16.338388919830322
-0.804,0.6,2.044,16.409669876098633
-1.208,0.748,2.044,16.480944871902466
-0.82,0.628,2.044,16.552218914031982
0.02,0.456,2.044,16.623487949371338
-0.424,0.464,2.044,16.694772958755493
-1.0,0.268,1.968,16.76607894897461
-0.572,1.0,2.044,16.83736801147461
-0.248,-0.344,2.044,16.908646821975708
-0.096,0.208,2.044,16.979918956756592
-0.768,0.584,2.044,17.051187992095947
-0.876,0.788,1.92,17.122463941574097
-0.536,0.212,2.044,17.193737030029297
-0.596,0.88,2.044,17.265009880065918
-0.824,0.732,2.044,17.336293935775757
-1.032,0.876,2.044,17.407842874526978
-0.588,0.564,2.044,17.47918391227722
-1.7,-0.34,2.044,17.550462007522583
-0.668,0.74,2.044,17.62173295021057
-1.476,0.94,2.044,17.69300103187561
-0.932,0.412,2.044,17.764282941818237
-0.816,0.36,2.044,17.83555793762207
-0.912,0.468,2.044,17.90682601928711
-1.128,0.692,2.044,17.978157997131348
-1.812,0.356,2.044,18.049432039260864
-0.996,0.804,2.044,18.120702981948853
-0.824,0.688,2.044,18.191978931427002
-0.856,0.712,2.044,18.263269901275635
-0.856,0.736,2.044,18.33454203605652
-1.364,0.16,2.044,18.40581202507019
-0.676,0.644,2.044,18.4770770072937
-0.632,-0.204,2.044,18.54834794998169
-0.604,0.416,2.044,18.619621992111206
-1.8,1.216,2.044,18.690894842147827
-1.072,1.12,2.044,18.762173891067505
-0.636,0.66,2.044,18.83344602584839
-0.484,0.308,2.044,18.90499186515808
-0.488,0.436,2.044,18.97632598876953
-0.856,0.948,2.044,19.04759693145752
-0.964,0.88,2.044,19.118867874145508
-0.996,0.756,2.044,19.19014286994934
-0.824,0.896,2.044,19.261416912078857
-0.66,0.792,2.044,19.332682847976685
-0.712,0.648,2.044,19.403952836990356
-0.776,0.44,2.044,19.47521996498108
-0.748,0.652,2.044,19.546489000320435
-0.616,0.668,2.044,19.617756843566895
-0.752,0.612,2.044,19.68910503387451
-0.884,0.612,2.044,19.760401010513306
-0.772,0.788,2.044,19.8316810131073
-1.024,0.856,2.044,19.90294885635376
-0.668,0.728,2.044,19.97421383857727
                                                                                                                                                                                                                                                                                                                                                                                                                                                                                                               